{
  "type": "FeatureCollection",
  "coordinate_system": {
    "kind": "local_game_meters",
    "not_wgs84": true,
    "axes": {
      "geojson_x": "local_east_m",
      "geojson_y": "local_north_m"
    },
    "game_axes": {
      "x": "east_m",
      "y": "elevation_m",
      "z": "negative_north_m"
    },
    "local_origin": {
      "easting_m": 675422.0349412871,
      "northing_m": 4828388.647462899,
      "longitude": -72.8270000418769,
      "latitude": 43.58781981904106
    },
    "projected_crs": "EPSG:32618",
    "note": "This is not RFC 7946 WGS84 GeoJSON. Convert X,Y to game X,Z via game_axes."
  },
  "attribution": "\u00a9 OpenStreetMap contributors (ODbL)",
  "layer": "forest",
  "features": [
    {
      "type": "Feature",
      "geometry": {
        "type": "MultiPolygon",
        "coordinates": [
          [
            [
              [
                4943.737183376448,
                2675.5913280639797
              ],
              [
                4928.966608215938,
                2697.789467585273
              ],
              [
                4969.450582173769,
                2731.078060465865
              ],
              [
                4987.910318322713,
                2782.412826775573
              ],
              [
                5020.453688279027,
                2816.0547927040607
              ],
              [
                5073.487430968089,
                2846.2921850308776
              ],
              [
                5101.550023830263,
                2839.0757789956406
              ],
              [
                5076.310737802996,
                2838.8645424060524
              ],
              [
                5071.91464655695,
                2837.7662633974105
              ],
              [
                5067.396616672282,
                2830.428381864913
              ],
              [
                5013.0578865618445,
                2753.8862372124568
              ],
              [
                5011.112276281114,
                2751.253025578335
              ],
              [
                4975.266078045126,
                2704.64044704102
              ],
              [
                4968.197898150771,
                2667.3650486292318
              ],
              [
                4943.737183376448,
                2675.5913280639797
              ]
            ]
          ],
          [
            [
              [
                5207.574933568016,
                2751.042416007258
              ],
              [
                5258.712174623157,
                2667.137326934375
              ],
              [
                5247.483271430829,
                2679.382546122186
              ],
              [
                5242.194020988303,
                2685.7533373320475
              ],
              [
                5237.381487768493,
                2692.8039120063186
              ],
              [
                5233.093204838573,
                2700.464630424045
              ],
              [
                5207.503236648277,
                2751.1210048813373
              ],
              [
                5207.574933568016,
                2751.042416007258
              ]
            ]
          ],
          [
            [
              [
                4234.382158991299,
                1406.5612336918712
              ],
              [
                4236.699168843566,
                1436.943520212546
              ],
              [
                4261.39850394777,
                1408.5068443212658
              ],
              [
                4271.885142186424,
                1398.7016613474116
              ],
              [
                4234.382158991299,
                1406.5612336918712
              ]
            ]
          ],
          [
            [
              [
                3816.0539591904962,
                1790.7326084636152
              ],
              [
                3902.613062095479,
                1865.56951644551
              ],
              [
                3991.213459848892,
                1924.424247218296
              ],
              [
                4057.230800267076,
                1972.4056658213958
              ],
              [
                4149.385670060408,
                2042.5833997912705
              ],
              [
                4239.186754493043,
                2080.2897762404755
              ],
              [
                4334.0899455929175,
                2180.063846751116
              ],
              [
                4377.20428088156,
                2301.556489771232
              ],
              [
                4392.880008880282,
                2353.325818065554
              ],
              [
                4424.157253905665,
                2399.723321735859
              ],
              [
                4476.058582560858,
                2409.785869630985
              ],
              [
                4564.61756577529,
                2433.659505196847
              ],
              [
                4660.310475765145,
                2419.5479067033157
              ],
              [
                4761.620155678713,
                2448.2571383947507
              ],
              [
                4823.388717936818,
                2534.310706363991
              ],
              [
                4839.672880532336,
                2479.5654117055237
              ],
              [
                4883.681733047939,
                2507.3798531834036
              ],
              [
                4902.177259419928,
                2550.2349022161216
              ],
              [
                4874.391658057575,
                2577.406731804833
              ],
              [
                4887.391628844431,
                2620.40284659341
              ],
              [
                4948.771287464886,
                2593.166169391945
              ],
              [
                4909.961323037394,
                2477.68385218177
              ],
              [
                4906.520952421357,
                2468.7389510534704
              ],
              [
                4902.40717674105,
                2460.3599008098245
              ],
              [
                4897.665925105801,
                2452.6402544472367
              ],
              [
                4838.951009104843,
                2366.8571007866412
              ],
              [
                4834.126411334379,
                2360.4671771023422
              ],
              [
                4828.869012464769,
                2354.756324755959
              ],
              [
                4823.2276056129485,
                2349.7775453263894
              ],
              [
                4817.25454823242,
                2345.577046185732
              ],
              [
                4811.005276154843,
                2342.193811621517
              ],
              [
                4804.537789038965,
                2339.6592410095036
              ],
              [
                4666.461569000618,
                2295.401257981546
              ],
              [
                4660.000467981445,
                2293.7693464886397
              ],
              [
                4653.445936286356,
                2292.981620086357
              ],
              [
                4646.85584886861,
                2293.045034029521
              ],
              [
                4559.999780031503,
                2299.4977076221257
              ],
              [
                4491.0021346621215,
                2289.279838522896
              ],
              [
                4472.976923377602,
                2258.752895140089
              ],
              [
                4453.357777576195,
                2160.3723722817376
              ],
              [
                4451.103716008714,
                2151.005715250969
              ],
              [
                4448.15820729488,
                2142.0237222751603
              ],
              [
                4444.552386389696,
                2133.5213427003473
              ],
              [
                4440.324368969887,
                2125.5884560141712
              ],
              [
                4435.518848573207,
                2118.3089216938242
              ],
              [
                4430.186624175287,
                2111.75969267264
              ],
              [
                4424.38406319567,
                2106.010001834482
              ],
              [
                4418.172505615046,
                2101.120630090125
              ],
              [
                4187.179674654384,
                1940.6960989758372
              ],
              [
                4029.616499237367,
                1811.568369736895
              ],
              [
                4024.5947540142806,
                1807.833409441635
              ],
              [
                4019.3602371357847,
                1804.6822621272877
              ],
              [
                3859.1949180968804,
                1718.9764215359464
              ],
              [
                3816.0539591904962,
                1790.7326084636152
              ]
            ]
          ]
        ]
      },
      "properties": {
        "id": "forest:way:20058595",
        "tags": {
          "type": "multipolygon",
          "natural": "wood",
          "winter_sports_id": "1228774360",
          "winter_sports_name": "Killington Resort",
          "State": "Vermont",
          "Country": "United States of America",
          "Ski Area": "Killington Resort",
          "region": "north-america/us/vermont"
        },
        "natural": "wood"
      }
    },
    {
      "type": "Feature",
      "geometry": {
        "type": "Polygon",
        "coordinates": [
          [
            [
              2101.018116905936,
              4325.253090864047
            ],
            [
              2084.633912339923,
              4354.604974263348
            ],
            [
              2072.1103616442997,
              4369.588457437232
            ],
            [
              2058.1563668510644,
              4389.502121284604
            ],
            [
              2051.7660085590323,
              4401.8474047947675
            ],
            [
              2037.7730744163273,
              4407.089253937826
            ],
            [
              2023.9092474406352,
              4407.155309312046
            ],
            [
              2003.5031461805338,
              4425.608846053481
            ],
            [
              2126.047462863149,
              4412.285623642616
            ],
            [
              2121.794688818394,
              4394.856839062646
            ],
            [
              2124.211721763946,
              4377.993900499307
            ],
            [
              2132.0911390203983,
              4349.383534768596
            ],
            [
              2135.8259225826478,
              4330.932857329026
            ],
            [
              2118.1285259356955,
              4324.850919287652
            ],
            [
              2104.771262412076,
              4322.551795678213
            ],
            [
              2101.018116905936,
              4325.253090864047
            ]
          ]
        ]
      },
      "properties": {
        "id": "forest:way:312913765",
        "tags": {
          "natural": "wood",
          "winter_sports_id": "1228774360",
          "winter_sports_name": "Killington Resort",
          "State": "Vermont",
          "Country": "United States of America",
          "Ski Area": "Killington Resort",
          "region": "north-america/us/vermont"
        },
        "natural": "wood"
      }
    },
    {
      "type": "Feature",
      "geometry": {
        "type": "Polygon",
        "coordinates": [
          [
            [
              746.887457262259,
              4300.716793129221
            ],
            [
              691.5343760156538,
              4281.133637920953
            ],
            [
              647.7352809549775,
              4267.033920015208
            ],
            [
              610.1280181092443,
              4264.311412509531
            ],
            [
              567.6390702656936,
              4265.784212237224
            ],
            [
              521.3147375102853,
              4265.433819441125
            ],
            [
              513.3738061832264,
              4270.837810469791
            ],
            [
              505.4104201783193,
              4277.097007080913
            ],
            [
              507.8722978887381,
              4282.340862903744
            ],
            [
              519.9108498629648,
              4285.680193661712
            ],
            [
              548.501892589964,
              4285.56455846224
            ],
            [
              567.2423917908454,
              4280.877875340171
            ],
            [
              588.5774565910688,
              4276.692889748141
            ],
            [
              608.1213187029352,
              4274.617024517618
            ],
            [
              630.7325885632308,
              4271.332620229572
            ],
            [
              649.6933471630327,
              4274.854178525507
            ],
            [
              660.7100136152003,
              4284.201867738739
            ],
            [
              674.6612599551445,
              4297.083242084831
            ],
            [
              688.6919019143097,
              4306.943693078123
            ],
            [
              700.382196458173,
              4307.251152219251
            ],
            [
              718.009724551579,
              4312.038199536502
            ],
            [
              731.6354692999739,
              4321.0211928691715
            ],
            [
              741.7350437451387,
              4332.078706600703
            ],
            [
              753.5577641149284,
              4343.615023818798
            ],
            [
              762.6692360440502,
              4359.392314192839
            ],
            [
              774.4807652693707,
              4371.350716363639
            ],
            [
              788.9125710608205,
              4382.522305294871
            ],
            [
              803.8141849688254,
              4392.4059374844655
            ],
            [
              817.8444412285462,
              4402.266671554185
            ],
            [
              842.2883843855234,
              4411.5457625743
            ],
            [
              868.5496898868587,
              4417.4162919241935
            ],
            [
              893.2321502220584,
              4417.632707112469
            ],
            [
              913.7185477736639,
              4412.559517039917
            ],
            [
              925.6087624313077,
              4403.736808837391
            ],
            [
              927.5130691474769,
              4398.563307520002
            ],
            [
              923.3625063180225,
              4384.4946222240105
            ],
            [
              910.6723391161067,
              4363.91045022849
            ],
            [
              898.7786759164883,
              4354.772627521306
            ],
            [
              856.5820998767158,
              4345.45943106059
            ],
            [
              787.566787220072,
              4318.613922498189
            ],
            [
              746.887457262259,
              4300.716793129221
            ]
          ]
        ]
      },
      "properties": {
        "id": "forest:way:313472553",
        "tags": {
          "natural": "wood",
          "winter_sports_id": "1228774360",
          "winter_sports_name": "Killington Resort",
          "State": "Vermont",
          "Country": "United States of America",
          "Ski Area": "Killington Resort",
          "region": "north-america/us/vermont"
        },
        "natural": "wood"
      }
    },
    {
      "type": "Feature",
      "geometry": {
        "type": "Polygon",
        "coordinates": [
          [
            [
              504.56296498689335,
              4210.401178566739
            ],
            [
              487.5202768704621,
              4208.230780843645
            ],
            [
              476.68754769291263,
              4208.157396411523
            ],
            [
              471.5872906361474,
              4212.991436583921
            ],
            [
              471.21659215621185,
              4218.805493073538
            ],
            [
              476.63047696324065,
              4226.927629123442
            ],
            [
              481.2546004684409,
              4232.228269021027
            ],
            [
              484.03898469370324,
              4241.792860441841
            ],
            [
              484.50294876354747,
              4248.718025271781
            ],
            [
              491.20406216417905,
              4249.327507489361
            ],
            [
              498.31918095448054,
              4242.167993851006
            ],
            [
              509.1865238129394,
              4232.317422390915
            ],
            [
              516.6721253878204,
              4219.354978241026
            ],
            [
              515.515001844964,
              4213.923117939383
            ],
            [
              504.56296498689335,
              4210.401178566739
            ]
          ]
        ]
      },
      "properties": {
        "id": "forest:way:313472554",
        "tags": {
          "natural": "wood",
          "winter_sports_id": "1228774360",
          "winter_sports_name": "Killington Resort",
          "State": "Vermont",
          "Country": "United States of America",
          "Ski Area": "Killington Resort",
          "region": "north-america/us/vermont"
        },
        "natural": "wood"
      }
    },
    {
      "type": "Feature",
      "geometry": {
        "type": "Polygon",
        "coordinates": [
          [
            [
              886.8055373136885,
              4242.248921576887
            ],
            [
              886.96060399618,
              4252.611390246078
            ],
            [
              890.2555935773998,
              4275.571061677299
            ],
            [
              892.4221169006778,
              4292.021475319751
            ],
            [
              900.9580716288183,
              4313.396458928473
            ],
            [
              911.8296937885461,
              4327.931073635817
            ],
            [
              922.2853731401265,
              4342.0101890852675
            ],
            [
              933.2331207509851,
              4353.957251091488
            ],
            [
              945.8928755221423,
              4366.805214645341
            ],
            [
              959.6008460719604,
              4372.345471751876
            ],
            [
              977.2817621616414,
              4375.400817928836
            ],
            [
              992.7131410775473,
              4381.408883569762
            ],
            [
              1008.784409291693,
              4379.676161014475
            ],
            [
              1024.5792341935448,
              4371.890087382868
            ],
            [
              1038.3254915034631,
              4359.737768819556
            ],
            [
              1051.5904760396807,
              4349.306602213532
            ],
            [
              1064.060742476373,
              4336.253799421713
            ],
            [
              1076.8870943551883,
              4326.233456389047
            ],
            [
              1088.9443306946196,
              4312.314017950557
            ],
            [
              1106.3680121159414,
              4292.056505056098
            ],
            [
              1120.10345190519,
              4280.32639185898
            ],
            [
              1129.771136742318,
              4274.979732419364
            ],
            [
              1132.952541181934,
              4269.4509547566995
            ],
            [
              1130.513973938534,
              4263.340552285314
            ],
            [
              1122.372423655237,
              4260.102850353345
            ],
            [
              1102.4947894265642,
              4258.289585523307
            ],
            [
              1078.6148330987198,
              4260.6831849794835
            ],
            [
              1055.6095791818807,
              4262.666467874311
            ],
            [
              1028.2379336081212,
              4265.824016507715
            ],
            [
              998.4125870111166,
              4263.74894741457
            ],
            [
              976.8006445086794,
              4261.879251305945
            ],
            [
              958.207474973402,
              4260.9560413733125
            ],
            [
              942.2947776131332,
              4256.658090684563
            ],
            [
              919.1607114874059,
              4246.979702917859
            ],
            [
              899.8549603009596,
              4240.002909785137
            ],
            [
              890.781882203999,
              4239.330565775745
            ],
            [
              886.8055373136885,
              4242.248921576887
            ]
          ]
        ]
      },
      "properties": {
        "id": "forest:way:313472555",
        "tags": {
          "natural": "wood",
          "winter_sports_id": "1228774360",
          "winter_sports_name": "Killington Resort",
          "State": "Vermont",
          "Country": "United States of America",
          "Ski Area": "Killington Resort",
          "region": "north-america/us/vermont"
        },
        "natural": "wood"
      }
    },
    {
      "type": "Feature",
      "geometry": {
        "type": "Polygon",
        "coordinates": [
          [
            [
              790.543176277657,
              4246.617047354579
            ],
            [
              762.4217622298747,
              4245.44366245158
            ],
            [
              729.930366913206,
              4245.889246413484
            ],
            [
              702.8197360676713,
              4239.130064717494
            ],
            [
              669.0635660394328,
              4238.242327139713
            ],
            [
              639.1394838978304,
              4239.61165054515
            ],
            [
              615.7634139625588,
              4239.430549074896
            ],
            [
              590.2737116838107,
              4237.037834103219
            ],
            [
              568.6274907090701,
              4236.468914758414
            ],
            [
              546.542288110475,
              4236.321980562061
            ],
            [
              532.2620763969608,
              4235.946744654328
            ],
            [
              528.6197184958728,
              4242.752906148322
            ],
            [
              527.1509456236381,
              4249.1827292162925
            ],
            [
              538.7652661351021,
              4252.077493675053
            ],
            [
              559.0897362233372,
              4253.478485191241
            ],
            [
              577.7395497858524,
              4252.245934410021
            ],
            [
              598.9955967826536,
              4251.07082701195
            ],
            [
              619.3006125683896,
              4252.904940895736
            ],
            [
              641.3743837919319,
              4253.485268032178
            ],
            [
              659.0784951443784,
              4255.673457664438
            ],
            [
              687.1123446758138,
              4259.867151341401
            ],
            [
              711.6706151877297,
              4264.825334716588
            ],
            [
              733.9871924172621,
              4272.747684365138
            ],
            [
              760.1696412957972,
              4281.638723746873
            ],
            [
              790.2148992436705,
              4291.9207563735545
            ],
            [
              813.3261670329375,
              4302.465001714416
            ],
            [
              842.4512866891455,
              4314.879206184298
            ],
            [
              862.1955718041863,
              4321.445050700568
            ],
            [
              879.395667841658,
              4326.210164043121
            ],
            [
              885.2883252099855,
              4327.165528025478
            ],
            [
              887.7115584907588,
              4324.973157418892
            ],
            [
              886.912597993738,
              4320.361977583729
            ],
            [
              877.0401385264704,
              4300.685633649118
            ],
            [
              872.7603426930727,
              4282.01233187411
            ],
            [
              862.8196529493434,
              4264.923815408722
            ],
            [
              848.4672126360238,
              4250.731118817814
            ],
            [
              823.0456961822929,
              4245.749712268822
            ],
            [
              790.543176277657,
              4246.617047354579
            ]
          ]
        ]
      },
      "properties": {
        "id": "forest:way:313472556",
        "tags": {
          "natural": "wood",
          "winter_sports_id": "1228774360",
          "winter_sports_name": "Killington Resort",
          "State": "Vermont",
          "Country": "United States of America",
          "Ski Area": "Killington Resort",
          "region": "north-america/us/vermont"
        },
        "natural": "wood"
      }
    },
    {
      "type": "Feature",
      "geometry": {
        "type": "Polygon",
        "coordinates": [
          [
            [
              585.8989268242149,
              4195.222669654526
            ],
            [
              600.6829204431269,
              4193.021667039953
            ],
            [
              633.1745282554766,
              4192.575449187309
            ],
            [
              668.6541473305551,
              4193.941763027571
            ],
            [
              699.8432136253687,
              4193.906182252802
            ],
            [
              728.817012166488,
              4195.524050845765
            ],
            [
              750.902378350147,
              4195.671582126059
            ],
            [
              777.7475594134303,
              4195.955538263544
            ],
            [
              804.6044351926539,
              4195.795344108716
            ],
            [
              832.7635948325042,
              4195.236081940122
            ],
            [
              848.7557235346176,
              4196.523918400519
            ],
            [
              853.1449431320652,
              4194.48331106361
            ],
            [
              854.5573225516127,
              4190.208201575093
            ],
            [
              851.7056047269143,
              4183.2201382434
            ],
            [
              848.3350642299047,
              4179.686032598838
            ],
            [
              840.5755841092905,
              4178.18143523857
            ],
            [
              829.4308149104472,
              4174.009266511537
            ],
            [
              819.1187343596248,
              4170.714820410125
            ],
            [
              807.9433675239561,
              4167.397672306746
            ],
            [
              797.959171531722,
              4160.233054322191
            ],
            [
              791.727845719899,
              4158.33527692128
            ],
            [
              780.5068584918045,
              4156.750781331211
            ],
            [
              769.7671255959431,
              4153.44516161643
            ],
            [
              759.867870462127,
              4151.028574121185
            ],
            [
              748.7005142429844,
              4147.711738981307
            ],
            [
              739.3311073530931,
              4141.4191751256585
            ],
            [
              728.3565413878532,
              4130.772120156325
            ],
            [
              716.0974075307604,
              4119.2355103679
            ],
            [
              702.0211123122135,
              4111.096514035948
            ],
            [
              686.1648751207395,
              4104.63343074359
            ],
            [
              668.8846528136637,
              4102.88978868071
            ],
            [
              653.7522529003909,
              4102.058450620621
            ],
            [
              641.1416703449795,
              4103.883037373424
            ],
            [
              631.0723724033451,
              4107.930595059879
            ],
            [
              617.462181182229,
              4114.919240866788
            ],
            [
              607.7719538430683,
              4121.132935942151
            ],
            [
              602.4742399469251,
              4124.8725106539205
            ],
            [
              597.5780511763878,
              4129.922995047644
            ],
            [
              593.0947740756674,
              4135.851236816496
            ],
            [
              587.7176800288726,
              4142.611776031554
            ],
            [
              579.7879376570927,
              4147.582541694865
            ],
            [
              574.0623633263167,
              4151.322006125934
            ],
            [
              566.5344566295389,
              4157.59258469101
            ],
            [
              562.5240689293714,
              4161.810584146529
            ],
            [
              560.1692101889057,
              4169.084017057903
            ],
            [
              558.2419593669474,
              4176.368687683716
            ],
            [
              555.4822714475449,
              4182.764582307078
            ],
            [
              553.9337862897664,
              4192.226460038684
            ],
            [
              557.7545427369187,
              4194.916453897022
            ],
            [
              568.1122251130873,
              4196.477889478207
            ],
            [
              585.8989268242149,
              4195.222669654526
            ]
          ]
        ]
      },
      "properties": {
        "id": "forest:way:313507752",
        "tags": {
          "natural": "wood",
          "winter_sports_id": "1228774360",
          "winter_sports_name": "Killington Resort",
          "State": "Vermont",
          "Country": "United States of America",
          "Ski Area": "Killington Resort",
          "region": "north-america/us/vermont"
        },
        "natural": "wood"
      }
    },
    {
      "type": "Feature",
      "geometry": {
        "type": "Polygon",
        "coordinates": [
          [
            [
              902.2460311829345,
              4188.4406470973045
            ],
            [
              912.8607746611815,
              4196.488936308771
            ],
            [
              930.0416946775513,
              4201.6871096696705
            ],
            [
              957.3342554590199,
              4201.53900153935
            ],
            [
              992.3214233387262,
              4205.05020904541
            ],
            [
              1020.9015163620934,
              4205.369731233455
            ],
            [
              1054.415409052046,
              4198.917500265874
            ],
            [
              1084.4876929476159,
              4191.94126723893
            ],
            [
              1112.1850977867143,
              4192.671362418681
            ],
            [
              1134.2816621111706,
              4192.398112315685
            ],
            [
              1152.8070833112579,
              4195.898502267897
            ],
            [
              1169.681956056389,
              4196.776930508204
            ],
            [
              1191.3428484398173,
              4196.49238011241
            ],
            [
              1219.3508229613071,
              4201.976864001714
            ],
            [
              1242.1858357549645,
              4206.458089959808
            ],
            [
              1258.938918777625,
              4211.645834195428
            ],
            [
              1280.5314984763972,
              4213.949376537465
            ],
            [
              1308.6305050274823,
              4215.980131546967
            ],
            [
              1330.268793785479,
              4216.551228670403
            ],
            [
              1358.3563512460096,
              4219.01534460485
            ],
            [
              1376.9802904033568,
              4219.084679498337
            ],
            [
              1402.9089860884706,
              4221.058532971889
            ],
            [
              1423.1311521028401,
              4226.338299757801
            ],
            [
              1437.2973349207314,
              4231.035844808444
            ],
            [
              1454.2212578973267,
              4229.749022177421
            ],
            [
              1473.7996961638564,
              4226.387322256342
            ],
            [
              1484.0180002098205,
              4221.300211482681
            ],
            [
              1488.3534463102696,
              4216.41335339658
            ],
            [
              1488.5470977310324,
              4209.083095695823
            ],
            [
              1482.1971646401798,
              4203.736127691343
            ],
            [
              1468.9625810286961,
              4196.473489040509
            ],
            [
              1454.4516089420067,
              4188.321371719241
            ],
            [
              1440.8150266601006,
              4179.770041552372
            ],
            [
              1424.4067270152736,
              4178.036345938221
            ],
            [
              1409.1980950228171,
              4179.790883673355
            ],
            [
              1391.7589188284473,
              4184.076168081723
            ],
            [
              1373.983060933766,
              4184.9072086028755
            ],
            [
              1358.4266081826063,
              4183.629617447965
            ],
            [
              1340.847611358622,
              4176.697124826722
            ],
            [
              1324.5644608541625,
              4170.221220949665
            ],
            [
              1307.7998822125373,
              4165.466465991922
            ],
            [
              1290.9101370114367,
              4165.454207641073
            ],
            [
              1271.3430736007867,
              4168.383292656392
            ],
            [
              1255.3620374215534,
              4166.672402093187
            ],
            [
              1236.6922638372052,
              4168.336015610956
            ],
            [
              1217.6288804761134,
              4168.700053684413
            ],
            [
              1206.7299842758803,
              4171.435634852387
            ],
            [
              1195.9678926375927,
              4168.984521710314
            ],
            [
              1183.6073682246497,
              4161.323181193322
            ],
            [
              1163.586213900824,
              4148.714105507359
            ],
            [
              1149.0179880728247,
              4142.71731490083
            ],
            [
              1128.4699775959598,
              4133.550965812989
            ],
            [
              1112.8905529073672,
              4133.140252561308
            ],
            [
              1103.2599984070985,
              4136.765228588134
            ],
            [
              1085.2455136160133,
              4146.6487924540415
            ],
            [
              1073.4037488572067,
              4152.382789975032
            ],
            [
              1069.3022823368665,
              4160.043494311161
            ],
            [
              1057.2935553925345,
              4171.808108030818
            ],
            [
              1040.6920298929326,
              4177.405611207709
            ],
            [
              1023.7795258640544,
              4178.260328331962
            ],
            [
              1008.1888004370267,
              4178.283007168211
            ],
            [
              994.8627079337602,
              4174.47542686481
            ],
            [
              977.374349637772,
              4164.089794379659
            ],
            [
              961.6091561507201,
              4154.183048793115
            ],
            [
              944.9238907806575,
              4146.408256901428
            ],
            [
              929.9053634336451,
              4141.255883366801
            ],
            [
              917.7982744799228,
              4140.51472695265
            ],
            [
              896.0805321818916,
              4142.954817396589
            ],
            [
              876.5361543371109,
              4145.029855845496
            ],
            [
              863.4214795334265,
              4149.441462726332
            ],
            [
              855.4542752724374,
              4156.133619533852
            ],
            [
              856.9878749474883,
              4163.509323632345
            ],
            [
              866.2698461312102,
              4172.811691280454
            ],
            [
              880.3878119911533,
              4179.662907329388
            ],
            [
              902.2460311829345,
              4188.4406470973045
            ]
          ]
        ]
      },
      "properties": {
        "id": "forest:way:313507753",
        "tags": {
          "natural": "wood",
          "winter_sports_id": "1228774360",
          "winter_sports_name": "Killington Resort",
          "State": "Vermont",
          "Country": "United States of America",
          "Ski Area": "Killington Resort",
          "region": "north-america/us/vermont"
        },
        "natural": "wood"
      }
    },
    {
      "type": "Feature",
      "geometry": {
        "type": "Polygon",
        "coordinates": [
          [
            [
              678.6124290406005,
              4263.18902574759
            ],
            [
              677.8073208053829,
              4262.489891468547
            ],
            [
              676.8168329221662,
              4262.085963784717
            ],
            [
              675.7608155709459,
              4262.024851013906
            ],
            [
              674.7280156969791,
              4262.3088869592175
            ],
            [
              673.8486879334087,
              4262.897040379234
            ],
            [
              673.2046794822672,
              4263.747007019818
            ],
            [
              672.871521934052,
              4264.749631763436
            ],
            [
              672.8760473952862,
              4265.805593009107
            ],
            [
              673.2208842859836,
              4266.814932728186
            ],
            [
              673.8689057782758,
              4267.654419235885
            ],
            [
              674.7579052969813,
              4268.233503738418
            ],
            [
              675.8164402340772,
              4268.505851066671
            ],
            [
              676.9004571294645,
              4268.423216538504
            ],
            [
              677.8970057966653,
              4267.982629843056
            ],
            [
              678.6916756307473,
              4267.236652843654
            ],
            [
              679.2014512143796,
              4266.272015386261
            ],
            [
              679.3588686262956,
              4265.198084553704
            ],
            [
              679.1529390683863,
              4264.125712647103
            ],
            [
              678.6124290406005,
              4263.18902574759
            ]
          ]
        ]
      },
      "properties": {
        "id": "forest:way:313508187",
        "tags": {
          "natural": "wood",
          "winter_sports_id": "1228774360",
          "winter_sports_name": "Killington Resort",
          "State": "Vermont",
          "Country": "United States of America",
          "Ski Area": "Killington Resort",
          "region": "north-america/us/vermont"
        },
        "natural": "wood"
      }
    },
    {
      "type": "Feature",
      "geometry": {
        "type": "Polygon",
        "coordinates": [
          [
            [
              690.5495001134695,
              4265.781349895522
            ],
            [
              689.6898521257099,
              4265.314176475629
            ],
            [
              688.7257950332714,
              4265.133224687539
            ],
            [
              687.761335210409,
              4265.274572223425
            ],
            [
              686.8858037119498,
              4265.718340127729
            ],
            [
              686.1974756802665,
              4266.411542223766
            ],
            [
              685.7707145911409,
              4267.289449341595
            ],
            [
              685.6481964660343,
              4268.2642707154155
            ],
            [
              685.8331341175362,
              4269.213835402392
            ],
            [
              686.3195041447179,
              4270.060186114162
            ],
            [
              687.0531680119457,
              4270.712986089289
            ],
            [
              687.9955388606759,
              4271.104535829276
            ],
            [
              689.0112153746886,
              4271.164589677937
            ],
            [
              689.9956073649228,
              4270.879282871261
            ],
            [
              690.8184605101123,
              4270.289646282792
            ],
            [
              691.4134792465484,
              4269.460621085018
            ],
            [
              691.6892879770603,
              4268.489831251092
            ],
            [
              691.6274140400346,
              4267.465703973547
            ],
            [
              691.2321279345779,
              4266.532835275866
            ],
            [
              690.5495001134695,
              4265.781349895522
            ]
          ]
        ]
      },
      "properties": {
        "id": "forest:way:313508189",
        "tags": {
          "natural": "wood",
          "winter_sports_id": "1228774360",
          "winter_sports_name": "Killington Resort",
          "State": "Vermont",
          "Country": "United States of America",
          "Ski Area": "Killington Resort",
          "region": "north-america/us/vermont"
        },
        "natural": "wood"
      }
    },
    {
      "type": "Feature",
      "geometry": {
        "type": "Polygon",
        "coordinates": [
          [
            [
              717.3952845126623,
              4281.991648516618
            ],
            [
              716.5613046677317,
              4281.469575920142
            ],
            [
              715.6064868555404,
              4281.244406587444
            ],
            [
              714.6276456136256,
              4281.3186870943755
            ],
            [
              713.7213033473818,
              4281.706070407294
            ],
            [
              712.9854430925334,
              4282.3646771973
            ],
            [
              712.4777084618108,
              4283.251567070372
            ],
            [
              712.305610820069,
              4284.269540632144
            ],
            [
              712.4726555965608,
              4285.285320476629
            ],
            [
              712.9659203711199,
              4286.176311275922
            ],
            [
              713.7309749601409,
              4286.863282495178
            ],
            [
              714.681117839762,
              4287.266154767014
            ],
            [
              715.7132197382161,
              4287.315530716442
            ],
            [
              716.7056786284084,
              4287.030440072529
            ],
            [
              717.5446681611938,
              4286.441231167875
            ],
            [
              718.1319133418147,
              4285.600889606401
            ],
            [
              718.4071412434569,
              4284.652313657105
            ],
            [
              718.3683067531092,
              4283.673248426989
            ],
            [
              718.0211404754082,
              4282.752757731825
            ],
            [
              717.3952845126623,
              4281.991648516618
            ]
          ]
        ]
      },
      "properties": {
        "id": "forest:way:313508196",
        "tags": {
          "natural": "wood",
          "winter_sports_id": "1228774360",
          "winter_sports_name": "Killington Resort",
          "State": "Vermont",
          "Country": "United States of America",
          "Ski Area": "Killington Resort",
          "region": "north-america/us/vermont"
        },
        "natural": "wood"
      }
    },
    {
      "type": "Feature",
      "geometry": {
        "type": "Polygon",
        "coordinates": [
          [
            [
              720.877048329101,
              4275.1591271022335
            ],
            [
              720.0619686306454,
              4275.760078728199
            ],
            [
              719.4914424713934,
              4276.578631674871
            ],
            [
              719.2236977649154,
              4277.5496326955035
            ],
            [
              719.2942194399657,
              4278.551759687252
            ],
            [
              719.6895008898573,
              4279.484630189836
            ],
            [
              720.3643483660417,
              4280.224800022319
            ],
            [
              721.2476117548067,
              4280.714827059768
            ],
            [
              722.2200259722304,
              4280.884889392182
            ],
            [
              723.2092724820832,
              4280.721970619634
            ],
            [
              724.0850969203748,
              4280.26710099075
            ],
            [
              724.7662363606505,
              4279.540371131152
            ],
            [
              725.1774506022921,
              4278.639829014428
            ],
            [
              725.2760629794793,
              4277.65326507017
            ],
            [
              725.0510839641793,
              4276.691531550139
            ],
            [
              724.5160198161611,
              4275.85501098074
            ],
            [
              723.7495041691,
              4275.223570788279
            ],
            [
              722.8137428647606,
              4274.887760405429
            ],
            [
              721.821394126513,
              4274.861657409929
            ],
            [
              720.877048329101,
              4275.1591271022335
            ]
          ]
        ]
      },
      "properties": {
        "id": "forest:way:313508197",
        "tags": {
          "natural": "wood",
          "winter_sports_id": "1228774360",
          "winter_sports_name": "Killington Resort",
          "State": "Vermont",
          "Country": "United States of America",
          "Ski Area": "Killington Resort",
          "region": "north-america/us/vermont"
        },
        "natural": "wood"
      }
    },
    {
      "type": "Feature",
      "geometry": {
        "type": "Polygon",
        "coordinates": [
          [
            [
              728.5344682626892,
              4284.529713332653
            ],
            [
              727.5020066293655,
              4283.8801627205685
            ],
            [
              726.313805658021,
              4283.626624393277
            ],
            [
              725.0989513947861,
              4283.772493997589
            ],
            [
              724.0107334812637,
              4284.321803753264
            ],
            [
              723.1722150695277,
              4285.199991767295
            ],
            [
              722.6747719876003,
              4286.309434325434
            ],
            [
              722.5807220969582,
              4287.429487914778
            ],
            [
              722.8344666266348,
              4288.525347637013
            ],
            [
              723.4227911967319,
              4289.485524600372
            ],
            [
              724.275422202074,
              4290.219257301651
            ],
            [
              725.3217940164031,
              4290.6468906831
            ],
            [
              726.4498332234798,
              4290.732134334743
            ],
            [
              727.5388142954325,
              4290.46069844719
            ],
            [
              728.4991144802189,
              4289.863567841239
            ],
            [
              729.2163230456645,
              4288.99330351036
            ],
            [
              729.6578763708239,
              4287.860162909143
            ],
            [
              729.6816539721331,
              4286.649347730912
            ],
            [
              729.2922175712883,
              4285.494347596541
            ],
            [
              728.5344682626892,
              4284.529713332653
            ]
          ]
        ]
      },
      "properties": {
        "id": "forest:way:313508198",
        "tags": {
          "natural": "wood",
          "winter_sports_id": "1228774360",
          "winter_sports_name": "Killington Resort",
          "State": "Vermont",
          "Country": "United States of America",
          "Ski Area": "Killington Resort",
          "region": "north-america/us/vermont"
        },
        "natural": "wood"
      }
    },
    {
      "type": "Feature",
      "geometry": {
        "type": "Polygon",
        "coordinates": [
          [
            [
              737.1525331231533,
              4289.913378071971
            ],
            [
              737.8049078086624,
              4289.052523173392
            ],
            [
              738.1225229589036,
              4288.027264001779
            ],
            [
              738.0863209664822,
              4286.948240527883
            ],
            [
              737.6766598536633,
              4285.948305671103
            ],
            [
              736.9629363588756,
              4285.151540584862
            ],
            [
              736.0160082080401,
              4284.626494184136
            ],
            [
              734.9548482674873,
              4284.454095236957
            ],
            [
              733.8921146366047,
              4284.648421511054
            ],
            [
              732.9494097749703,
              4285.190443594009
            ],
            [
              732.3169692670926,
              4285.907339577563
            ],
            [
              731.9224744606763,
              4286.786092845723
            ],
            [
              731.8166697554989,
              4287.73912515305
            ],
            [
              732.0018923446769,
              4288.677584897727
            ],
            [
              732.4640515453648,
              4289.52330249548
            ],
            [
              733.1567852966255,
              4290.197259467095
            ],
            [
              734.12966940552,
              4290.656303491443
            ],
            [
              735.2087170972954,
              4290.762488112785
            ],
            [
              736.2567749664886,
              4290.512205353938
            ],
            [
              737.1525331231533,
              4289.913378071971
            ]
          ]
        ]
      },
      "properties": {
        "id": "forest:way:313508200",
        "tags": {
          "natural": "wood",
          "winter_sports_id": "1228774360",
          "winter_sports_name": "Killington Resort",
          "State": "Vermont",
          "Country": "United States of America",
          "Ski Area": "Killington Resort",
          "region": "north-america/us/vermont"
        },
        "natural": "wood"
      }
    },
    {
      "type": "Feature",
      "geometry": {
        "type": "Polygon",
        "coordinates": [
          [
            [
              815.9906479583587,
              4113.4835915174335
            ],
            [
              821.2372480935883,
              4119.667759698816
            ],
            [
              829.5685829550494,
              4123.988144543953
            ],
            [
              833.6721862603445,
              4124.518485954963
            ],
            [
              855.4694738959661,
              4119.057238615118
            ],
            [
              887.7416447098367,
              4110.404217308387
            ],
            [
              912.8495095408289,
              4111.065293913707
            ],
            [
              946.6063564899378,
              4111.954242078587
            ],
            [
              972.4637057578657,
              4116.958686761558
            ],
            [
              998.1768990469864,
              4127.127518024296
            ],
            [
              1021.3455314330058,
              4135.5067138671875
            ],
            [
              1043.0294164520456,
              4134.3553754501045
            ],
            [
              1059.7529732401017,
              4124.437679638155
            ],
            [
              1076.4685124967946,
              4114.519811647013
            ],
            [
              1094.0782907370012,
              4103.758648532443
            ],
            [
              1113.323647756246,
              4096.497149730101
            ],
            [
              1139.2948765249457,
              4097.181831330992
            ],
            [
              1156.4043265705695,
              4105.401748908684
            ],
            [
              1179.4592275402974,
              4118.090797116049
            ],
            [
              1201.5969957581256,
              4132.489551802166
            ],
            [
              1226.560219855397,
              4138.3272001734
            ],
            [
              1251.6908718314953,
              4138.123247450218
            ],
            [
              1281.2140009962022,
              4135.45679940097
            ],
            [
              1309.820670832065,
              4134.47787824925
            ],
            [
              1341.6231055523967,
              4143.952968641184
            ],
            [
              1371.7591464594007,
              4150.7946151942015
            ],
            [
              1401.305464950041,
              4147.251286868006
            ],
            [
              1433.327569550951,
              4148.096892502159
            ],
            [
              1464.243926436291,
              4158.404970119707
            ],
            [
              1482.1477802112931,
              4169.23634218704
            ],
            [
              1500.1425398805877,
              4176.624764259905
            ],
            [
              1516.6080573825166,
              4176.192887938581
            ],
            [
              1531.5521637987113,
              4167.952019944787
            ],
            [
              1551.896998701035,
              4152.096190292388
            ],
            [
              1566.7728104388807,
              4146.443201429211
            ],
            [
              1582.397736841347,
              4145.133471963927
            ],
            [
              1593.629784752964,
              4146.2972702933475
            ],
            [
              1604.127588891657,
              4142.25134114828
            ],
            [
              1636.431494993507,
              4132.746917598881
            ],
            [
              1659.8502423196333,
              4131.643435323611
            ],
            [
              1678.0047197780805,
              4132.990427826531
            ],
            [
              1698.0229434038047,
              4129.19642253872
            ],
            [
              1715.359676396125,
              4128.799183594994
            ],
            [
              1735.9070000272477,
              4137.967355253175
            ],
            [
              1753.8789787573041,
              4146.211660922505
            ],
            [
              1774.5628551854752,
              4150.215454145335
            ],
            [
              1793.5805589826778,
              4151.585604732856
            ],
            [
              1815.9993281211937,
              4155.624324699864
            ],
            [
              1890.8137138508027,
              4176.232281957753
            ],
            [
              1902.990124889533,
              4190.514183448628
            ],
            [
              1956.8712676558644,
              4200.3657589405775
            ],
            [
              1951.68207047123,
              4183.823685050942
            ],
            [
              1925.9948592503788,
              4155.957922158763
            ],
            [
              1906.076302858768,
              4123.054671100341
            ],
            [
              1886.1691586988745,
              4082.3940570969135
            ],
            [
              1884.1287428749492,
              4071.025742325932
            ],
            [
              1864.266697023064,
              4049.6940590701997
            ],
            [
              1832.4641878503608,
              4027.412881639786
            ],
            [
              1799.5435960615287,
              3993.6768547939137
            ],
            [
              1787.922580212704,
              3969.062530704774
            ],
            [
              1791.8082558040041,
              3913.4497406361625
            ],
            [
              1798.9913223665208,
              3857.412953587249
            ],
            [
              1787.3348775476916,
              3841.7557754693553
            ],
            [
              1770.9051331313094,
              3824.6275113057345
            ],
            [
              1744.289974234067,
              3790.2473264355212
            ],
            [
              1736.0740951066837,
              3780.038318029605
            ],
            [
              1725.4217312430264,
              3771.5876076417044
            ],
            [
              1701.5061242152005,
              3748.382121037692
            ],
            [
              1666.554979046923,
              3764.7960602119565
            ],
            [
              1620.4172577391146,
              3763.342895610258
            ],
            [
              1562.5315147793153,
              3756.0891779251397
            ],
            [
              1529.5354239201406,
              3771.8663932075724
            ],
            [
              1491.1661679449026,
              3785.0455915341154
            ],
            [
              1470.074266182608,
              3788.1895092986524
            ],
            [
              1454.4304585977225,
              3783.152842695825
            ],
            [
              1389.9246836941456,
              3735.5035536261275
            ],
            [
              1303.4842185350135,
              3675.1616812637076
            ],
            [
              1206.240321088233,
              3662.5270735174417
            ],
            [
              1093.060761570814,
              3659.576668333262
            ],
            [
              983.3856149626663,
              3678.6931413728744
            ],
            [
              929.7213741164887,
              3692.91752825398
            ],
            [
              885.6052865054226,
              3713.728728448041
            ],
            [
              849.7973195143277,
              3733.636331519112
            ],
            [
              832.3623617771082,
              3761.9742057407275
            ],
            [
              823.7576929888455,
              3806.682206854224
            ],
            [
              822.6947390165878,
              3866.403819007799
            ],
            [
              812.4481477261288,
              3894.352964984253
            ],
            [
              773.388152832049,
              3963.03306382522
            ],
            [
              737.0331035263371,
              4003.18785007298
            ],
            [
              713.3867785707116,
              4017.547737832181
            ],
            [
              681.0619394333335,
              4016.530935010873
            ],
            [
              663.718754492118,
              4034.368748549372
            ],
            [
              727.6669909622287,
              4051.3990913573653
            ],
            [
              772.8215058287606,
              4066.813043700531
            ],
            [
              789.0677955282154,
              4083.000348901376
            ],
            [
              803.8397602362093,
              4097.837433026172
            ],
            [
              815.9906479583587,
              4113.4835915174335
            ]
          ]
        ]
      },
      "properties": {
        "id": "forest:way:313542600",
        "tags": {
          "natural": "wood",
          "winter_sports_id": "1228774360",
          "winter_sports_name": "Killington Resort",
          "State": "Vermont",
          "Country": "United States of America",
          "Ski Area": "Killington Resort",
          "region": "north-america/us/vermont"
        },
        "natural": "wood"
      }
    },
    {
      "type": "Feature",
      "geometry": {
        "type": "Polygon",
        "coordinates": [
          [
            [
              1882.9328432010952,
              4007.63182509318
            ],
            [
              1879.9167454054113,
              3990.7250233683735
            ],
            [
              1871.7619919048157,
              3971.514909735881
            ],
            [
              1865.9993723717052,
              3960.148096445948
            ],
            [
              1860.3625652799383,
              3944.027728878893
            ],
            [
              1853.025139149977,
              3926.573101478629
            ],
            [
              1849.0203634179197,
              3914.3748138640076
            ],
            [
              1848.5794985151151,
              3898.3919968465343
            ],
            [
              1850.7282870605122,
              3882.4888407792896
            ],
            [
              1854.2073896015063,
              3865.742874212563
            ],
            [
              1857.758108893875,
              3845.9868486318737
            ],
            [
              1859.0975324494066,
              3828.3284510476515
            ],
            [
              1856.9334126336034,
              3811.866565558128
            ],
            [
              1854.757813691278,
              3795.837832879275
            ],
            [
              1848.8694658298045,
              3789.213494860567
            ],
            [
              1836.3948327793041,
              3785.8602539263666
            ],
            [
              1826.3698123348877,
              3788.184548895806
            ],
            [
              1820.5387452198192,
              3779.3944799518213
            ],
            [
              1816.7959725103574,
              3757.289269173518
            ],
            [
              1813.6084913326195,
              3746.8464627303183
            ],
            [
              1808.4352688867366,
              3745.842657686211
            ],
            [
              1802.3416956349974,
              3746.970662253909
            ],
            [
              1797.1340881498763,
              3747.266320053488
            ],
            [
              1790.074330054922,
              3752.258747415617
            ],
            [
              1787.3278576347511,
              3757.7987597435713
            ],
            [
              1789.1478686501505,
              3770.794983050786
            ],
            [
              1790.9449484732468,
              3784.6575100794435
            ],
            [
              1791.947457308066,
              3795.8982860529795
            ],
            [
              1792.051956698182,
              3808.42677938845
            ],
            [
              1792.6072986200452,
              3820.089178832248
            ],
            [
              1799.3441391753731,
              3827.60282784421
            ],
            [
              1808.6136229200056,
              3837.350778484717
            ],
            [
              1815.205392756383,
              3850.039835532196
            ],
            [
              1816.1619905121624,
              3863.0132234292105
            ],
            [
              1815.3497826253297,
              3877.2290521021932
            ],
            [
              1811.3976008313475,
              3895.6852190205827
            ],
            [
              1809.676236580126,
              3911.6108080232516
            ],
            [
              1806.5873942794278,
              3930.089824128896
            ],
            [
              1808.6489973898279,
              3950.4278442384675
            ],
            [
              1812.388241638313,
              3972.966424128972
            ],
            [
              1819.808763367706,
              3986.977793890983
            ],
            [
              1826.84749176458,
              3999.24524929747
            ],
            [
              1835.2078138723737,
              4010.691898099147
            ],
            [
              1853.6042573670857,
              4019.3811467401683
            ],
            [
              1864.7224170385161,
              4024.854697261937
            ],
            [
              1870.6904996380908,
              4028.458103599958
            ],
            [
              1877.2458540091757,
              4026.0420340877026
            ],
            [
              1881.3254042890621,
              4019.2480999184772
            ],
            [
              1882.9328432010952,
              4007.63182509318
            ]
          ]
        ]
      },
      "properties": {
        "id": "forest:way:313542981",
        "tags": {
          "natural": "wood",
          "winter_sports_id": "1228774360",
          "winter_sports_name": "Killington Resort",
          "State": "Vermont",
          "Country": "United States of America",
          "Ski Area": "Killington Resort",
          "region": "north-america/us/vermont"
        },
        "natural": "wood"
      }
    },
    {
      "type": "Feature",
      "geometry": {
        "type": "Polygon",
        "coordinates": [
          [
            [
              1529.4435080864932,
              4231.558472386561
            ],
            [
              1534.334498345852,
              4226.7307791868225
            ],
            [
              1538.6121989528183,
              4220.36423620861
            ],
            [
              1544.6984857248608,
              4211.244709624909
            ],
            [
              1549.6832746610744,
              4203.1741564245895
            ],
            [
              1551.1279545420548,
              4197.388490401208
            ],
            [
              1547.6952535229502,
              4196.21969606448
            ],
            [
              1542.0090490687871,
              4198.447870613076
            ],
            [
              1535.8305335867917,
              4202.808082276955
            ],
            [
              1530.1102953916416,
              4206.324614973739
            ],
            [
              1528.227472351049,
              4211.88753707055
            ],
            [
              1525.303455940797,
              4215.911415388808
            ],
            [
              1518.1233872959856,
              4217.233227756806
            ],
            [
              1513.2379786074162,
              4221.849910012446
            ],
            [
              1514.4001711369492,
              4227.059836958535
            ],
            [
              1517.3254375831457,
              4231.238271027803
            ],
            [
              1521.8222094223602,
              4233.079790650867
            ],
            [
              1526.5993240991374,
              4232.561395243742
            ],
            [
              1529.4435080864932,
              4231.558472386561
            ]
          ]
        ]
      },
      "properties": {
        "id": "forest:way:313543107",
        "tags": {
          "natural": "wood",
          "winter_sports_id": "1228774360",
          "winter_sports_name": "Killington Resort",
          "State": "Vermont",
          "Country": "United States of America",
          "Ski Area": "Killington Resort",
          "region": "north-america/us/vermont"
        },
        "natural": "wood"
      }
    },
    {
      "type": "Feature",
      "geometry": {
        "type": "Polygon",
        "coordinates": [
          [
            [
              1836.3573967845878,
              4326.87781125959
            ],
            [
              1818.1102629400557,
              4312.579822978936
            ],
            [
              1801.483304912923,
              4302.648204214871
            ],
            [
              1787.8191542080604,
              4295.162366289645
            ],
            [
              1778.7576355923666,
              4294.055663306266
            ],
            [
              1767.1298597771674,
              4291.38064717222
            ],
            [
              1755.0462666732492,
              4289.760557383299
            ],
            [
              1743.7742176278261,
              4290.11806453485
            ],
            [
              1733.001009131316,
              4288.099228805862
            ],
            [
              1714.7431151486235,
              4282.437008471228
            ],
            [
              1692.9611964185024,
              4279.060074819252
            ],
            [
              1679.1451637652935,
              4277.6165870744735
            ],
            [
              1655.7439513299614,
              4278.07581321802
            ],
            [
              1624.4832218122901,
              4281.128101380542
            ],
            [
              1605.7848417646019,
              4283.879112387076
            ],
            [
              1589.3687512351898,
              4282.144790624268
            ],
            [
              1558.5936236345442,
              4275.07405965589
            ],
            [
              1525.008313032682,
              4267.718046708964
            ],
            [
              1506.034212913015,
              4264.404808018357
            ],
            [
              1481.62583731825,
              4262.037253880873
            ],
            [
              1464.3544782219687,
              4260.280648815446
            ],
            [
              1444.454293304123,
              4259.321563446894
            ],
            [
              1418.5232544810278,
              4257.136308811605
            ],
            [
              1411.1653099068208,
              4256.942004088312
            ],
            [
              1406.1249338127673,
              4259.1762288641185
            ],
            [
              1405.8468339695828,
              4261.758492935449
            ],
            [
              1409.4175813408801,
              4265.953922048211
            ],
            [
              1418.7441372955218,
              4273.535582598299
            ],
            [
              1427.4935834434582,
              4278.512407965958
            ],
            [
              1446.4026921042241,
              4283.979862912558
            ],
            [
              1457.6573991315672,
              4284.277136282995
            ],
            [
              1471.863630681415,
              4287.453175033443
            ],
            [
              1487.133635183447,
              4291.313085898757
            ],
            [
              1504.8090293039568,
              4294.580847278237
            ],
            [
              1530.7086593215354,
              4297.643637550063
            ],
            [
              1560.7198002847144,
              4301.237533496693
            ],
            [
              1570.6275647914736,
              4303.010932014324
            ],
            [
              1583.9531327328878,
              4306.819675044157
            ],
            [
              1605.4794270314742,
              4311.923316710629
            ],
            [
              1619.8804747735849,
              4315.971735266037
            ],
            [
              1629.5558307351312,
              4318.59487311542
            ],
            [
              1638.2855533056427,
              4324.004918699153
            ],
            [
              1647.6483376175165,
              4330.509795663878
            ],
            [
              1657.4362116957782,
              4336.814757794142
            ],
            [
              1667.2150997660356,
              4343.764122496359
            ],
            [
              1680.9021798558533,
              4350.383410543203
            ],
            [
              1697.4881949562114,
              4353.62288190797
            ],
            [
              1707.0481719080126,
              4352.364219905809
            ],
            [
              1715.532647660817,
              4350.865950570442
            ],
            [
              1725.6662084885174,
              4352.645557539538
            ],
            [
              1734.283015421941,
              4354.385052768514
            ],
            [
              1743.3447495747823,
              4355.480591391213
            ],
            [
              1751.777806429076,
              4355.925997396931
            ],
            [
              1759.113024882623,
              4356.975876635872
            ],
            [
              1768.7365525540663,
              4361.553954989649
            ],
            [
              1778.2705121239414,
              4361.583956796676
            ],
            [
              1786.578057711362,
              4366.771863162518
            ],
            [
              1794.9370291382074,
              4370.016150667332
            ],
            [
              1802.8891388251213,
              4372.16048591584
            ],
            [
              1809.3893002858385,
              4372.121354142204
            ],
            [
              1818.2613945311168,
              4372.145010085776
            ],
            [
              1825.1004971303046,
              4375.771448675543
            ],
            [
              1834.0992781874957,
              4379.243892805651
            ],
            [
              1843.1857962737558,
              4379.706713560037
            ],
            [
              1854.775676736259,
              4375.267755646259
            ],
            [
              1865.3384278453887,
              4369.067801464349
            ],
            [
              1871.3735965098022,
              4361.892190344632
            ],
            [
              1868.5592985012336,
              4353.837653735653
            ],
            [
              1860.7593677488621,
              4345.640009243973
            ],
            [
              1850.134461908834,
              4338.023328572512
            ],
            [
              1836.3573967845878,
              4326.87781125959
            ]
          ]
        ]
      },
      "properties": {
        "id": "forest:way:313769814",
        "tags": {
          "natural": "wood",
          "winter_sports_id": "1228774360",
          "winter_sports_name": "Killington Resort",
          "State": "Vermont",
          "Country": "United States of America",
          "Ski Area": "Killington Resort",
          "region": "north-america/us/vermont"
        },
        "natural": "wood"
      }
    },
    {
      "type": "Feature",
      "geometry": {
        "type": "Polygon",
        "coordinates": [
          [
            [
              2046.671749819885,
              4243.434271586128
            ],
            [
              2048.977623539744,
              4246.296173623763
            ],
            [
              2053.9955848169047,
              4244.917622989975
            ],
            [
              2058.594951305422,
              4242.883354969323
            ],
            [
              2064.269834882929,
              4241.088766521774
            ],
            [
              2068.4186439252226,
              4239.909475242719
            ],
            [
              2069.9925306772348,
              4237.795025371946
            ],
            [
              2067.68106919853,
              4235.144138585776
            ],
            [
              2062.548289948725,
              4232.62964692805
            ],
            [
              2057.386660093209,
              4231.203591786325
            ],
            [
              2054.344096950488,
              4231.767581712455
            ],
            [
              2050.619477037224,
              4233.39157966245
            ],
            [
              2047.8959063085495,
              4238.065186257474
            ],
            [
              2046.671749819885,
              4243.434271586128
            ]
          ]
        ]
      },
      "properties": {
        "id": "forest:way:313770352",
        "tags": {
          "natural": "wood",
          "winter_sports_id": "1228774360",
          "winter_sports_name": "Killington Resort",
          "State": "Vermont",
          "Country": "United States of America",
          "Ski Area": "Killington Resort",
          "region": "north-america/us/vermont"
        },
        "natural": "wood"
      }
    },
    {
      "type": "Feature",
      "geometry": {
        "type": "Polygon",
        "coordinates": [
          [
            [
              2027.3328408265952,
              4237.7425446193665
            ],
            [
              2031.2960619368823,
              4235.035660171881
            ],
            [
              2039.8152154324343,
              4232.238340242766
            ],
            [
              2041.6581431401428,
              4228.197133771144
            ],
            [
              2040.857855697628,
              4225.797475330532
            ],
            [
              2036.989569918951,
              4224.616881817579
            ],
            [
              2032.8978553392226,
              4223.641540671699
            ],
            [
              2027.4808283624006,
              4223.931450499222
            ],
            [
              2021.1809824528173,
              4224.631427755579
            ],
            [
              2016.8224066254916,
              4225.80519006867
            ],
            [
              2014.3657161161536,
              4228.329715925269
            ],
            [
              2014.4805517549394,
              4232.22274657432
            ],
            [
              2016.3132257418474,
              4236.794807056896
            ],
            [
              2019.0408305620076,
              4239.8901576232165
            ],
            [
              2024.448548091459,
              4240.255735903978
            ],
            [
              2027.3328408265952,
              4237.7425446193665
            ]
          ]
        ]
      },
      "properties": {
        "id": "forest:way:313770353",
        "tags": {
          "natural": "wood",
          "winter_sports_id": "1228774360",
          "winter_sports_name": "Killington Resort",
          "State": "Vermont",
          "Country": "United States of America",
          "Ski Area": "Killington Resort",
          "region": "north-america/us/vermont"
        },
        "natural": "wood"
      }
    },
    {
      "type": "Feature",
      "geometry": {
        "type": "Polygon",
        "coordinates": [
          [
            [
              617.947194847744,
              4049.169741435908
            ],
            [
              629.2202986577759,
              4032.1947418302298
            ],
            [
              637.7819197300123,
              4019.471867436543
            ],
            [
              647.5145484044915,
              4011.958969769068
            ],
            [
              658.5605961427791,
              4003.6248306520283
            ],
            [
              679.6650614411337,
              3991.665249302052
            ],
            [
              705.416528444388,
              3984.140222654678
            ],
            [
              722.4994484680938,
              3976.8207385754213
            ],
            [
              746.652501479839,
              3964.0746392682195
            ],
            [
              761.0050265464233,
              3945.45815304853
            ],
            [
              770.9679749947973,
              3928.89346408844
            ],
            [
              779.2271429228131,
              3911.4170591793954
            ],
            [
              749.8969109165482,
              3919.9257501307875
            ],
            [
              728.0990945954109,
              3925.3873554877937
            ],
            [
              711.4661520742811,
              3931.862878815271
            ],
            [
              697.9504106334643,
              3938.6204708479345
            ],
            [
              683.3745819844771,
              3949.462438528426
            ],
            [
              671.4795323974686,
              3956.9184314096346
            ],
            [
              659.5549297205871,
              3962.428695718758
            ],
            [
              644.5288245166885,
              3974.1258045351133
            ],
            [
              631.2443685391918,
              3984.9907136503607
            ],
            [
              617.9905038161669,
              3995.000663918443
            ],
            [
              597.6925424229121,
              4009.148883122951
            ],
            [
              582.3017939036945,
              4018.447001577355
            ],
            [
              562.5418121796101,
              4028.7195185758173
            ],
            [
              552.8401402268792,
              4035.366445747204
            ],
            [
              561.2138798618689,
              4046.3782924832776
            ],
            [
              572.2793270697584,
              4053.582062806934
            ],
            [
              586.8709673768608,
              4058.711275426671
            ],
            [
              601.5192206531065,
              4061.685870143585
            ],
            [
              609.0407602222404,
              4058.4270830322057
            ],
            [
              617.947194847744,
              4049.169741435908
            ]
          ]
        ]
      },
      "properties": {
        "id": "forest:way:314079018",
        "tags": {
          "natural": "wood",
          "winter_sports_id": "1228774360",
          "winter_sports_name": "Killington Resort",
          "State": "Vermont",
          "Country": "United States of America",
          "Ski Area": "Killington Resort",
          "region": "north-america/us/vermont"
        },
        "natural": "wood"
      }
    },
    {
      "type": "Feature",
      "geometry": {
        "type": "Polygon",
        "coordinates": [
          [
            [
              615.1174029132817,
              3893.2865395760164
            ],
            [
              651.9834206061205,
              3874.839301776141
            ],
            [
              687.8730155219091,
              3860.678859585896
            ],
            [
              716.8434130562237,
              3845.903172733262
            ],
            [
              742.4176294524223,
              3828.8710170304403
            ],
            [
              770.6497320557246,
              3809.330396491103
            ],
            [
              791.9820525884861,
              3788.7414429327473
            ],
            [
              806.1791021417594,
              3775.74469133839
            ],
            [
              814.2117322894046,
              3766.8869242910296
            ],
            [
              822.3691802724497,
              3753.286715895869
            ],
            [
              830.0339654114796,
              3741.84080691915
            ],
            [
              837.2177701061592,
              3732.104938203469
            ],
            [
              847.3786613530247,
              3724.603569548577
            ],
            [
              852.2981192700099,
              3718.6869543781504
            ],
            [
              851.6310400856892,
              3710.9006177159026
            ],
            [
              844.7535216986435,
              3708.9969218857586
            ],
            [
              835.7820186455501,
              3704.4374196352437
            ],
            [
              824.1473636516603,
              3701.9751051347703
            ],
            [
              814.7740359242307,
              3696.1158193079755
            ],
            [
              806.275135371252,
              3689.8572184480727
            ],
            [
              794.7621859229403,
              3683.0747633092105
            ],
            [
              783.1274821357802,
              3680.6125216102228
            ],
            [
              772.6979142221389,
              3682.060833851807
            ],
            [
              761.7531808643835,
              3686.5186525844038
            ],
            [
              752.9819438493578,
              3690.611322976649
            ],
            [
              744.1768309165491,
              3695.9923516269773
            ],
            [
              736.6596712796018,
              3701.8296029781923
            ],
            [
              730.8769729946507,
              3707.7235937910154
            ],
            [
              725.0523325941758,
              3714.905724234879
            ],
            [
              720.5572992673842,
              3721.2670394899324
            ],
            [
              715.5702007545624,
              3729.760442206636
            ],
            [
              707.492395620211,
              3740.339822847396
            ],
            [
              701.1607345076045,
              3750.531679005362
            ],
            [
              697.0594976191642,
              3758.1926014758646
            ],
            [
              689.9325864032144,
              3765.7739645950496
            ],
            [
              682.7601335189538,
              3775.0879397289827
            ],
            [
              679.1174065422965,
              3781.8940263828263
            ],
            [
              680.2236887367908,
              3789.258433934301
            ],
            [
              677.4329061091412,
              3796.52037287876
            ],
            [
              668.7299042145023,
              3798.0253478242084
            ],
            [
              660.5309310462326,
              3796.9428815934807
            ],
            [
              652.6235174614703,
              3801.0472694355994
            ],
            [
              639.8535461969441,
              3808.9137779260054
            ],
            [
              629.7268906123936,
              3815.127104608342
            ],
            [
              609.6974329499062,
              3819.346354186535
            ],
            [
              596.0642296208534,
              3827.1902526551858
            ],
            [
              582.9236682566116,
              3832.8798718545586
            ],
            [
              569.6953856992768,
              3841.6013627797365
            ],
            [
              559.288892862387,
              3842.1836965717375
            ],
            [
              544.6173774349736,
              3840.075511921197
            ],
            [
              533.2598404956516,
              3843.6670496780425
            ],
            [
              521.8460039853817,
              3849.4021495813504
            ],
            [
              513.0945824913215,
              3853.0621853647754
            ],
            [
              506.3842271225294,
              3861.0881206057966
            ],
            [
              507.770964273368,
              3874.0724817300215
            ],
            [
              509.2226551134372,
              3884.891299285926
            ],
            [
              510.2042225582991,
              3897.0092322994024
            ],
            [
              511.1860764370067,
              3909.1160593340173
            ],
            [
              511.73223707592115,
              3921.2114413352683
            ],
            [
              510.9419537704671,
              3935.0055161518976
            ],
            [
              513.1805802203016,
              3948.445710849017
            ],
            [
              594.9327076369664,
              3903.1143678203225
            ],
            [
              615.1174029132817,
              3893.2865395760164
            ]
          ]
        ]
      },
      "properties": {
        "id": "forest:way:314079768",
        "tags": {
          "natural": "wood",
          "winter_sports_id": "1228774360",
          "winter_sports_name": "Killington Resort",
          "State": "Vermont",
          "Country": "United States of America",
          "Ski Area": "Killington Resort",
          "region": "north-america/us/vermont"
        },
        "natural": "wood"
      }
    },
    {
      "type": "Feature",
      "geometry": {
        "type": "Polygon",
        "coordinates": [
          [
            [
              555.6833413169952,
              4006.744516586885
            ],
            [
              567.1997532695532,
              3998.633760950528
            ],
            [
              579.5902308328077,
              3988.601024485193
            ],
            [
              593.7073463742854,
              3978.6136893732473
            ],
            [
              610.4757958427072,
              3966.9733835365623
            ],
            [
              625.5551740342053,
              3953.5549130570143
            ],
            [
              642.2476417596918,
              3944.50227318611
            ],
            [
              660.8564688559854,
              3928.5870743580163
            ],
            [
              684.6158162521897,
              3914.54116013553
            ],
            [
              713.6168349629734,
              3898.8993745651096
            ],
            [
              740.6110217338428,
              3893.5632866583765
            ],
            [
              764.8270252001239,
              3890.099190364592
            ],
            [
              788.486554861418,
              3884.4643971631303
            ],
            [
              795.6668324210914,
              3875.161851572804
            ],
            [
              803.7347790430067,
              3860.0477502197027
            ],
            [
              807.7430325531168,
              3847.638706800528
            ],
            [
              807.7839956806274,
              3829.5126343201846
            ],
            [
              810.3299346994609,
              3806.7067422969267
            ],
            [
              807.1828611106612,
              3802.956268908456
            ],
            [
              799.8953062464716,
              3809.888673443347
            ],
            [
              790.9088331514504,
              3822.1667385958135
            ],
            [
              778.0367460850393,
              3833.9091356974095
            ],
            [
              767.0731857036008,
              3842.467551781796
            ],
            [
              753.8869126959471,
              3849.889444096014
            ],
            [
              734.5423959657783,
              3860.6058732820675
            ],
            [
              710.813311896869,
              3873.796633966267
            ],
            [
              682.2782894955017,
              3884.9161281250417
            ],
            [
              661.7033243244514,
              3892.999697206542
            ],
            [
              645.1163918871898,
              3901.4104519281536
            ],
            [
              634.5883347316412,
              3906.3128603389487
            ],
            [
              624.8256945654284,
              3911.8911376362666
            ],
            [
              611.6852656881092,
              3917.580697067082
            ],
            [
              602.9523793301778,
              3923.6084077320993
            ],
            [
              587.017254009028,
              3933.3367815585807
            ],
            [
              573.0204363142839,
              3941.815776555799
            ],
            [
              560.6374478446087,
              3948.181068255566
            ],
            [
              547.9358559749089,
              3953.459941299632
            ],
            [
              537.9235362724867,
              3959.0206631636247
            ],
            [
              527.3956536884652,
              3963.9232355579734
            ],
            [
              520.1237786085112,
              3967.510985511355
            ],
            [
              517.9899312305497,
              3970.366822902113
            ],
            [
              520.4888326473301,
              3978.2012349143624
            ],
            [
              525.0119320278754,
              3988.8895842432976
            ],
            [
              531.6172670788364,
              4001.1441640108824
            ],
            [
              539.9344742165413,
              4014.310631598346
            ],
            [
              546.1994877069956,
              4013.3971781386063
            ],
            [
              555.6833413169952,
              4006.744516586885
            ]
          ]
        ]
      },
      "properties": {
        "id": "forest:way:314082369",
        "tags": {
          "natural": "wood",
          "winter_sports_id": "1228774360",
          "winter_sports_name": "Killington Resort",
          "State": "Vermont",
          "Country": "United States of America",
          "Ski Area": "Killington Resort",
          "region": "north-america/us/vermont"
        },
        "natural": "wood"
      }
    },
    {
      "type": "Feature",
      "geometry": {
        "type": "Polygon",
        "coordinates": [
          [
            [
              571.161392149399,
              3813.4656155370176
            ],
            [
              630.0739136773627,
              3795.4753558933735
            ],
            [
              673.5692365634022,
              3761.6760475309566
            ],
            [
              713.1687494597863,
              3704.101465465501
            ],
            [
              731.3828405028908,
              3685.419739883393
            ],
            [
              765.3900667510461,
              3668.2760156895965
            ],
            [
              756.7382750967517,
              3653.4000140726566
            ],
            [
              702.7295479734894,
              3627.928618808277
            ],
            [
              677.6860636824276,
              3605.0974604133517
            ],
            [
              644.341185932979,
              3539.6033883383498
            ],
            [
              599.933226396679,
              3507.616784065962
            ],
            [
              599.1428423085017,
              3480.544277303852
            ],
            [
              602.9814369133674,
              3449.081091576256
            ],
            [
              583.785974619328,
              3404.6203882694244
            ],
            [
              562.0055700869998,
              3372.484065695666
            ],
            [
              565.1769495498156,
              3352.273039280437
            ],
            [
              559.352299235994,
              3329.947380094789
            ],
            [
              533.9949186153244,
              3304.8635639874265
            ],
            [
              514.7549248294672,
              3305.1028371360153
            ],
            [
              499.8243562669959,
              3313.735342644155
            ],
            [
              503.76107432413846,
              3336.011353129521
            ],
            [
              506.57646478747483,
              3358.2468029661104
            ],
            [
              537.3488146848977,
              3378.215799813159
            ],
            [
              535.9131095516495,
              3389.836774682626
            ],
            [
              498.3255987173179,
              3428.2934151552618
            ],
            [
              468.4323010692606,
              3460.9506774917245
            ],
            [
              469.32625670859125,
              3498.5509063843638
            ],
            [
              493.0251999673201,
              3558.166915579699
            ],
            [
              492.36449631350115,
              3583.3229959728196
            ],
            [
              455.61990154441446,
              3633.0827622041106
            ],
            [
              440.94884406856727,
              3689.0571076925844
            ],
            [
              453.8309671228053,
              3744.2545588752255
            ],
            [
              472.34120724652894,
              3800.344505715184
            ],
            [
              492.43401678767987,
              3839.2047769417986
            ],
            [
              518.3156968414551,
              3830.1153449285775
            ],
            [
              571.161392149399,
              3813.4656155370176
            ]
          ]
        ]
      },
      "properties": {
        "id": "forest:way:760665990",
        "tags": {
          "natural": "wood",
          "winter_sports_id": "1228774360",
          "winter_sports_name": "Killington Resort",
          "State": "Vermont",
          "Country": "United States of America",
          "Ski Area": "Killington Resort",
          "region": "north-america/us/vermont"
        },
        "natural": "wood"
      }
    },
    {
      "type": "Feature",
      "geometry": {
        "type": "Polygon",
        "coordinates": [
          [
            [
              848.4850178911583,
              3697.29191793222
            ],
            [
              861.8676743179094,
              3688.2526964331046
            ],
            [
              922.7059139586054,
              3602.719397510402
            ],
            [
              967.9534348652232,
              3523.033244780265
            ],
            [
              923.1217598448275,
              3445.5431077769026
            ],
            [
              862.4676893216092,
              3372.471556637436
            ],
            [
              769.4873933810741,
              3321.889923017472
            ],
            [
              627.5521521413466,
              3274.879719391465
            ],
            [
              568.7606720457552,
              3249.984105825424
            ],
            [
              546.6651663590455,
              3275.310590658337
            ],
            [
              557.5957893349696,
              3305.2168182525784
            ],
            [
              582.7562028506072,
              3337.486377059482
            ],
            [
              581.7765292249387,
              3374.7706772731617
            ],
            [
              607.6675684372894,
              3389.9771720021963
            ],
            [
              611.5617959942902,
              3415.6975272400305
            ],
            [
              615.986304326565,
              3475.6188189769164
            ],
            [
              617.0180883625289,
              3490.7388950465247
            ],
            [
              631.5061228956329,
              3505.0790080605075
            ],
            [
              657.5089414216345,
              3516.0097372662276
            ],
            [
              684.3263258783845,
              3550.3127454016358
            ],
            [
              691.9743746182648,
              3585.2565655978397
            ],
            [
              723.463483473286,
              3615.981598654762
            ],
            [
              775.9282763007795,
              3642.1349609624594
            ],
            [
              802.157920068712,
              3665.8979670545086
            ],
            [
              817.6931233952055,
              3683.678119639866
            ],
            [
              848.4850178911583,
              3697.29191793222
            ]
          ]
        ]
      },
      "properties": {
        "id": "forest:way:760665991",
        "tags": {
          "natural": "wood",
          "winter_sports_id": "1228774360",
          "winter_sports_name": "Killington Resort",
          "State": "Vermont",
          "Country": "United States of America",
          "Ski Area": "Killington Resort",
          "region": "north-america/us/vermont"
        },
        "natural": "wood"
      }
    },
    {
      "type": "Feature",
      "geometry": {
        "type": "Polygon",
        "coordinates": [
          [
            [
              992.3141671131598,
              3459.8685290459543
            ],
            [
              1033.2032547398703,
              3453.4324206020683
            ],
            [
              1045.5991891837912,
              3426.70715641696
            ],
            [
              924.2049090001965,
              3382.93236048799
            ],
            [
              912.8312973232241,
              3385.255872370675
            ],
            [
              946.9208907731809,
              3436.5115331485868
            ],
            [
              992.3141671131598,
              3459.8685290459543
            ]
          ]
        ]
      },
      "properties": {
        "id": "forest:way:760665992",
        "tags": {
          "natural": "wood",
          "winter_sports_id": "1228774360",
          "winter_sports_name": "Killington Resort",
          "State": "Vermont",
          "Country": "United States of America",
          "Ski Area": "Killington Resort",
          "region": "north-america/us/vermont"
        },
        "natural": "wood"
      }
    },
    {
      "type": "Feature",
      "geometry": {
        "type": "Polygon",
        "coordinates": [
          [
            [
              1035.307505681063,
              3473.782285552472
            ],
            [
              1006.6711492945906,
              3473.027940853499
            ],
            [
              982.3061841123272,
              3481.7776599675417
            ],
            [
              993.6338633083506,
              3495.601912584156
            ],
            [
              991.3104856237769,
              3512.078563558869
            ],
            [
              996.2712572823511,
              3524.2236117720604
            ],
            [
              1020.4446905328659,
              3508.3336233142763
            ],
            [
              1035.307505681063,
              3473.782285552472
            ]
          ]
        ]
      },
      "properties": {
        "id": "forest:way:760665993",
        "tags": {
          "natural": "wood",
          "winter_sports_id": "1228774360",
          "winter_sports_name": "Killington Resort",
          "State": "Vermont",
          "Country": "United States of America",
          "Ski Area": "Killington Resort",
          "region": "north-america/us/vermont"
        },
        "natural": "wood"
      }
    },
    {
      "type": "Feature",
      "geometry": {
        "type": "Polygon",
        "coordinates": [
          [
            [
              1108.1745696176076,
              3642.159009564668
            ],
            [
              1164.316250111442,
              3643.6389494305477
            ],
            [
              1268.4942711108597,
              3653.8995935032144
            ],
            [
              1297.3350317678414,
              3589.6536945989355
            ],
            [
              1329.7389575211564,
              3547.674700750038
            ],
            [
              1321.568386107334,
              3528.6761399628595
            ],
            [
              1253.3581782759866,
              3512.972766893916
            ],
            [
              1176.7173707683105,
              3516.586514607072
            ],
            [
              1037.0392882042797,
              3522.6745836893097
            ],
            [
              992.2131791915745,
              3563.949818314053
            ],
            [
              1036.6045232935576,
              3610.587155743502
            ],
            [
              1108.1745696176076,
              3642.159009564668
            ]
          ]
        ]
      },
      "properties": {
        "id": "forest:way:760665994",
        "tags": {
          "natural": "wood",
          "winter_sports_id": "1228774360",
          "winter_sports_name": "Killington Resort",
          "State": "Vermont",
          "Country": "United States of America",
          "Ski Area": "Killington Resort",
          "region": "north-america/us/vermont"
        },
        "natural": "wood"
      }
    },
    {
      "type": "Feature",
      "geometry": {
        "type": "Polygon",
        "coordinates": [
          [
            [
              970.980319939903,
              3582.551388254389
            ],
            [
              902.3603855724214,
              3668.290647319518
            ],
            [
              1054.7756096560042,
              3650.88791316282
            ],
            [
              970.980319939903,
              3582.551388254389
            ]
          ]
        ]
      },
      "properties": {
        "id": "forest:way:760665995",
        "tags": {
          "natural": "wood",
          "winter_sports_id": "1228774360",
          "winter_sports_name": "Killington Resort",
          "State": "Vermont",
          "Country": "United States of America",
          "Ski Area": "Killington Resort",
          "region": "north-america/us/vermont"
        },
        "natural": "wood"
      }
    },
    {
      "type": "Feature",
      "geometry": {
        "type": "Polygon",
        "coordinates": [
          [
            [
              1061.9979546027025,
              3491.3901014104486
            ],
            [
              1082.8207889507757,
              3502.463884625584
            ],
            [
              1225.5884376205504,
              3493.4462847989053
            ],
            [
              1071.2510125510162,
              3440.531053257175
            ],
            [
              1052.6789040969452,
              3472.7395362192765
            ],
            [
              1061.9979546027025,
              3491.3901014104486
            ]
          ]
        ]
      },
      "properties": {
        "id": "forest:way:760665996",
        "tags": {
          "natural": "wood",
          "winter_sports_id": "1228774360",
          "winter_sports_name": "Killington Resort",
          "State": "Vermont",
          "Country": "United States of America",
          "Ski Area": "Killington Resort",
          "region": "north-america/us/vermont"
        },
        "natural": "wood"
      }
    },
    {
      "type": "Feature",
      "geometry": {
        "type": "Polygon",
        "coordinates": [
          [
            [
              1126.2893429354299,
              3426.9551724493504
            ],
            [
              1149.7806843525032,
              3436.9658490931615
            ],
            [
              1234.1347198415315,
              3455.3500417368487
            ],
            [
              1169.0066073529888,
              3379.979158894159
            ],
            [
              1114.2708083187463,
              3410.856308094226
            ],
            [
              1111.28288480232,
              3409.6439167438075
            ],
            [
              1126.2893429354299,
              3426.9551724493504
            ]
          ]
        ]
      },
      "properties": {
        "id": "forest:way:760665997",
        "tags": {
          "natural": "wood",
          "winter_sports_id": "1228774360",
          "winter_sports_name": "Killington Resort",
          "State": "Vermont",
          "Country": "United States of America",
          "Ski Area": "Killington Resort",
          "region": "north-america/us/vermont"
        },
        "natural": "wood"
      }
    },
    {
      "type": "Feature",
      "geometry": {
        "type": "Polygon",
        "coordinates": [
          [
            [
              589.789037579787,
              3208.4252873547375
            ],
            [
              577.5804149426986,
              3228.387739883736
            ],
            [
              588.4368561385199,
              3231.307032798417
            ],
            [
              641.9531747193541,
              3232.335543704219
            ],
            [
              659.0626259619603,
              3255.713667619042
            ],
            [
              733.0259977236856,
              3282.453896383755
            ],
            [
              769.282671010471,
              3294.677175906487
            ],
            [
              792.3816801968496,
              3290.783574100584
            ],
            [
              858.0429579020711,
              3331.966369827278
            ],
            [
              990.5302516123047,
              3370.0192864183336
            ],
            [
              1033.7135327901924,
              3348.2393708834425
            ],
            [
              685.5649563068291,
              3237.2385317003354
            ],
            [
              589.789037579787,
              3208.4252873547375
            ]
          ]
        ]
      },
      "properties": {
        "id": "forest:way:760665998",
        "tags": {
          "natural": "wood",
          "winter_sports_id": "1228774360",
          "winter_sports_name": "Killington Resort",
          "State": "Vermont",
          "Country": "United States of America",
          "Ski Area": "Killington Resort",
          "region": "north-america/us/vermont"
        },
        "natural": "wood"
      }
    },
    {
      "type": "Feature",
      "geometry": {
        "type": "Polygon",
        "coordinates": [
          [
            [
              653.3422059036093,
              3186.422445992008
            ],
            [
              685.6437745466828,
              3205.676533767022
            ],
            [
              722.1278679380193,
              3209.2698428472504
            ],
            [
              777.0052192047006,
              3215.97006860096
            ],
            [
              807.501024894882,
              3217.905929892324
            ],
            [
              840.2719927397557,
              3233.416571058333
            ],
            [
              875.4780205440475,
              3242.611959126778
            ],
            [
              896.6381281000795,
              3240.912728429772
            ],
            [
              910.3980983193032,
              3234.1396572384983
            ],
            [
              879.6260679863626,
              3214.168938782066
            ],
            [
              784.6562944463221,
              3197.3884650170803
            ],
            [
              746.3215325473575,
              3192.6236214926466
            ],
            [
              714.334378366475,
              3190.2820660583675
            ],
            [
              662.3638093933696,
              3173.1337173907086
            ],
            [
              619.4924030809198,
              3168.6171268243343
            ],
            [
              582.6904675898841,
              3177.4193742927164
            ],
            [
              630.2742862083251,
              3188.816954047419
            ],
            [
              653.3422059036093,
              3186.422445992008
            ]
          ]
        ]
      },
      "properties": {
        "id": "forest:way:760665999",
        "tags": {
          "natural": "wood",
          "winter_sports_id": "1228774360",
          "winter_sports_name": "Killington Resort",
          "State": "Vermont",
          "Country": "United States of America",
          "Ski Area": "Killington Resort",
          "region": "north-america/us/vermont"
        },
        "natural": "wood"
      }
    },
    {
      "type": "Feature",
      "geometry": {
        "type": "Polygon",
        "coordinates": [
          [
            [
              1002.3777701501967,
              3278.27289963793
            ],
            [
              1019.0900487098843,
              3273.456096770242
            ],
            [
              1023.6134931045817,
              3259.293575895019
            ],
            [
              937.2759453725303,
              3229.957017925568
            ],
            [
              927.9911420095013,
              3239.115132183768
            ],
            [
              969.7413508781465,
              3271.7785403328016
            ],
            [
              1002.3777701501967,
              3278.27289963793
            ]
          ]
        ]
      },
      "properties": {
        "id": "forest:way:760666000",
        "tags": {
          "natural": "wood",
          "winter_sports_id": "1228774360",
          "winter_sports_name": "Killington Resort",
          "State": "Vermont",
          "Country": "United States of America",
          "Ski Area": "Killington Resort",
          "region": "north-america/us/vermont"
        },
        "natural": "wood"
      }
    },
    {
      "type": "Feature",
      "geometry": {
        "type": "Polygon",
        "coordinates": [
          [
            [
              1138.9424171840074,
              3304.410607226193
            ],
            [
              1197.656115163234,
              3308.592519546859
            ],
            [
              1222.5696701904526,
              3293.4673596061766
            ],
            [
              1106.0077943657525,
              3266.343527934514
            ],
            [
              1098.1841339193052,
              3277.0403332859278
            ],
            [
              1138.9424171840074,
              3304.410607226193
            ]
          ]
        ]
      },
      "properties": {
        "id": "forest:way:760666001",
        "tags": {
          "natural": "wood",
          "winter_sports_id": "1228774360",
          "winter_sports_name": "Killington Resort",
          "State": "Vermont",
          "Country": "United States of America",
          "Ski Area": "Killington Resort",
          "region": "north-america/us/vermont"
        },
        "natural": "wood"
      }
    },
    {
      "type": "Feature",
      "geometry": {
        "type": "Polygon",
        "coordinates": [
          [
            [
              977.4640414352762,
              3150.2265496999025
            ],
            [
              905.4285465712892,
              3093.470692151226
            ],
            [
              849.6277036711108,
              3107.4063179213554
            ],
            [
              805.354920562706,
              3127.291627302766
            ],
            [
              716.3348118051654,
              3128.3290421226993
            ],
            [
              667.1625967458822,
              3119.901038121432
            ],
            [
              644.7602891951101,
              3139.973316320218
            ],
            [
              687.8649475191487,
              3149.753164084628
            ],
            [
              749.7896918266779,
              3161.1507469704375
            ],
            [
              796.8897231768351,
              3162.38960370142
            ],
            [
              839.0072398723569,
              3152.594734111801
            ],
            [
              878.5787556910655,
              3153.636072471738
            ],
            [
              913.0007031828864,
              3178.2151828585193
            ],
            [
              935.906073122751,
              3196.1117633339018
            ],
            [
              963.2557052560151,
              3202.844605362043
            ],
            [
              1009.8226915216073,
              3195.8020200217143
            ],
            [
              977.4640414352762,
              3150.2265496999025
            ]
          ]
        ]
      },
      "properties": {
        "id": "forest:way:760666002",
        "tags": {
          "natural": "wood",
          "winter_sports_id": "1228774360",
          "winter_sports_name": "Killington Resort",
          "State": "Vermont",
          "Country": "United States of America",
          "Ski Area": "Killington Resort",
          "region": "north-america/us/vermont"
        },
        "natural": "wood"
      }
    },
    {
      "type": "Feature",
      "geometry": {
        "type": "Polygon",
        "coordinates": [
          [
            [
              1188.1559567814693,
              3211.0598273659125
            ],
            [
              1281.426129826461,
              3222.144133966416
            ],
            [
              1487.4688047310337,
              3161.975485683419
            ],
            [
              1529.4810311730253,
              3145.824798603542
            ],
            [
              1530.5750432719942,
              3104.408903222531
            ],
            [
              1456.4405076808762,
              3057.5608763555065
            ],
            [
              1406.0690470135305,
              2996.670228123665
            ],
            [
              1348.355529880966,
              2951.1127666598186
            ],
            [
              1270.1634931920562,
              2959.408386425115
            ],
            [
              1184.2000204023207,
              2933.8352701766416
            ],
            [
              1110.6296455351403,
              2865.422525111586
            ],
            [
              1040.9140499107307,
              2880.8460953487083
            ],
            [
              995.3260107462993,
              2934.0380072696134
            ],
            [
              923.794408325688,
              3018.4892135802656
            ],
            [
              866.5503141658846,
              3054.1037359023467
            ],
            [
              1039.2476910675177,
              3174.3265775758773
            ],
            [
              1188.1559567814693,
              3211.0598273659125
            ]
          ]
        ]
      },
      "properties": {
        "id": "forest:way:760666003",
        "tags": {
          "natural": "wood",
          "winter_sports_id": "1228774360",
          "winter_sports_name": "Killington Resort",
          "State": "Vermont",
          "Country": "United States of America",
          "Ski Area": "Killington Resort",
          "region": "north-america/us/vermont"
        },
        "natural": "wood"
      }
    },
    {
      "type": "Feature",
      "geometry": {
        "type": "Polygon",
        "coordinates": [
          [
            [
              941.284252555226,
              2946.4299543444067
            ],
            [
              996.0755616546376,
              2872.7633124263957
            ],
            [
              1079.4118023832561,
              2833.513747512363
            ],
            [
              1008.9912831236143,
              2777.266291311942
            ],
            [
              1004.6574946389301,
              2744.3543688617647
            ],
            [
              743.2035288786283,
              2703.7986797299236
            ],
            [
              711.0171362657566,
              2716.0115044433624
            ],
            [
              687.2608337744605,
              2787.5397375700995
            ],
            [
              673.0282112819841,
              2798.4464344326407
            ],
            [
              665.3180688919965,
              2847.8460055580363
            ],
            [
              678.8283720766194,
              2893.2910335380584
            ],
            [
              734.7432854608633,
              2946.6194926798344
            ],
            [
              841.0715770976385,
              3030.560435309075
            ],
            [
              891.2816188893048,
              3002.9516704641283
            ],
            [
              941.284252555226,
              2946.4299543444067
            ]
          ]
        ]
      },
      "properties": {
        "id": "forest:way:760667536",
        "tags": {
          "natural": "wood",
          "winter_sports_id": "1228774360",
          "winter_sports_name": "Killington Resort",
          "State": "Vermont",
          "Country": "United States of America",
          "Ski Area": "Killington Resort",
          "region": "north-america/us/vermont"
        },
        "natural": "wood"
      }
    },
    {
      "type": "Feature",
      "geometry": {
        "type": "Polygon",
        "coordinates": [
          [
            [
              694.5162437729305,
              2656.528511783108
            ],
            [
              738.3485332211712,
              2669.773007204756
            ],
            [
              873.1861704717157,
              2681.9442572789267
            ],
            [
              951.9572529265424,
              2717.693264901638
            ],
            [
              1000.3268971139332,
              2723.279083698988
            ],
            [
              982.6224893591134,
              2671.876859745942
            ],
            [
              909.3336348849116,
              2559.439906405285
            ],
            [
              731.2264852932421,
              2347.543612377718
            ],
            [
              668.4583257142222,
              2274.530184603296
            ],
            [
              636.0704218505416,
              2308.7885165549815
            ],
            [
              666.9303908642614,
              2354.4892463944852
            ],
            [
              682.9582261373289,
              2436.932481531985
            ],
            [
              682.884506033035,
              2604.4199547031894
            ],
            [
              680.5678610507166,
              2626.8095382582396
            ],
            [
              694.5162437729305,
              2656.528511783108
            ]
          ]
        ]
      },
      "properties": {
        "id": "forest:way:760667537",
        "tags": {
          "natural": "wood",
          "winter_sports_id": "1228774360",
          "winter_sports_name": "Killington Resort",
          "State": "Vermont",
          "Country": "United States of America",
          "Ski Area": "Killington Resort",
          "region": "north-america/us/vermont"
        },
        "natural": "wood"
      }
    },
    {
      "type": "Feature",
      "geometry": {
        "type": "Polygon",
        "coordinates": [
          [
            [
              2032.3888083664933,
              3238.7283153794706
            ],
            [
              2070.99898147129,
              3231.248864579946
            ],
            [
              2093.551297468948,
              3210.2515035616234
            ],
            [
              2098.286108172848,
              3180.2796212313697
            ],
            [
              2096.084729040391,
              3139.332005314529
            ],
            [
              2104.5334724830464,
              3068.2469574688002
            ],
            [
              2108.7327419087524,
              3008.8192797526717
            ],
            [
              2123.1808872154215,
              2971.580490713939
            ],
            [
              2119.858146300772,
              2948.263678695075
            ],
            [
              2119.6966338860802,
              2917.183997787535
            ],
            [
              2130.2158592254855,
              2879.5076686609536
            ],
            [
              2127.21509524493,
              2856.5328182857484
            ],
            [
              2105.116879810812,
              2835.6637319223955
            ],
            [
              2087.1337438424816,
              2832.8976956149563
            ],
            [
              2054.5556495691417,
              2823.5322035644203
            ],
            [
              2029.0082933595404,
              2808.784868986346
            ],
            [
              2009.6466463719262,
              2796.1686754943803
            ],
            [
              1988.441638449207,
              2803.453753025271
            ],
            [
              1999.0936031717574,
              2835.1446259273216
            ],
            [
              1993.9867606298067,
              2879.1773013575003
            ],
            [
              1981.8929444217356,
              3025.74260340631
            ],
            [
              1957.4468031028518,
              3130.7581848092377
            ],
            [
              1964.0674131981796,
              3227.7606278033927
            ],
            [
              1993.018864526297,
              3238.007787956856
            ],
            [
              2032.3888083664933,
              3238.7283153794706
            ]
          ]
        ]
      },
      "properties": {
        "id": "forest:way:760853818",
        "tags": {
          "natural": "wood",
          "winter_sports_id": "1228774360",
          "winter_sports_name": "Killington Resort",
          "State": "Vermont",
          "Country": "United States of America",
          "Ski Area": "Killington Resort",
          "region": "north-america/us/vermont"
        },
        "natural": "wood"
      }
    },
    {
      "type": "Feature",
      "geometry": {
        "type": "Polygon",
        "coordinates": [
          [
            [
              2228.454234490986,
              3141.8963748058304
            ],
            [
              2259.864145959611,
              3100.86204197444
            ],
            [
              2270.747619717382,
              3049.780652910471
            ],
            [
              2267.6694244283717,
              3002.6523824650794
            ],
            [
              2248.978165490553,
              2955.965822660364
            ],
            [
              2211.901110504172,
              2932.9652835084125
            ],
            [
              2187.552578497678,
              2920.238536655903
            ],
            [
              2165.0212000658503,
              2887.698908964172
            ],
            [
              2154.3417023519287,
              2898.207749291323
            ],
            [
              2163.3564998570364,
              2966.643675815314
            ],
            [
              2138.1738009535475,
              3050.588863071054
            ],
            [
              2135.046584767406,
              3135.974476993084
            ],
            [
              2136.553264978458,
              3209.824088279158
            ],
            [
              2186.7393803443993,
              3179.645645209588
            ],
            [
              2228.454234490986,
              3141.8963748058304
            ]
          ]
        ]
      },
      "properties": {
        "id": "forest:way:760853820",
        "tags": {
          "natural": "wood",
          "winter_sports_id": "1228774360",
          "winter_sports_name": "Killington Resort",
          "State": "Vermont",
          "Country": "United States of America",
          "Ski Area": "Killington Resort",
          "region": "north-america/us/vermont"
        },
        "natural": "wood"
      }
    },
    {
      "type": "Feature",
      "geometry": {
        "type": "Polygon",
        "coordinates": [
          [
            [
              2243.170723037445,
              2837.5673478329554
            ],
            [
              2234.753665011376,
              2817.260701189749
            ],
            [
              2220.2026467287214,
              2840.681561568752
            ],
            [
              2216.257282896666,
              2867.351157221943
            ],
            [
              2229.383373395307,
              2888.5273080021143
            ],
            [
              2251.6345621470828,
              2902.9990876633674
            ],
            [
              2255.8626542241545,
              2893.6863414263353
            ],
            [
              2243.170723037445,
              2837.5673478329554
            ]
          ]
        ]
      },
      "properties": {
        "id": "forest:way:760853821",
        "tags": {
          "natural": "wood",
          "winter_sports_id": "1228774360",
          "winter_sports_name": "Killington Resort",
          "State": "Vermont",
          "Country": "United States of America",
          "Ski Area": "Killington Resort",
          "region": "north-america/us/vermont"
        },
        "natural": "wood"
      }
    },
    {
      "type": "Feature",
      "geometry": {
        "type": "Polygon",
        "coordinates": [
          [
            [
              1789.1406110391254,
              3186.0092365611345
            ],
            [
              1752.2799522377318,
              3154.8257987461984
            ],
            [
              1727.3510967318434,
              3147.253475553356
            ],
            [
              1710.908189999056,
              3163.223226495087
            ],
            [
              1719.5835755428998,
              3178.990287189372
            ],
            [
              1743.6944032157771,
              3217.182817991823
            ],
            [
              1771.7767627154244,
              3236.4863253543153
            ],
            [
              1811.5866270064143,
              3237.9729591747746
            ],
            [
              1809.2112766102655,
              3213.3032463965937
            ],
            [
              1789.1406110391254,
              3186.0092365611345
            ]
          ]
        ]
      },
      "properties": {
        "id": "forest:way:760853822",
        "tags": {
          "natural": "wood",
          "winter_sports_id": "1228774360",
          "winter_sports_name": "Killington Resort",
          "State": "Vermont",
          "Country": "United States of America",
          "Ski Area": "Killington Resort",
          "region": "north-america/us/vermont"
        },
        "natural": "wood"
      }
    },
    {
      "type": "Feature",
      "geometry": {
        "type": "Polygon",
        "coordinates": [
          [
            [
              1653.2523670062656,
              3099.1148692350835
            ],
            [
              1623.7071562345373,
              3086.2417115084827
            ],
            [
              1569.8220503426855,
              3026.979575051926
            ],
            [
              1516.7103916398482,
              2955.2126775514334
            ],
            [
              1480.9270741351647,
              2915.857075772248
            ],
            [
              1394.3691035333322,
              2814.2891151690856
            ],
            [
              1339.3936577488203,
              2747.2204026319087
            ],
            [
              1304.5970007813303,
              2703.135047382675
            ],
            [
              1263.74287820037,
              2675.294639805332
            ],
            [
              1218.0030937758274,
              2619.262471035123
            ],
            [
              1169.6525829023449,
              2563.595302206464
            ],
            [
              1236.3509221399436,
              2646.5090958010405
            ],
            [
              1298.3805816484382,
              2725.421665930189
            ],
            [
              1395.6324483797653,
              2848.420720309019
            ],
            [
              1499.5160729999188,
              2982.821866368875
            ],
            [
              1548.6068863291293,
              3043.2570850569755
            ],
            [
              1603.6577942655422,
              3107.295616752468
            ],
            [
              1630.6528886178276,
              3134.7720248233527
            ],
            [
              1668.708209764678,
              3153.471751637757
            ],
            [
              1694.60328495875,
              3157.1794315269217
            ],
            [
              1709.3136812694138,
              3125.192723617889
            ],
            [
              1653.2523670062656,
              3099.1148692350835
            ]
          ]
        ]
      },
      "properties": {
        "id": "forest:way:760853823",
        "tags": {
          "natural": "wood",
          "winter_sports_id": "1228774360",
          "winter_sports_name": "Killington Resort",
          "State": "Vermont",
          "Country": "United States of America",
          "Ski Area": "Killington Resort",
          "region": "north-america/us/vermont"
        },
        "natural": "wood"
      }
    },
    {
      "type": "Feature",
      "geometry": {
        "type": "Polygon",
        "coordinates": [
          [
            [
              1671.1866291023325,
              3027.64676537551
            ],
            [
              1676.5388714828296,
              2998.9913757601753
            ],
            [
              1693.5747897122055,
              2975.568465769291
            ],
            [
              1708.821392108337,
              2932.781807922758
            ],
            [
              1728.5359552076552,
              2882.277812190354
            ],
            [
              1738.923173858435,
              2849.5099760359153
            ],
            [
              1745.395683176699,
              2803.546102047898
            ],
            [
              1735.1313204802573,
              2757.1507564261556
            ],
            [
              1738.9989315870916,
              2710.13995186612
            ],
            [
              1724.919487281586,
              2671.5014949925244
            ],
            [
              1733.312034794595,
              2639.658955069259
            ],
            [
              1721.6912475462304,
              2607.287249231711
            ],
            [
              1715.9398684996413,
              2564.2788681080565
            ],
            [
              1724.1853479138808,
              2538.0006390996277
            ],
            [
              1717.3487259699032,
              2510.9902327768505
            ],
            [
              1713.676878653816,
              2451.0210237447172
            ],
            [
              1736.3488479317166,
              2413.0208622319624
            ],
            [
              1739.7001402083552,
              2398.0608593216166
            ],
            [
              1728.6831717671594,
              2380.098015129566
            ],
            [
              1646.1512042318936,
              2335.0602068454027
            ],
            [
              1614.8918804248096,
              2312.9616863951087
            ],
            [
              1577.5381418109173,
              2276.376166618429
            ],
            [
              1526.5544931017794,
              2240.297840183601
            ],
            [
              1485.3218301212182,
              2197.653266483918
            ],
            [
              1460.3348112109816,
              2174.0873507438228
            ],
            [
              1410.2920572467847,
              2166.8760580969974
            ],
            [
              1378.6742200279841,
              2145.7584290206432
            ],
            [
              1367.6230416357284,
              2104.2444765726104
            ],
            [
              1323.4086187892826,
              2062.511503833346
            ],
            [
              1297.070032156189,
              2040.5443914337084
            ],
            [
              1236.9570157810813,
              2016.7200037138537
            ],
            [
              1174.1698345977347,
              1994.4483693968505
            ],
            [
              1119.5418244426837,
              1986.7961950339377
            ],
            [
              1072.5760849971557,
              1987.1928416350856
            ],
            [
              1054.0695370708127,
              1991.9401988228783
            ],
            [
              1043.9354552651057,
              1990.0395514126867
            ],
            [
              1039.167369025643,
              1984.0235114963725
            ],
            [
              988.4779519753065,
              1976.4650169033557
            ],
            [
              980.2088733321289,
              2003.7325364956632
            ],
            [
              962.4073818165343,
              2031.4048819560558
            ],
            [
              950.6303244215669,
              2042.220125919208
            ],
            [
              967.7332479506731,
              2091.0944799603894
            ],
            [
              969.607438556035,
              2119.6070571681485
            ],
            [
              998.8180680167861,
              2182.203871803358
            ],
            [
              1014.6822377805365,
              2228.100540568121
            ],
            [
              1036.3845988101093,
              2276.773939203471
            ],
            [
              1041.9601448666072,
              2302.1053742859513
            ],
            [
              1095.5338054337772,
              2374.5135413976386
            ],
            [
              1108.0006337511586,
              2400.0377172436565
            ],
            [
              1109.1607867253479,
              2430.4876617575064
            ],
            [
              1104.576069309609,
              2455.229184110649
            ],
            [
              1135.0575881156838,
              2494.3094092626125
            ],
            [
              1158.531519005075,
              2500.818507852033
            ],
            [
              1167.8552471188596,
              2533.1285296892747
            ],
            [
              1192.627860795823,
              2539.9942960478365
            ],
            [
              1266.4025611060206,
              2643.033715626225
            ],
            [
              1329.5020031438908,
              2715.3618796244264
            ],
            [
              1389.8743651704863,
              2791.219738344662
            ],
            [
              1478.5056984297698,
              2891.041868359782
            ],
            [
              1531.176890012226,
              2947.7259402731434
            ],
            [
              1587.3017248156248,
              3022.806801468134
            ],
            [
              1632.912500911858,
              3073.414714196697
            ],
            [
              1676.042301021167,
              3093.5267164912075
            ],
            [
              1685.8207006395096,
              3094.7632826166227
            ],
            [
              1675.6712872452335,
              3056.5510893277824
            ],
            [
              1671.1866291023325,
              3027.64676537551
            ]
          ]
        ]
      },
      "properties": {
        "id": "forest:way:760853824",
        "tags": {
          "natural": "wood",
          "winter_sports_id": "1228774360",
          "winter_sports_name": "Killington Resort",
          "State": "Vermont",
          "Country": "United States of America",
          "Ski Area": "Killington Resort",
          "region": "north-america/us/vermont"
        },
        "natural": "wood"
      }
    },
    {
      "type": "Feature",
      "geometry": {
        "type": "Polygon",
        "coordinates": [
          [
            [
              1828.0918339345371,
              3124.133340046741
            ],
            [
              1877.8207487248583,
              3069.089150038548
            ],
            [
              1910.4152254688088,
              2920.387881788425
            ],
            [
              1908.1378287855769,
              2863.956302544102
            ],
            [
              1804.1644398489734,
              2831.152177187614
            ],
            [
              1760.7876114867395,
              2931.466377850622
            ],
            [
              1723.908410959877,
              3013.914274405688
            ],
            [
              1735.4273994879331,
              3091.629300358705
            ],
            [
              1769.6799152918393,
              3136.8697865428403
            ],
            [
              1798.9326399556594,
              3171.4641582835466
            ],
            [
              1809.507191814715,
              3170.9881582753733
            ],
            [
              1828.0918339345371,
              3124.133340046741
            ]
          ]
        ]
      },
      "properties": {
        "id": "forest:way:760853825",
        "tags": {
          "natural": "wood",
          "winter_sports_id": "1228774360",
          "winter_sports_name": "Killington Resort",
          "State": "Vermont",
          "Country": "United States of America",
          "Ski Area": "Killington Resort",
          "region": "north-america/us/vermont"
        },
        "natural": "wood"
      }
    },
    {
      "type": "Feature",
      "geometry": {
        "type": "Polygon",
        "coordinates": [
          [
            [
              1907.1060125014046,
              2841.3115661367774
            ],
            [
              1890.43649053853,
              2673.268068270758
            ],
            [
              1846.7384750569472,
              2642.8035738198087
            ],
            [
              1822.4632553480333,
              2619.6106167901307
            ],
            [
              1799.7917330412893,
              2621.2670692503452
            ],
            [
              1785.7891091818456,
              2637.4346225280315
            ],
            [
              1790.103861737065,
              2787.857188889757
            ],
            [
              1810.5783952778438,
              2812.4499346008524
            ],
            [
              1854.8029136703117,
              2826.9459552690387
            ],
            [
              1889.1013042905834,
              2837.834183461033
            ],
            [
              1907.1060125014046,
              2841.3115661367774
            ]
          ]
        ]
      },
      "properties": {
        "id": "forest:way:760853826",
        "tags": {
          "natural": "wood",
          "winter_sports_id": "1228774360",
          "winter_sports_name": "Killington Resort",
          "State": "Vermont",
          "Country": "United States of America",
          "Ski Area": "Killington Resort",
          "region": "north-america/us/vermont"
        },
        "natural": "wood"
      }
    },
    {
      "type": "Feature",
      "geometry": {
        "type": "Polygon",
        "coordinates": [
          [
            [
              1827.3972238233546,
              2521.324898042716
            ],
            [
              1814.1336501294281,
              2481.1518565854058
            ],
            [
              1808.7168976067333,
              2429.171959850006
            ],
            [
              1795.794455168303,
              2404.7901567127556
            ],
            [
              1780.9618957291823,
              2423.925505341962
            ],
            [
              1778.5789361796342,
              2456.927209928632
            ],
            [
              1761.030199816334,
              2493.273331157863
            ],
            [
              1756.2768515925854,
              2530.7136053349823
            ],
            [
              1776.0971965916688,
              2550.765406985767
            ],
            [
              1792.398956289515,
              2590.262967138551
            ],
            [
              1823.3859481709078,
              2558.7847775379196
            ],
            [
              1827.3972238233546,
              2521.324898042716
            ]
          ]
        ]
      },
      "properties": {
        "id": "forest:way:760856123",
        "tags": {
          "natural": "wood",
          "winter_sports_id": "1228774360",
          "winter_sports_name": "Killington Resort",
          "State": "Vermont",
          "Country": "United States of America",
          "Ski Area": "Killington Resort",
          "region": "north-america/us/vermont"
        },
        "natural": "wood"
      }
    },
    {
      "type": "Feature",
      "geometry": {
        "type": "Polygon",
        "coordinates": [
          [
            [
              1836.295230850461,
              2415.4530349168926
            ],
            [
              1834.5625520702451,
              2431.8006396805868
            ],
            [
              1853.9126677480526,
              2453.451783431694
            ],
            [
              1863.5625847479096,
              2497.7304626451805
            ],
            [
              1865.202802976477,
              2534.0172789823264
            ],
            [
              1858.642316081794,
              2569.231312278658
            ],
            [
              1843.4312138118548,
              2604.2053552037105
            ],
            [
              1889.1257178118685,
              2644.6809777067974
            ],
            [
              1871.3917825381504,
              2431.052354997024
            ],
            [
              1836.295230850461,
              2415.4530349168926
            ]
          ]
        ]
      },
      "properties": {
        "id": "forest:way:760856124",
        "tags": {
          "natural": "wood",
          "winter_sports_id": "1228774360",
          "winter_sports_name": "Killington Resort",
          "State": "Vermont",
          "Country": "United States of America",
          "Ski Area": "Killington Resort",
          "region": "north-america/us/vermont"
        },
        "natural": "wood"
      }
    },
    {
      "type": "Feature",
      "geometry": {
        "type": "Polygon",
        "coordinates": [
          [
            [
              2059.2471381776268,
              2810.1304733539
            ],
            [
              2096.3388772740727,
              2815.858972368762
            ],
            [
              2080.635286177043,
              2787.401690979488
            ],
            [
              2056.3493350294884,
              2756.127481985837
            ],
            [
              2050.7750571703073,
              2721.4590360336006
            ],
            [
              2053.0959977544844,
              2699.0808985047042
            ],
            [
              2063.0411843225593,
              2683.373210584745
            ],
            [
              2058.729864396737,
              2633.6451055835932
            ],
            [
              2047.093360579689,
              2582.411500410177
            ],
            [
              2026.0953627199633,
              2541.2995560904965
            ],
            [
              2000.3643399217399,
              2548.386971161701
            ],
            [
              1977.571860652999,
              2558.564238063991
            ],
            [
              1960.1566535055172,
              2611.1846346370876
            ],
            [
              1971.4652070879238,
              2625.7213493874297
            ],
            [
              1963.0631628665142,
              2665.1988686760888
            ],
            [
              1969.4973931384739,
              2732.6769188912585
            ],
            [
              1983.422684891615,
              2779.2141060465947
            ],
            [
              2016.6966809094884,
              2781.82910422422
            ],
            [
              2059.2471381776268,
              2810.1304733539
            ]
          ]
        ]
      },
      "properties": {
        "id": "forest:way:760856125",
        "tags": {
          "natural": "wood",
          "winter_sports_id": "1228774360",
          "winter_sports_name": "Killington Resort",
          "State": "Vermont",
          "Country": "United States of America",
          "Ski Area": "Killington Resort",
          "region": "north-america/us/vermont"
        },
        "natural": "wood"
      }
    },
    {
      "type": "Feature",
      "geometry": {
        "type": "Polygon",
        "coordinates": [
          [
            [
              2012.6779509050539,
              2524.973087265156
            ],
            [
              2015.2745559617179,
              2508.6483819028363
            ],
            [
              2007.9700569355628,
              2489.8942036842927
            ],
            [
              1989.870832197019,
              2470.4318600129336
            ],
            [
              1964.380842509796,
              2451.6296952264383
            ],
            [
              1958.9403633453185,
              2460.9883135817945
            ],
            [
              1952.0805956468685,
              2556.6000973079354
            ],
            [
              1994.0165067608468,
              2542.606200600043
            ],
            [
              2012.6779509050539,
              2524.973087265156
            ]
          ]
        ]
      },
      "properties": {
        "id": "forest:way:760856126",
        "tags": {
          "natural": "wood",
          "winter_sports_id": "1228774360",
          "winter_sports_name": "Killington Resort",
          "State": "Vermont",
          "Country": "United States of America",
          "Ski Area": "Killington Resort",
          "region": "north-america/us/vermont"
        },
        "natural": "wood"
      }
    },
    {
      "type": "Feature",
      "geometry": {
        "type": "Polygon",
        "coordinates": [
          [
            [
              1982.8808865773026,
              2358.0488121025264
            ],
            [
              1960.3945697692689,
              2307.82855240535
            ],
            [
              1933.694453725475,
              2302.376016278751
            ],
            [
              1934.8279602556722,
              2324.845599545166
            ],
            [
              1952.4086043844,
              2347.7505498947576
            ],
            [
              1955.2997633840423,
              2369.4108771355823
            ],
            [
              1957.7064320874633,
              2393.2034239368513
            ],
            [
              1948.5675974542974,
              2411.088771864772
            ],
            [
              1966.3027163046645,
              2411.9806155143306
            ],
            [
              1962.8913859890308,
              2426.138720722869
            ],
            [
              1994.4404288748046,
              2428.696728796698
            ],
            [
              1982.8808865773026,
              2358.0488121025264
            ]
          ]
        ]
      },
      "properties": {
        "id": "forest:way:760856127",
        "tags": {
          "natural": "wood",
          "winter_sports_id": "1228774360",
          "winter_sports_name": "Killington Resort",
          "State": "Vermont",
          "Country": "United States of America",
          "Ski Area": "Killington Resort",
          "region": "north-america/us/vermont"
        },
        "natural": "wood"
      }
    },
    {
      "type": "Feature",
      "geometry": {
        "type": "Polygon",
        "coordinates": [
          [
            [
              782.7311206579907,
              3095.5992013728246
            ],
            [
              836.0965416326653,
              3086.7558940192685
            ],
            [
              865.6381003564456,
              3071.584473288618
            ],
            [
              825.4079016217729,
              3036.9390420066193
            ],
            [
              777.5457605767297,
              3053.896021358669
            ],
            [
              725.138356486219,
              3069.6001719823107
            ],
            [
              692.9434311653022,
              3077.2893269648775
            ],
            [
              684.4083350378787,
              3097.559357089922
            ],
            [
              720.9389786242973,
              3099.097739986144
            ],
            [
              782.7311206579907,
              3095.5992013728246
            ]
          ]
        ]
      },
      "properties": {
        "id": "forest:way:760856128",
        "tags": {
          "natural": "wood",
          "winter_sports_id": "1228774360",
          "winter_sports_name": "Killington Resort",
          "State": "Vermont",
          "Country": "United States of America",
          "Ski Area": "Killington Resort",
          "region": "north-america/us/vermont"
        },
        "natural": "wood"
      }
    },
    {
      "type": "Feature",
      "geometry": {
        "type": "Polygon",
        "coordinates": [
          [
            [
              563.8788153523346,
              3170.867953744717
            ],
            [
              575.9544967882102,
              3165.494792613201
            ],
            [
              584.1032726188423,
              3148.848804788664
            ],
            [
              554.3899849830195,
              3143.855931714177
            ],
            [
              529.9365479703993,
              3137.512058207765
            ],
            [
              514.5435521820327,
              3136.3742310190573
            ],
            [
              506.1436499977717,
              3143.8334595300257
            ],
            [
              516.6776689755498,
              3149.8116484992206
            ],
            [
              517.444305974408,
              3158.7452858965844
            ],
            [
              539.0776071958244,
              3168.2381260031834
            ],
            [
              563.8788153523346,
              3170.867953744717
            ]
          ]
        ]
      },
      "properties": {
        "id": "forest:way:760856129",
        "tags": {
          "natural": "wood",
          "winter_sports_id": "1228774360",
          "winter_sports_name": "Killington Resort",
          "State": "Vermont",
          "Country": "United States of America",
          "Ski Area": "Killington Resort",
          "region": "north-america/us/vermont"
        },
        "natural": "wood"
      }
    },
    {
      "type": "Feature",
      "geometry": {
        "type": "Polygon",
        "coordinates": [
          [
            [
              621.4118122897344,
              3066.6956897657365
            ],
            [
              625.1468899603933,
              3033.340404005721
            ],
            [
              615.353995258105,
              3003.7640663627535
            ],
            [
              611.9943604638102,
              3012.0780416456982
            ],
            [
              606.7250541403191,
              3060.185880881734
            ],
            [
              602.3458548545605,
              3101.77090881858
            ],
            [
              615.8835749624996,
              3075.7973453328013
            ],
            [
              621.4118122897344,
              3066.6956897657365
            ]
          ]
        ]
      },
      "properties": {
        "id": "forest:way:760856132",
        "tags": {
          "natural": "wood",
          "winter_sports_id": "1228774360",
          "winter_sports_name": "Killington Resort",
          "State": "Vermont",
          "Country": "United States of America",
          "Ski Area": "Killington Resort",
          "region": "north-america/us/vermont"
        },
        "natural": "wood"
      }
    },
    {
      "type": "Feature",
      "geometry": {
        "type": "Polygon",
        "coordinates": [
          [
            [
              670.3968952141004,
              3072.4288007011637
            ],
            [
              702.7300190869719,
              3053.340096906759
            ],
            [
              750.8675359812332,
              3032.0442186351866
            ],
            [
              806.7350228287978,
              3016.509070903063
            ],
            [
              768.5021570528625,
              2985.4175068363547
            ],
            [
              729.5122212601127,
              2958.229555132799
            ],
            [
              691.3389027467929,
              2950.035091964528
            ],
            [
              644.0562270218506,
              2951.0817639911547
            ],
            [
              631.3399293163093,
              2960.2278972407803
            ],
            [
              625.4678523755865,
              2983.9466667147353
            ],
            [
              628.0822599523235,
              3009.5222298419103
            ],
            [
              638.6335546501214,
              3032.361148286611
            ],
            [
              638.9481166134356,
              3057.8762781731784
            ],
            [
              626.8468535981374,
              3081.420220966451
            ],
            [
              611.757581894868,
              3106.2082399697974
            ],
            [
              643.8585935413139,
              3095.937767751515
            ],
            [
              670.3968952141004,
              3072.4288007011637
            ]
          ]
        ]
      },
      "properties": {
        "id": "forest:way:760856133",
        "tags": {
          "natural": "wood",
          "winter_sports_id": "1228774360",
          "winter_sports_name": "Killington Resort",
          "State": "Vermont",
          "Country": "United States of America",
          "Ski Area": "Killington Resort",
          "region": "north-america/us/vermont"
        },
        "natural": "wood"
      }
    },
    {
      "type": "Feature",
      "geometry": {
        "type": "Polygon",
        "coordinates": [
          [
            [
              706.6835459927097,
              2937.057117025368
            ],
            [
              676.91603090649,
              2915.0466335602105
            ],
            [
              656.9136183377123,
              2880.3450172692537
            ],
            [
              639.5127925991546,
              2932.846374596469
            ],
            [
              695.2975019969745,
              2940.136465428397
            ],
            [
              706.6835459927097,
              2937.057117025368
            ]
          ]
        ]
      },
      "properties": {
        "id": "forest:way:760856134",
        "tags": {
          "natural": "wood",
          "winter_sports_id": "1228774360",
          "winter_sports_name": "Killington Resort",
          "State": "Vermont",
          "Country": "United States of America",
          "Ski Area": "Killington Resort",
          "region": "north-america/us/vermont"
        },
        "natural": "wood"
      }
    },
    {
      "type": "Feature",
      "geometry": {
        "type": "Polygon",
        "coordinates": [
          [
            [
              633.8650752803078,
              2903.779066312127
            ],
            [
              643.8895248521585,
              2866.476860200055
            ],
            [
              650.844848326291,
              2831.350164949894
            ],
            [
              650.757306435029,
              2799.039181638509
            ],
            [
              631.4524175308179,
              2766.0453491322696
            ],
            [
              601.5393954465399,
              2735.3957890374586
            ],
            [
              574.2501751575619,
              2712.1394881326705
            ],
            [
              563.331052997848,
              2668.841141481884
            ],
            [
              559.7356683489634,
              2633.2483098274097
            ],
            [
              554.6318270994816,
              2633.8700098423287
            ],
            [
              551.8462851388613,
              2661.215295237489
            ],
            [
              554.9329097458394,
              2694.3496606471017
            ],
            [
              546.3326662065228,
              2727.554941748269
            ],
            [
              545.3386762484442,
              2743.877655976452
            ],
            [
              564.0939081228571,
              2783.058435943909
            ],
            [
              579.2821325409459,
              2822.145573622547
            ],
            [
              586.1028945607832,
              2842.230104131624
            ],
            [
              586.850642305566,
              2878.314980732277
            ],
            [
              603.8697499675909,
              2904.869146509096
            ],
            [
              620.7056167386472,
              2909.8127438556403
            ],
            [
              633.8650752803078,
              2903.779066312127
            ]
          ]
        ]
      },
      "properties": {
        "id": "forest:way:760856135",
        "tags": {
          "natural": "wood",
          "winter_sports_id": "1228774360",
          "winter_sports_name": "Killington Resort",
          "State": "Vermont",
          "Country": "United States of America",
          "Ski Area": "Killington Resort",
          "region": "north-america/us/vermont"
        },
        "natural": "wood"
      }
    },
    {
      "type": "Feature",
      "geometry": {
        "type": "Polygon",
        "coordinates": [
          [
            [
              965.2986396681517,
              2419.808157371357
            ],
            [
              936.1400781831471,
              2355.267822393216
            ],
            [
              900.6912914157147,
              2312.7681182557717
            ],
            [
              859.1129540610127,
              2264.4169474029914
            ],
            [
              822.0830887061311,
              2238.391679622233
            ],
            [
              780.147225978435,
              2181.4849166134372
            ],
            [
              718.5273301096167,
              2221.431572029367
            ],
            [
              846.4855525539024,
              2375.1146744992584
            ],
            [
              954.2536822351394,
              2535.671062219888
            ],
            [
              984.4669172823196,
              2559.8061367310584
            ],
            [
              984.6883895281935,
              2486.369846109301
            ],
            [
              965.2986396681517,
              2419.808157371357
            ]
          ]
        ]
      },
      "properties": {
        "id": "forest:way:760856136",
        "tags": {
          "natural": "wood",
          "winter_sports_id": "1228774360",
          "winter_sports_name": "Killington Resort",
          "State": "Vermont",
          "Country": "United States of America",
          "Ski Area": "Killington Resort",
          "region": "north-america/us/vermont"
        },
        "natural": "wood"
      }
    },
    {
      "type": "Feature",
      "geometry": {
        "type": "Polygon",
        "coordinates": [
          [
            [
              1108.0897835219512,
              2638.7938874289393
            ],
            [
              1101.4498959603952,
              2587.371664451435
            ],
            [
              1068.6364297368564,
              2466.374578276649
            ],
            [
              1024.8814405688317,
              2413.974943725392
            ],
            [
              990.5300389167387,
              2394.8543776068836
            ],
            [
              997.515860655345,
              2433.1819742517546
            ],
            [
              1014.6366379157407,
              2499.1060932250693
            ],
            [
              1013.8461155197583,
              2550.8993282234296
            ],
            [
              1003.1640715431422,
              2587.6280778720975
            ],
            [
              1078.2578306690557,
              2686.965692717582
            ],
            [
              1096.1647141713183,
              2679.4686244186014
            ],
            [
              1108.0897835219512,
              2638.7938874289393
            ]
          ]
        ]
      },
      "properties": {
        "id": "forest:way:760856137",
        "tags": {
          "natural": "wood",
          "winter_sports_id": "1228774360",
          "winter_sports_name": "Killington Resort",
          "State": "Vermont",
          "Country": "United States of America",
          "Ski Area": "Killington Resort",
          "region": "north-america/us/vermont"
        },
        "natural": "wood"
      }
    },
    {
      "type": "Feature",
      "geometry": {
        "type": "Polygon",
        "coordinates": [
          [
            [
              988.169009156758,
              2202.329027033411
            ],
            [
              966.8083741641603,
              2167.035097412765
            ],
            [
              951.1206029851455,
              2111.9629597589374
            ],
            [
              934.2567065035691,
              2057.9935646625236
            ],
            [
              848.3840104349656,
              2129.187252709642
            ],
            [
              867.6330819708528,
              2157.5900354208425
            ],
            [
              883.9837946661282,
              2166.0001453747973
            ],
            [
              880.1646345956251,
              2180.703649944626
            ],
            [
              895.4865576510783,
              2206.7248135097325
            ],
            [
              936.8214837546693,
              2242.5441878577694
            ],
            [
              991.1375519476132,
              2284.9739592494443
            ],
            [
              1017.8963749848772,
              2288.523731756024
            ],
            [
              1013.5197638793616,
              2259.367292427458
            ],
            [
              988.169009156758,
              2202.329027033411
            ]
          ]
        ]
      },
      "properties": {
        "id": "forest:way:760856138",
        "tags": {
          "natural": "wood",
          "winter_sports_id": "1228774360",
          "winter_sports_name": "Killington Resort",
          "State": "Vermont",
          "Country": "United States of America",
          "Ski Area": "Killington Resort",
          "region": "north-america/us/vermont"
        },
        "natural": "wood"
      }
    },
    {
      "type": "Feature",
      "geometry": {
        "type": "Polygon",
        "coordinates": [
          [
            [
              926.3701105520595,
              2280.0237599015236
            ],
            [
              856.6614462377038,
              2217.0063652377576
            ],
            [
              826.8824712998467,
              2153.5617235591635
            ],
            [
              801.235327356495,
              2160.8448875425383
            ],
            [
              821.1143699721433,
              2202.145343161188
            ],
            [
              850.8989605953684,
              2227.302030357532
            ],
            [
              873.1070770828519,
              2236.844255381264
            ],
            [
              898.4863731303485,
              2277.7895629433915
            ],
            [
              926.481346177985,
              2313.846932416782
            ],
            [
              937.3916927346727,
              2316.612532830797
            ],
            [
              956.6086880002404,
              2344.9703299105167
            ],
            [
              992.0269580532331,
              2383.7018703687936
            ],
            [
              996.6838692493038,
              2377.367178997956
            ],
            [
              926.3701105520595,
              2280.0237599015236
            ]
          ]
        ]
      },
      "properties": {
        "id": "forest:way:760856140",
        "tags": {
          "natural": "wood",
          "winter_sports_id": "1228774360",
          "winter_sports_name": "Killington Resort",
          "State": "Vermont",
          "Country": "United States of America",
          "Ski Area": "Killington Resort",
          "region": "north-america/us/vermont"
        },
        "natural": "wood"
      }
    },
    {
      "type": "Feature",
      "geometry": {
        "type": "Polygon",
        "coordinates": [
          [
            [
              1641.5904429346556,
              2289.138156023808
            ],
            [
              1648.7468592192745,
              2300.0969072291628
            ],
            [
              1656.5082655992592,
              2302.5248516239226
            ],
            [
              1665.9700485238573,
              2296.839935432188
            ],
            [
              1676.6619850924471,
              2300.8346543051302
            ],
            [
              1710.6868001701077,
              2310.2697208505124
            ],
            [
              1745.0746901637176,
              2319.7145652249455
            ],
            [
              1769.5915366682457,
              2322.218921673484
            ],
            [
              1805.5522809721297,
              2314.6342758210376
            ],
            [
              1828.2164885855746,
              2302.608048291877
            ],
            [
              1842.4144009472802,
              2287.0236533908173
            ],
            [
              1841.8992103096098,
              2278.1075528692454
            ],
            [
              1842.4570196655113,
              2271.064795038663
            ],
            [
              1858.283615581342,
              2264.4371017757803
            ],
            [
              1860.687631095876,
              2257.821072728373
            ],
            [
              1847.174953463371,
              2247.80533962138
            ],
            [
              1854.023835397209,
              2214.2104895934463
            ],
            [
              1853.8130544442683,
              2193.788135481067
            ],
            [
              1838.5728724251967,
              2178.5475119743496
            ],
            [
              1826.5071591789601,
              2155.9555013477802
            ],
            [
              1801.3077798711602,
              2137.0950598539785
            ],
            [
              1772.7130189064192,
              2105.5303344130516
            ],
            [
              1747.2301464532502,
              2083.3283650139347
            ],
            [
              1724.5306392518105,
              2068.2575865406543
            ],
            [
              1707.553270615521,
              2048.136704974808
            ],
            [
              1704.831622243044,
              2024.302650491707
            ],
            [
              1666.3225938662654,
              2015.4938459061086
            ],
            [
              1624.3545641328674,
              2011.050662507303
            ],
            [
              1535.6262384979054,
              2013.897353515029
            ],
            [
              1491.229462025105,
              2002.333381776698
            ],
            [
              1447.2893936011242,
              2001.9181490894407
            ],
            [
              1405.8202309069457,
              2020.4958035387099
            ],
            [
              1361.732945973752,
              2039.7492802953348
            ],
            [
              1324.237480915268,
              2049.151935939677
            ],
            [
              1368.712820385932,
              2085.5903431428596
            ],
            [
              1390.571986712399,
              2118.453689629212
            ],
            [
              1402.8343027468072,
              2147.729624407366
            ],
            [
              1441.8119707310107,
              2152.8371835863218
            ],
            [
              1483.3755621832097,
              2172.8728743176907
            ],
            [
              1520.5455738006858,
              2203.9180972389877
            ],
            [
              1566.2849321461981,
              2249.293767868541
            ],
            [
              1594.765296069556,
              2270.8295958563685
            ],
            [
              1622.8460603044368,
              2279.3625252731144
            ],
            [
              1641.5904429346556,
              2289.138156023808
            ]
          ]
        ]
      },
      "properties": {
        "id": "forest:way:784317769",
        "tags": {
          "natural": "wood",
          "winter_sports_id": "1228774360",
          "winter_sports_name": "Killington Resort",
          "State": "Vermont",
          "Country": "United States of America",
          "Ski Area": "Killington Resort",
          "region": "north-america/us/vermont"
        },
        "natural": "wood"
      }
    },
    {
      "type": "Feature",
      "geometry": {
        "type": "Polygon",
        "coordinates": [
          [
            [
              1649.6889999244595,
              2308.757521572523
            ],
            [
              1640.2123019351857,
              2304.0058515835553
            ],
            [
              1631.7025606179377,
              2295.0563587825745
            ],
            [
              1621.9433707153657,
              2290.2972520515323
            ],
            [
              1607.9626639088383,
              2285.148772436194
            ],
            [
              1602.5743461467791,
              2286.1289472542703
            ],
            [
              1626.3063246839447,
              2306.728143243119
            ],
            [
              1653.7174608855275,
              2327.146805920638
            ],
            [
              1646.9317283689743,
              2316.8313507204875
            ],
            [
              1649.6889999244595,
              2308.757521572523
            ]
          ]
        ]
      },
      "properties": {
        "id": "forest:way:784317770",
        "tags": {
          "natural": "wood",
          "winter_sports_id": "1228774360",
          "winter_sports_name": "Killington Resort",
          "State": "Vermont",
          "Country": "United States of America",
          "Ski Area": "Killington Resort",
          "region": "north-america/us/vermont"
        },
        "natural": "wood"
      }
    },
    {
      "type": "Feature",
      "geometry": {
        "type": "Polygon",
        "coordinates": [
          [
            [
              1681.7301919431193,
              2345.8810215219855
            ],
            [
              1691.9722684485605,
              2353.753843893297
            ],
            [
              1704.525074871839,
              2359.1426185863093
            ],
            [
              1718.1411823502276,
              2367.3825317379087
            ],
            [
              1732.9763535083039,
              2372.2759924074635
            ],
            [
              1746.2283567965496,
              2372.9042339213192
            ],
            [
              1749.557554608211,
              2364.2787384167314
            ],
            [
              1752.7835861471249,
              2349.1709438133985
            ],
            [
              1753.9281625524163,
              2337.9536491762847
            ],
            [
              1740.126149027259,
              2336.744030364789
            ],
            [
              1706.7620835417183,
              2327.9820082373917
            ],
            [
              1676.3041383303935,
              2316.20722364448
            ],
            [
              1674.951567317592,
              2335.2989817224443
            ],
            [
              1681.7301919431193,
              2345.8810215219855
            ]
          ]
        ]
      },
      "properties": {
        "id": "forest:way:784317771",
        "tags": {
          "natural": "wood",
          "winter_sports_id": "1228774360",
          "winter_sports_name": "Killington Resort",
          "State": "Vermont",
          "Country": "United States of America",
          "Ski Area": "Killington Resort",
          "region": "north-america/us/vermont"
        },
        "natural": "wood"
      }
    },
    {
      "type": "Feature",
      "geometry": {
        "type": "Polygon",
        "coordinates": [
          [
            [
              1851.2807523600059,
              2304.462995411828
            ],
            [
              1833.9609648670303,
              2315.64136222098
            ],
            [
              1816.5312422999414,
              2324.87187870685
            ],
            [
              1799.5139737480786,
              2330.723517900333
            ],
            [
              1781.4053797378438,
              2335.0903779910877
            ],
            [
              1783.7942876085872,
              2348.890697458759
            ],
            [
              1785.0192800946534,
              2363.9494828628376
            ],
            [
              1784.643597041606,
              2378.1545997653157
            ],
            [
              1784.010617527645,
              2383.4615577626973
            ],
            [
              1804.2742706328863,
              2389.8213394731283
            ],
            [
              1827.748762488016,
              2397.221943094395
            ],
            [
              1851.9873218281427,
              2406.265520049259
            ],
            [
              1864.4715108447708,
              2412.408557104878
            ],
            [
              1872.216761206626,
              2413.913856669329
            ],
            [
              1861.0496054132236,
              2296.6414288086817
            ],
            [
              1851.2807523600059,
              2304.462995411828
            ]
          ]
        ]
      },
      "properties": {
        "id": "forest:way:784317772",
        "tags": {
          "natural": "wood",
          "winter_sports_id": "1228774360",
          "winter_sports_name": "Killington Resort",
          "State": "Vermont",
          "Country": "United States of America",
          "Ski Area": "Killington Resort",
          "region": "north-america/us/vermont"
        },
        "natural": "wood"
      }
    },
    {
      "type": "Feature",
      "geometry": {
        "type": "Polygon",
        "coordinates": [
          [
            [
              2194.226690449752,
              2869.223288184963
            ],
            [
              2188.713383987313,
              2851.17208017502
            ],
            [
              2194.860804327298,
              2829.162150341086
            ],
            [
              2208.3862443040125,
              2803.3022567955777
            ],
            [
              2230.276800996391,
              2784.48834183719
            ],
            [
              2237.977737198118,
              2776.379097812809
            ],
            [
              2252.9512794180773,
              2752.2581612318754
            ],
            [
              2270.7522687677993,
              2734.191707073711
            ],
            [
              2285.899479880114,
              2719.6670342264697
            ],
            [
              2298.52562811377,
              2703.375037266873
            ],
            [
              2301.645713514881,
              2682.563018766232
            ],
            [
              2297.313026402495,
              2660.497452511452
            ],
            [
              2283.4153622873127,
              2635.821967134252
            ],
            [
              2261.229578238912,
              2617.3285136185586
            ],
            [
              2241.315278114169,
              2602.0962743554264
            ],
            [
              2225.355271125096,
              2582.7010774463415
            ],
            [
              2207.273508235812,
              2543.421876977198
            ],
            [
              2195.5838565408485,
              2526.5184261817485
            ],
            [
              2172.6781629830366,
              2517.1865731664
            ],
            [
              2143.254773725872,
              2509.0935763157904
            ],
            [
              2123.085096119088,
              2492.8102182978764
            ],
            [
              2104.4984333354514,
              2469.811421180144
            ],
            [
              2100.430665267748,
              2505.9915865780786
            ],
            [
              2096.5419192669215,
              2546.388788778335
            ],
            [
              2092.6310886290157,
              2565.9795788750052
            ],
            [
              2084.833798544598,
              2583.211215804331
            ],
            [
              2080.946091409656,
              2602.235798086971
            ],
            [
              2086.102931421483,
              2620.655321459286
            ],
            [
              2090.5462898248807,
              2633.998974419199
            ],
            [
              2090.9252081207233,
              2641.0332047985867
            ],
            [
              2100.3776909470325,
              2657.032514509745
            ],
            [
              2102.985481865122,
              2675.951342884451
            ],
            [
              2094.7940001664683,
              2697.395927642472
            ],
            [
              2092.54816283728,
              2718.153371068649
            ],
            [
              2094.2120876720874,
              2740.692656606436
            ],
            [
              2105.0832931121113,
              2767.14360877499
            ],
            [
              2120.822989250184,
              2791.1895560938865
            ],
            [
              2129.7990442467853,
              2814.489467088133
            ],
            [
              2147.775245424011,
              2839.150475585833
            ],
            [
              2159.799427507445,
              2843.4147420683876
            ],
            [
              2169.8460369317327,
              2858.307390904054
            ],
            [
              2174.9734451895347,
              2867.156875814311
            ],
            [
              2178.087100253324,
              2877.642345197499
            ],
            [
              2191.367021489772,
              2887.8416247898713
            ],
            [
              2204.4971897738287,
              2903.3829129226506
            ],
            [
              2218.9084618063644,
              2906.5435905708
            ],
            [
              2210.112706883694,
              2891.3839384447783
            ],
            [
              2194.226690449752,
              2869.223288184963
            ]
          ]
        ]
      },
      "properties": {
        "id": "forest:way:784317773",
        "tags": {
          "natural": "wood",
          "winter_sports_id": "1228774360",
          "winter_sports_name": "Killington Resort",
          "State": "Vermont",
          "Country": "United States of America",
          "Ski Area": "Killington Resort",
          "region": "north-america/us/vermont"
        },
        "natural": "wood"
      }
    },
    {
      "type": "Feature",
      "geometry": {
        "type": "Polygon",
        "coordinates": [
          [
            [
              2517.49530011788,
              2989.7001552404836
            ],
            [
              2540.9169884658186,
              2949.1328100385144
            ],
            [
              2579.8335337229073,
              2900.4303369866684
            ],
            [
              2550.6179535620613,
              2857.842245313339
            ],
            [
              2520.1798512329115,
              2834.816291098483
            ],
            [
              2495.881891372963,
              2804.0735317161307
            ],
            [
              2468.2747343791416,
              2780.556192258373
            ],
            [
              2440.7638804110466,
              2764.3547184551135
            ],
            [
              2416.1523729214678,
              2734.4486456047744
            ],
            [
              2383.328065617592,
              2705.447251339443
            ],
            [
              2372.500430079759,
              2698.691409021616
            ],
            [
              2353.535514588584,
              2679.349499832839
            ],
            [
              2335.947642919258,
              2640.060766247101
            ],
            [
              2324.0058033325477,
              2622.027831655927
            ],
            [
              2317.7916706297547,
              2632.832738177851
            ],
            [
              2326.9451397102093,
              2671.041846222244
            ],
            [
              2325.5963254998205,
              2711.2285286793485
            ],
            [
              2302.7920954624424,
              2740.7209416916594
            ],
            [
              2272.8248115519527,
              2763.8327972851694
            ],
            [
              2255.7286584883695,
              2801.9124614419416
            ],
            [
              2266.882501539658,
              2817.679310483858
            ],
            [
              2281.617054948001,
              2847.3228260921314
            ],
            [
              2285.969601959572,
              2874.723759751767
            ],
            [
              2284.9712650609436,
              2901.704903365113
            ],
            [
              2284.514717256883,
              2940.2258968483657
            ],
            [
              2292.986326314858,
              2950.8535616239533
            ],
            [
              2314.0536060141167,
              2965.1941342772916
            ],
            [
              2342.6120790780988,
              2984.801656175405
            ],
            [
              2361.983739419258,
              3009.778200593777
            ],
            [
              2379.5950136078754,
              3026.8391903620213
            ],
            [
              2408.874446467031,
              3040.564482900314
            ],
            [
              2439.596830546041,
              3042.213670346886
            ],
            [
              2464.025155051844,
              3036.3937896573916
            ],
            [
              2477.995328171295,
              3041.5550169600174
            ],
            [
              2497.2482487821253,
              3022.938664072193
            ],
            [
              2517.49530011788,
              2989.7001552404836
            ]
          ]
        ]
      },
      "properties": {
        "id": "forest:way:784317774",
        "tags": {
          "natural": "wood",
          "winter_sports_id": "1228774360",
          "winter_sports_name": "Killington Resort",
          "State": "Vermont",
          "Country": "United States of America",
          "Ski Area": "Killington Resort",
          "region": "north-america/us/vermont"
        },
        "natural": "wood"
      }
    },
    {
      "type": "Feature",
      "geometry": {
        "type": "Polygon",
        "coordinates": [
          [
            [
              2614.712106012623,
              3039.2409247299656
            ],
            [
              2645.48064160964,
              3016.6742561087012
            ],
            [
              2656.0167033442995,
              3012.497492651455
            ],
            [
              2669.9343245958444,
              2993.20629637409
            ],
            [
              2697.5481308962917,
              2977.2356690205634
            ],
            [
              2655.339094234165,
              2953.8405116749927
            ],
            [
              2613.6287742014974,
              2925.6464073248208
            ],
            [
              2595.463923408184,
              2908.4589356305078
            ],
            [
              2567.1242273462703,
              2937.7700572097674
            ],
            [
              2546.945828272961,
              2968.409519112669
            ],
            [
              2530.165707253036,
              2997.28321846202
            ],
            [
              2514.8607652001083,
              3026.5629068650305
            ],
            [
              2508.74483706092,
              3046.439495831728
            ],
            [
              2505.011657645111,
              3060.8222385831177
            ],
            [
              2532.4705423287814,
              3078.6231358004734
            ],
            [
              2557.1883425927954,
              3087.4376763571054
            ],
            [
              2582.2735735189635,
              3068.443031169474
            ],
            [
              2614.712106012623,
              3039.2409247299656
            ]
          ]
        ]
      },
      "properties": {
        "id": "forest:way:784317775",
        "tags": {
          "natural": "wood",
          "winter_sports_id": "1228774360",
          "winter_sports_name": "Killington Resort",
          "State": "Vermont",
          "Country": "United States of America",
          "Ski Area": "Killington Resort",
          "region": "north-america/us/vermont"
        },
        "natural": "wood"
      }
    },
    {
      "type": "Feature",
      "geometry": {
        "type": "Polygon",
        "coordinates": [
          [
            [
              2344.459612801322,
              1856.4769314704463
            ],
            [
              2368.9007001671707,
              1839.675954952836
            ],
            [
              2381.2708883291343,
              1820.3097163168713
            ],
            [
              2403.3932470820146,
              1795.0227429885417
            ],
            [
              2430.451623032219,
              1775.479517493397
            ],
            [
              2460.7787634289125,
              1770.938467932865
            ],
            [
              2488.7638223662507,
              1769.4362519774586
            ],
            [
              2497.6781419914914,
              1752.7903664875776
            ],
            [
              2507.2394465979887,
              1733.0719074225053
            ],
            [
              2512.592111769016,
              1722.8110848488286
            ],
            [
              2523.1783511320828,
              1706.776444228366
            ],
            [
              2533.7348529652227,
              1691.8635673830286
            ],
            [
              2553.3078853779007,
              1677.756967351772
            ],
            [
              2565.2545205391943,
              1663.7257337765768
            ],
            [
              2566.973130365135,
              1652.2347840163857
            ],
            [
              2559.6006953505566,
              1643.0475652571768
            ],
            [
              2540.841380137601,
              1645.9725977545604
            ],
            [
              2505.951598232845,
              1664.1516210855916
            ],
            [
              2472.7468544286676,
              1674.5400022584945
            ],
            [
              2451.4289028297644,
              1699.9259275458753
            ],
            [
              2422.9757030893816,
              1716.3200851613656
            ],
            [
              2403.866972050513,
              1713.8569230809808
            ],
            [
              2368.6948096720735,
              1705.5661389641464
            ],
            [
              2350.305966907763,
              1713.4140081917867
            ],
            [
              2358.8830068550305,
              1742.0495061734691
            ],
            [
              2348.890960216406,
              1766.7581305624917
            ],
            [
              2329.586548820371,
              1790.2528261784464
            ],
            [
              2319.4388438938186,
              1820.8367860671133
            ],
            [
              2322.1759592143353,
              1847.3612518077716
            ],
            [
              2317.7653070070082,
              1865.3604677151889
            ],
            [
              2332.9970452340785,
              1862.6413663653657
            ],
            [
              2344.459612801322,
              1856.4769314704463
            ]
          ]
        ]
      },
      "properties": {
        "id": "forest:way:784317776",
        "tags": {
          "natural": "wood",
          "winter_sports_id": "1228774360",
          "winter_sports_name": "Killington Resort",
          "State": "Vermont",
          "Country": "United States of America",
          "Ski Area": "Killington Resort",
          "region": "north-america/us/vermont"
        },
        "natural": "wood"
      }
    },
    {
      "type": "Feature",
      "geometry": {
        "type": "Polygon",
        "coordinates": [
          [
            [
              2267.023538135574,
              3420.608999211341
            ],
            [
              2269.3191918007797,
              3383.381562501192
            ],
            [
              2274.0199693444883,
              3354.7203375287354
            ],
            [
              2232.479666505358,
              3336.6025554016232
            ],
            [
              2206.5857341344235,
              3322.83437762782
            ],
            [
              2182.4619604124455,
              3316.304158593528
            ],
            [
              2159.069002531469,
              3307.181555526331
            ],
            [
              2134.8319115526974,
              3305.2275778269395
            ],
            [
              2107.293322636513,
              3303.841928639449
            ],
            [
              2084.675087271142,
              3290.1610591392964
            ],
            [
              2050.2516302802833,
              3276.167491633445
            ],
            [
              2021.6053663734347,
              3266.9062067121267
            ],
            [
              2011.107420268003,
              3266.6281265011057
            ],
            [
              2003.599434421747,
              3277.5434884019196
            ],
            [
              1995.909844265785,
              3295.011443621479
            ],
            [
              1987.6444792208495,
              3309.830083925277
            ],
            [
              1980.49543696607,
              3331.8914327546954
            ],
            [
              1987.55327001994,
              3337.9688998302445
            ],
            [
              2037.1694721720414,
              3348.4413140611723
            ],
            [
              2065.7806348945014,
              3359.0132373366505
            ],
            [
              2115.6422981490614,
              3385.1971773775294
            ],
            [
              2184.698472156655,
              3430.20671704039
            ],
            [
              2244.8488433593884,
              3464.51116128359
            ],
            [
              2262.9361352378037,
              3475.4605783997104
            ],
            [
              2272.2306133439997,
              3471.78381084837
            ],
            [
              2266.173827816616,
              3452.6399795636535
            ],
            [
              2267.023538135574,
              3420.608999211341
            ]
          ]
        ]
      },
      "properties": {
        "id": "forest:way:785699944",
        "tags": {
          "natural": "wood",
          "winter_sports_id": "1228774360",
          "winter_sports_name": "Killington Resort",
          "State": "Vermont",
          "Country": "United States of America",
          "Ski Area": "Killington Resort",
          "region": "north-america/us/vermont"
        },
        "natural": "wood"
      }
    },
    {
      "type": "Feature",
      "geometry": {
        "type": "Polygon",
        "coordinates": [
          [
            [
              2326.7205928688636,
              3203.5975960139185
            ],
            [
              2326.6614077802515,
              3168.3971675112844
            ],
            [
              2326.602501499816,
              3133.1856344146654
            ],
            [
              2322.952120454167,
              3101.857712721452
            ],
            [
              2315.916022927151,
              3066.9612037455663
            ],
            [
              2308.854463677737,
              3051.891862757504
            ],
            [
              2301.8649141814094,
              3071.5453712996095
            ],
            [
              2299.1095148234162,
              3100.224847273901
            ],
            [
              2290.4957990725525,
              3124.792233513668
            ],
            [
              2274.478854561108,
              3147.173790858127
            ],
            [
              2254.0097904604627,
              3168.448124974966
            ],
            [
              2231.700444861781,
              3184.2166128233075
            ],
            [
              2205.7474450970767,
              3205.8457877226174
            ],
            [
              2180.1768210200826,
              3231.9420052524656
            ],
            [
              2153.455131774419,
              3245.115272849798
            ],
            [
              2133.7496297098696,
              3256.4962767250836
            ],
            [
              2114.5182845133822,
              3268.8790693087503
            ],
            [
              2095.884304210893,
              3277.3099605450407
            ],
            [
              2123.020388012519,
              3285.9647168405354
            ],
            [
              2157.6782156651607,
              3292.3293955661356
            ],
            [
              2195.281798250391,
              3300.272789524868
            ],
            [
              2194.020605599857,
              3291.8036329448223
            ],
            [
              2182.0590293856803,
              3273.6369921583682
            ],
            [
              2177.764407123439,
              3266.5878367433324
            ],
            [
              2176.595055198646,
              3254.653475592844
            ],
            [
              2182.473309426103,
              3236.693104898557
            ],
            [
              2201.0497404882917,
              3228.0052886605263
            ],
            [
              2234.613303323975,
              3233.3188245631754
            ],
            [
              2277.8532334787305,
              3244.312973724678
            ],
            [
              2309.429380718502,
              3255.4424987472594
            ],
            [
              2333.220890837605,
              3260.197183575481
            ],
            [
              2342.3632599340053,
              3251.615070026368
            ],
            [
              2336.117632116191,
              3224.6750750420615
            ],
            [
              2326.7205928688636,
              3203.5975960139185
            ]
          ]
        ]
      },
      "properties": {
        "id": "forest:way:785699945",
        "tags": {
          "natural": "wood",
          "winter_sports_id": "1228774360",
          "winter_sports_name": "Killington Resort",
          "State": "Vermont",
          "Country": "United States of America",
          "Ski Area": "Killington Resort",
          "region": "north-america/us/vermont"
        },
        "natural": "wood"
      }
    },
    {
      "type": "Feature",
      "geometry": {
        "type": "Polygon",
        "coordinates": [
          [
            [
              2662.4892398483353,
              3113.4872522037476
            ],
            [
              2672.574919456034,
              3117.134122900665
            ],
            [
              2686.5469783201115,
              3088.1972101842985
            ],
            [
              2698.2817662035814,
              3058.067176467739
            ],
            [
              2719.5215073074214,
              3025.1890485575423
            ],
            [
              2742.3220407504123,
              3004.3781529301777
            ],
            [
              2716.342503323336,
              2988.649638122879
            ],
            [
              2706.166868964676,
              2988.379064223729
            ],
            [
              2687.9133392536314,
              2994.28445064649
            ],
            [
              2673.3602835308993,
              3002.544460681267
            ],
            [
              2663.905185090727,
              3017.6975062191486
            ],
            [
              2645.4719882037025,
              3030.3668253021315
            ],
            [
              2631.1988465103786,
              3042.3798741437495
            ],
            [
              2614.2469146160875,
              3055.8332999479026
            ],
            [
              2597.6542426197557,
              3070.0520832482725
            ],
            [
              2580.5628576884046,
              3088.7589358985424
            ],
            [
              2613.799561204971,
              3100.9231723127887
            ],
            [
              2662.4892398483353,
              3113.4872522037476
            ]
          ]
        ]
      },
      "properties": {
        "id": "forest:way:785699946",
        "tags": {
          "natural": "wood",
          "winter_sports_id": "1228774360",
          "winter_sports_name": "Killington Resort",
          "State": "Vermont",
          "Country": "United States of America",
          "Ski Area": "Killington Resort",
          "region": "north-america/us/vermont"
        },
        "natural": "wood"
      }
    },
    {
      "type": "Feature",
      "geometry": {
        "type": "Polygon",
        "coordinates": [
          [
            [
              2872.0481756716035,
              3160.395589839667
            ],
            [
              2727.3116822309094,
              3143.3966664746404
            ],
            [
              2732.718676614575,
              3152.93204239849
            ],
            [
              2791.073899488896,
              3170.6444450002164
            ],
            [
              2847.618751117494,
              3185.6751033728942
            ],
            [
              2873.269122215337,
              3170.9533369941637
            ],
            [
              2872.0481756716035,
              3160.395589839667
            ]
          ]
        ]
      },
      "properties": {
        "id": "forest:way:785699947",
        "tags": {
          "natural": "wood",
          "winter_sports_id": "1228774360",
          "winter_sports_name": "Killington Resort",
          "State": "Vermont",
          "Country": "United States of America",
          "Ski Area": "Killington Resort",
          "region": "north-america/us/vermont"
        },
        "natural": "wood"
      }
    },
    {
      "type": "Feature",
      "geometry": {
        "type": "Polygon",
        "coordinates": [
          [
            [
              2894.588916444918,
              3149.3477699877694
            ],
            [
              2915.9406929352554,
              3126.2426831768826
            ],
            [
              2887.331410261453,
              3110.4434457635507
            ],
            [
              2843.949782327749,
              3082.614537271671
            ],
            [
              2805.5859058037167,
              3050.407020036131
            ],
            [
              2746.20006644167,
              3014.6286411900073
            ],
            [
              2727.0681507770205,
              3039.2937127538025
            ],
            [
              2707.1078552616527,
              3066.570892225951
            ],
            [
              2699.361145764473,
              3088.5379193611443
            ],
            [
              2688.8880046138074,
              3113.4333209414035
            ],
            [
              2693.8558732961537,
              3125.213186312467
            ],
            [
              2881.4257502428954,
              3147.8637321470305
            ],
            [
              2894.588916444918,
              3149.3477699877694
            ]
          ]
        ]
      },
      "properties": {
        "id": "forest:way:785699948",
        "tags": {
          "natural": "wood",
          "winter_sports_id": "1228774360",
          "winter_sports_name": "Killington Resort",
          "State": "Vermont",
          "Country": "United States of America",
          "Ski Area": "Killington Resort",
          "region": "north-america/us/vermont"
        },
        "natural": "wood"
      }
    },
    {
      "type": "Feature",
      "geometry": {
        "type": "Polygon",
        "coordinates": [
          [
            [
              2791.0107387886383,
              2917.7368927523494
            ],
            [
              2771.7886468149954,
              2931.507449175231
            ],
            [
              2769.7204128499143,
              2952.4917969508097
            ],
            [
              2766.9114701201906,
              2973.089671872556
            ],
            [
              2758.054837306845,
              2994.271349989809
            ],
            [
              2846.190166418324,
              3054.8661665264517
            ],
            [
              2893.120426848298,
              3091.0585822714493
            ],
            [
              2926.6460085896542,
              3106.610840594396
            ],
            [
              2966.1597504183883,
              3038.8986799959093
            ],
            [
              2791.0107387886383,
              2917.7368927523494
            ]
          ]
        ]
      },
      "properties": {
        "id": "forest:way:785699949",
        "tags": {
          "natural": "wood",
          "winter_sports_id": "1228774360",
          "winter_sports_name": "Killington Resort",
          "State": "Vermont",
          "Country": "United States of America",
          "Ski Area": "Killington Resort",
          "region": "north-america/us/vermont"
        },
        "natural": "wood"
      }
    },
    {
      "type": "Feature",
      "geometry": {
        "type": "Polygon",
        "coordinates": [
          [
            [
              2761.5440875807544,
              2940.5042839571834
            ],
            [
              2773.2478736625053,
              2919.453910346143
            ],
            [
              2785.7643564386526,
              2910.9620976122096
            ],
            [
              2651.3515825758222,
              2817.6734671434388
            ],
            [
              2622.9424963716883,
              2864.7653862424195
            ],
            [
              2602.7932326940354,
              2891.8600221220404
            ],
            [
              2637.4537654578453,
              2920.9780929088593
            ],
            [
              2683.6698943526717,
              2945.8355953386053
            ],
            [
              2705.349036028958,
              2958.0931078577414
            ],
            [
              2723.858932906878,
              2971.4000751581043
            ],
            [
              2749.600627651671,
              2949.011377477087
            ],
            [
              2761.5440875807544,
              2940.5042839571834
            ]
          ]
        ]
      },
      "properties": {
        "id": "forest:way:785699950",
        "tags": {
          "natural": "wood",
          "winter_sports_id": "1228774360",
          "winter_sports_name": "Killington Resort",
          "State": "Vermont",
          "Country": "United States of America",
          "Ski Area": "Killington Resort",
          "region": "north-america/us/vermont"
        },
        "natural": "wood"
      }
    },
    {
      "type": "Feature",
      "geometry": {
        "type": "Polygon",
        "coordinates": [
          [
            [
              2511.7382975342916,
              2771.3741256203502
            ],
            [
              2524.793014096562,
              2791.259740942158
            ],
            [
              2542.4781003746903,
              2806.7671050056815
            ],
            [
              2555.893825468258,
              2827.0402660425752
            ],
            [
              2569.7087031991687,
              2832.2864505769685
            ],
            [
              2591.900935591897,
              2862.9402077300474
            ],
            [
              2603.387937636231,
              2870.39192544017
            ],
            [
              2610.6933657107875,
              2851.0471569141373
            ],
            [
              2621.1587578776525,
              2840.4221667712554
            ],
            [
              2637.4006203677272,
              2811.167582359165
            ],
            [
              2353.525022418238,
              2617.353931308724
            ],
            [
              2349.6227311653784,
              2631.4210579218343
            ],
            [
              2372.6359472859185,
              2666.1969292582944
            ],
            [
              2420.3835715027526,
              2702.518554401584
            ],
            [
              2452.5387499890057,
              2737.859730235301
            ],
            [
              2470.051942223683,
              2750.728240686469
            ],
            [
              2485.617526311311,
              2760.9110013442114
            ],
            [
              2511.7382975342916,
              2771.3741256203502
            ]
          ]
        ]
      },
      "properties": {
        "id": "forest:way:785699951",
        "tags": {
          "natural": "wood",
          "winter_sports_id": "1228774360",
          "winter_sports_name": "Killington Resort",
          "State": "Vermont",
          "Country": "United States of America",
          "Ski Area": "Killington Resort",
          "region": "north-america/us/vermont"
        },
        "natural": "wood"
      }
    },
    {
      "type": "Feature",
      "geometry": {
        "type": "Polygon",
        "coordinates": [
          [
            [
              2920.7688961901003,
              2797.754439665936
            ],
            [
              2954.7737483523088,
              2778.3761226050556
            ],
            [
              2981.364995856886,
              2765.991507518105
            ],
            [
              3011.849820020725,
              2755.6890378519893
            ],
            [
              2999.3993834257126,
              2729.8389929160476
            ],
            [
              2980.3694424930727,
              2680.251438575797
            ],
            [
              2955.1453467136016,
              2665.8425372894853
            ],
            [
              2928.63090286206,
              2625.880947161466
            ],
            [
              2902.87444229424,
              2582.005194168538
            ],
            [
              2875.7056530843256,
              2542.0264394348487
            ],
            [
              2852.606527442462,
              2521.783940616995
            ],
            [
              2811.663627713453,
              2505.6459262724966
            ],
            [
              2810.1047588384245,
              2514.7626334428787
            ],
            [
              2808.782937132637,
              2564.452807094902
            ],
            [
              2803.8962049555266,
              2600.310888881795
            ],
            [
              2791.45577289653,
              2623.531154293567
            ],
            [
              2756.4316581417806,
              2656.63157814648
            ],
            [
              2730.0074208413716,
              2687.3378669312224
            ],
            [
              2712.1480662954273,
              2716.9604820497334
            ],
            [
              2873.617895970121,
              2842.3014832194895
            ],
            [
              2897.193466405268,
              2820.0223686825484
            ],
            [
              2920.7688961901003,
              2797.754439665936
            ]
          ]
        ]
      },
      "properties": {
        "id": "forest:way:785699952",
        "tags": {
          "natural": "wood",
          "winter_sports_id": "1228774360",
          "winter_sports_name": "Killington Resort",
          "State": "Vermont",
          "Country": "United States of America",
          "Ski Area": "Killington Resort",
          "region": "north-america/us/vermont"
        },
        "natural": "wood"
      }
    },
    {
      "type": "Feature",
      "geometry": {
        "type": "Polygon",
        "coordinates": [
          [
            [
              3110.6649360191077,
              2984.964852656238
            ],
            [
              3091.5736409397796,
              2951.3798664584756
            ],
            [
              3087.1476666997187,
              2933.2233816059306
            ],
            [
              3042.7036403206876,
              2973.7513183560222
            ],
            [
              3043.503178093233,
              2986.1762000508606
            ],
            [
              3063.7934373528697,
              3003.254874570295
            ],
            [
              3095.6701442151098,
              3024.0211175661534
            ],
            [
              3115.2717808360467,
              3038.4475162364542
            ],
            [
              3130.1554664039286,
              3045.979598899372
            ],
            [
              3125.1893881546566,
              3019.917507198639
            ],
            [
              3110.6649360191077,
              2984.964852656238
            ]
          ]
        ]
      },
      "properties": {
        "id": "forest:way:785699953",
        "tags": {
          "natural": "wood",
          "winter_sports_id": "1228774360",
          "winter_sports_name": "Killington Resort",
          "State": "Vermont",
          "Country": "United States of America",
          "Ski Area": "Killington Resort",
          "region": "north-america/us/vermont"
        },
        "natural": "wood"
      }
    },
    {
      "type": "Feature",
      "geometry": {
        "type": "Polygon",
        "coordinates": [
          [
            [
              3075.571012305678,
              2929.1582790389657
            ],
            [
              3085.7377017952967,
              2915.525151389651
            ],
            [
              3080.040961866849,
              2888.687871570699
            ],
            [
              3076.8034174019704,
              2854.4139553271234
            ],
            [
              3065.747101573739,
              2830.8126527229324
            ],
            [
              3038.438386046444,
              2808.289975080639
            ],
            [
              3018.8367279265076,
              2779.5819584028795
            ],
            [
              3017.4877172962297,
              2773.533184159547
            ],
            [
              2991.715960251633,
              2778.4928926043212
            ],
            [
              2966.215794814634,
              2787.205451929942
            ],
            [
              2941.695549001801,
              2801.579147147946
            ],
            [
              2926.2212611854775,
              2816.2048471076414
            ],
            [
              2908.1085461940384,
              2830.749233763665
            ],
            [
              2897.662763077533,
              2840.618551746011
            ],
            [
              2894.903365607257,
              2859.33939470537
            ],
            [
              2902.480021259282,
              2872.311401686631
            ],
            [
              2926.9506159677403,
              2888.0004619928077
            ],
            [
              2947.48285539716,
              2909.9643731340766
            ],
            [
              2982.617750484962,
              2936.0738521693274
            ],
            [
              3027.2703208638122,
              2972.595537777059
            ],
            [
              3047.672606940265,
              2956.9788096398115
            ],
            [
              3075.571012305678,
              2929.1582790389657
            ]
          ]
        ]
      },
      "properties": {
        "id": "forest:way:785699954",
        "tags": {
          "natural": "wood",
          "winter_sports_id": "1228774360",
          "winter_sports_name": "Killington Resort",
          "State": "Vermont",
          "Country": "United States of America",
          "Ski Area": "Killington Resort",
          "region": "north-america/us/vermont"
        },
        "natural": "wood"
      }
    },
    {
      "type": "Feature",
      "geometry": {
        "type": "Polygon",
        "coordinates": [
          [
            [
              2706.3392652341863,
              2565.485075273551
            ],
            [
              2723.6878416222753,
              2559.944615974091
            ],
            [
              2739.8049446780933,
              2546.6581404283643
            ],
            [
              2755.920933525078,
              2523.0909567549825
            ],
            [
              2766.811623974121,
              2501.663268426433
            ],
            [
              2769.8792568604695,
              2483.183994085528
            ],
            [
              2777.0912965976167,
              2481.653087027371
            ],
            [
              2787.5717985971132,
              2475.652261922136
            ],
            [
              2782.625752666616,
              2456.6597671154886
            ],
            [
              2771.5668976091547,
              2430.658307136968
            ],
            [
              2755.167182416888,
              2400.5025887703523
            ],
            [
              2749.6931726116454,
              2379.795604361221
            ],
            [
              2727.4987804252887,
              2373.4816155601293
            ],
            [
              2707.1747801542515,
              2361.5158014437184
            ],
            [
              2694.4740484134527,
              2343.1841574572027
            ],
            [
              2684.97619518626,
              2333.7846393873915
            ],
            [
              2674.5861103830393,
              2336.075866064988
            ],
            [
              2670.9128985785646,
              2344.836311288178
            ],
            [
              2672.5581175644184,
              2358.5950539987534
            ],
            [
              2678.337278657942,
              2378.465386613272
            ],
            [
              2684.691772357677,
              2409.1985536413267
            ],
            [
              2683.160166387097,
              2434.3094490533695
            ],
            [
              2679.405827628216,
              2457.0606067162007
            ],
            [
              2677.0645656258566,
              2480.427269280888
            ],
            [
              2672.7593267954653,
              2502.0301301199943
            ],
            [
              2666.3125338059617,
              2507.282540803775
            ],
            [
              2657.1617107447237,
              2517.042169720866
            ],
            [
              2644.77861172799,
              2519.2804561546072
            ],
            [
              2620.4253533872543,
              2529.4919196953997
            ],
            [
              2621.0381791675463,
              2538.6441367594525
            ],
            [
              2651.9406138152117,
              2540.899124923162
            ],
            [
              2656.3747813310474,
              2557.5883631315082
            ],
            [
              2661.9467925701756,
              2574.3078492842615
            ],
            [
              2678.9446551245637,
              2571.325354261324
            ],
            [
              2706.3392652341863,
              2565.485075273551
            ]
          ]
        ]
      },
      "properties": {
        "id": "forest:way:785700830",
        "tags": {
          "natural": "wood",
          "winter_sports_id": "1228774360",
          "winter_sports_name": "Killington Resort",
          "State": "Vermont",
          "Country": "United States of America",
          "Ski Area": "Killington Resort",
          "region": "north-america/us/vermont"
        },
        "natural": "wood"
      }
    },
    {
      "type": "Feature",
      "geometry": {
        "type": "Polygon",
        "coordinates": [
          [
            [
              2860.273934690049,
              2488.2671864144504
            ],
            [
              2866.960081829806,
              2478.275517928414
            ],
            [
              2861.098493212834,
              2463.348650900647
            ],
            [
              2850.863599248114,
              2445.8491716170684
            ],
            [
              2831.922297878773,
              2433.5307426620275
            ],
            [
              2814.156826989609,
              2420.4211920881644
            ],
            [
              2789.997043133597,
              2406.3302755495533
            ],
            [
              2766.4738542527193,
              2398.969408640638
            ],
            [
              2778.5245393834775,
              2416.5281476881355
            ],
            [
              2788.423862481257,
              2434.507606090978
            ],
            [
              2797.9964937017066,
              2458.3911940967664
            ],
            [
              2802.761018450721,
              2477.2232743194327
            ],
            [
              2826.388861060841,
              2486.7099006380886
            ],
            [
              2860.273934690049,
              2488.2671864144504
            ]
          ]
        ]
      },
      "properties": {
        "id": "forest:way:785700831",
        "tags": {
          "natural": "wood",
          "winter_sports_id": "1228774360",
          "winter_sports_name": "Killington Resort",
          "State": "Vermont",
          "Country": "United States of America",
          "Ski Area": "Killington Resort",
          "region": "north-america/us/vermont"
        },
        "natural": "wood"
      }
    },
    {
      "type": "Feature",
      "geometry": {
        "type": "Polygon",
        "coordinates": [
          [
            [
              3136.621701032738,
              3085.7411969443783
            ],
            [
              3123.710499461624,
              3075.405282832682
            ],
            [
              3109.394999946584,
              3074.7347797974944
            ],
            [
              3094.54541891173,
              3083.197166753933
            ],
            [
              3092.384387677186,
              3089.1413160990924
            ],
            [
              3106.4947354512988,
              3097.5085472045466
            ],
            [
              3119.527281124145,
              3103.2907880926505
            ],
            [
              3139.3887205097126,
              3100.3858408350497
            ],
            [
              3136.621701032738,
              3085.7411969443783
            ]
          ]
        ]
      },
      "properties": {
        "id": "forest:way:785700832",
        "tags": {
          "natural": "wood",
          "winter_sports_id": "1228774360",
          "winter_sports_name": "Killington Resort",
          "State": "Vermont",
          "Country": "United States of America",
          "Ski Area": "Killington Resort",
          "region": "north-america/us/vermont"
        },
        "natural": "wood"
      }
    },
    {
      "type": "Feature",
      "geometry": {
        "type": "Polygon",
        "coordinates": [
          [
            [
              3106.6202048561536,
              3060.3789185164496
            ],
            [
              3094.3277127374895,
              3048.336834562011
            ],
            [
              3061.6682823150186,
              3026.038188673556
            ],
            [
              3028.174300401821,
              2992.0141051867977
            ],
            [
              3017.029983827495,
              3001.431170362048
            ],
            [
              3023.7695942559512,
              3017.3152244752273
            ],
            [
              3043.274561564089,
              3038.4074212173
            ],
            [
              3052.5052283416735,
              3058.0811724476516
            ],
            [
              3061.673111537588,
              3068.8951506810263
            ],
            [
              3071.3368375257123,
              3072.0090130697936
            ],
            [
              3092.427657675813,
              3066.0024394160137
            ],
            [
              3106.6202048561536,
              3060.3789185164496
            ]
          ]
        ]
      },
      "properties": {
        "id": "forest:way:785700833",
        "tags": {
          "natural": "wood",
          "winter_sports_id": "1228774360",
          "winter_sports_name": "Killington Resort",
          "State": "Vermont",
          "Country": "United States of America",
          "Ski Area": "Killington Resort",
          "region": "north-america/us/vermont"
        },
        "natural": "wood"
      }
    },
    {
      "type": "Feature",
      "geometry": {
        "type": "Polygon",
        "coordinates": [
          [
            [
              2982.2756297660526,
              3089.920217302628
            ],
            [
              3009.966305951937,
              3083.5112153589725
            ],
            [
              3034.9305293755606,
              3082.7535690572113
            ],
            [
              2981.7047693178756,
              3046.770350000821
            ],
            [
              2965.489112359355,
              3063.4768012221903
            ],
            [
              2941.477531653014,
              3103.9715162701905
            ],
            [
              2961.7046917318366,
              3097.941548182629
            ],
            [
              2982.2756297660526,
              3089.920217302628
            ]
          ]
        ]
      },
      "properties": {
        "id": "forest:way:785700834",
        "tags": {
          "natural": "wood",
          "winter_sports_id": "1228774360",
          "winter_sports_name": "Killington Resort",
          "State": "Vermont",
          "Country": "United States of America",
          "Ski Area": "Killington Resort",
          "region": "north-america/us/vermont"
        },
        "natural": "wood"
      }
    },
    {
      "type": "Feature",
      "geometry": {
        "type": "Polygon",
        "coordinates": [
          [
            [
              3068.086627879995,
              3172.4737208290026
            ],
            [
              3100.4757024681894,
              3172.7699800888076
            ],
            [
              3117.418377193506,
              3171.5099164713174
            ],
            [
              3136.775082672364,
              3166.024109057151
            ],
            [
              3140.0900454483926,
              3160.110731222667
            ],
            [
              3138.3774281225633,
              3148.928518370725
            ],
            [
              3129.806399244815,
              3147.844255727716
            ],
            [
              3109.263682222343,
              3133.292682436295
            ],
            [
              3083.5572406429565,
              3119.1815226050094
            ],
            [
              3063.8700669278624,
              3104.941869569011
            ],
            [
              3041.960498312488,
              3098.6453857254237
            ],
            [
              3008.3565960106207,
              3100.895593451336
            ],
            [
              2970.1406920613954,
              3115.0154969738796
            ],
            [
              2941.1295743638184,
              3127.958056091331
            ],
            [
              2923.5693191663595,
              3141.4945570342243
            ],
            [
              2921.8443885901943,
              3152.296203416772
            ],
            [
              2972.972801253316,
              3159.3703580964357
            ],
            [
              3068.086627879995,
              3172.4737208290026
            ]
          ]
        ]
      },
      "properties": {
        "id": "forest:way:785700835",
        "tags": {
          "natural": "wood",
          "winter_sports_id": "1228774360",
          "winter_sports_name": "Killington Resort",
          "State": "Vermont",
          "Country": "United States of America",
          "Ski Area": "Killington Resort",
          "region": "north-america/us/vermont"
        },
        "natural": "wood"
      }
    },
    {
      "type": "Feature",
      "geometry": {
        "type": "Polygon",
        "coordinates": [
          [
            [
              516.6640803163173,
              2385.2734044203535
            ],
            [
              530.8161364925327,
              2367.3067946247756
            ],
            [
              533.3898953230819,
              2354.4820512356237
            ],
            [
              537.302985499613,
              2328.789035701193
            ],
            [
              531.9571046410128,
              2305.0979224937037
            ],
            [
              514.0285678510554,
              2229.7516306862235
            ],
            [
              492.4007505719783,
              2143.6387955741957
            ],
            [
              476.81406489911024,
              2073.80004414171
            ],
            [
              471.94966998684686,
              2079.1293650036678
            ],
            [
              470.96156950166915,
              2097.69726272393
            ],
            [
              472.6622810723493,
              2108.9004282578826
            ],
            [
              469.1753574074246,
              2127.9028683006763
            ],
            [
              460.37592703208793,
              2150.2334559950978
            ],
            [
              445.8410930332029,
              2192.0076204109937
            ],
            [
              439.844316367642,
              2212.177860312164
            ],
            [
              446.04014149832074,
              2241.3481892570853
            ],
            [
              455.54006394802127,
              2277.5515465410426
            ],
            [
              465.10488208848983,
              2311.278190933168
            ],
            [
              478.612903208239,
              2336.9173003407195
            ],
            [
              490.07665192731656,
              2364.7478165160865
            ],
            [
              490.77972742228303,
              2385.338426911272
            ],
            [
              488.1308210603893,
              2410.564516847953
            ],
            [
              489.09047397226095,
              2430.9173552487046
            ],
            [
              496.53411466046236,
              2431.6129198931158
            ],
            [
              505.28788371011615,
              2411.0149790244177
            ],
            [
              516.6640803163173,
              2385.2734044203535
            ]
          ]
        ]
      },
      "properties": {
        "id": "forest:way:803131186",
        "tags": {
          "natural": "wood",
          "winter_sports_id": "1228774360",
          "winter_sports_name": "Killington Resort",
          "State": "Vermont",
          "Country": "United States of America",
          "Ski Area": "Killington Resort",
          "region": "north-america/us/vermont"
        },
        "natural": "wood"
      }
    },
    {
      "type": "Feature",
      "geometry": {
        "type": "Polygon",
        "coordinates": [
          [
            [
              532.7906098905951,
              2401.2899262113497
            ],
            [
              525.3669722161721,
              2428.1244206456468
            ],
            [
              518.7771150899353,
              2451.502108779736
            ],
            [
              515.6277664677473,
              2476.7150541041046
            ],
            [
              516.3926095241914,
              2485.415233506821
            ],
            [
              532.4949551619356,
              2497.730146725662
            ],
            [
              539.2639485271648,
              2505.3543470166624
            ],
            [
              537.9120865786681,
              2518.700198289007
            ],
            [
              532.0844095501816,
              2532.4286404950544
            ],
            [
              530.4756860620109,
              2546.0233711134642
            ],
            [
              534.1546207445208,
              2557.5341481529176
            ],
            [
              545.665943305823,
              2564.7716563446447
            ],
            [
              562.0193365063751,
              2586.273483385332
            ],
            [
              565.5616593213053,
              2602.982086517848
            ],
            [
              573.689184533665,
              2605.9185288771987
            ],
            [
              581.4005108422134,
              2644.0645923707634
            ],
            [
              578.667881287518,
              2653.406439928338
            ],
            [
              583.3719256487675,
              2663.699405239895
            ],
            [
              580.9349782197969,
              2671.315221745521
            ],
            [
              584.6374109636527,
              2700.6758824484423
            ],
            [
              598.5540597770596,
              2710.710756313987
            ],
            [
              611.8910865394864,
              2714.528768386692
            ],
            [
              622.362295003375,
              2723.2283892352134
            ],
            [
              631.086370900739,
              2741.562493180856
            ],
            [
              643.9609863687074,
              2762.973150487989
            ],
            [
              654.7938482257305,
              2776.650335007347
            ],
            [
              656.9864239474991,
              2759.5922500360757
            ],
            [
              651.2999054102693,
              2739.370740910992
            ],
            [
              653.6563423493644,
              2725.2955400422215
            ],
            [
              654.37528012658,
              2707.4651960628107
            ],
            [
              650.5217730310978,
              2683.55752997566
            ],
            [
              636.2245707196416,
              2650.2062933407724
            ],
            [
              631.5344939002534,
              2620.3306234460324
            ],
            [
              621.9707744470797,
              2586.614795882255
            ],
            [
              613.2909663658356,
              2585.642092575319
            ],
            [
              608.3627050268697,
              2574.354063384235
            ],
            [
              621.4990798238432,
              2566.763750491664
            ],
            [
              604.112999289413,
              2499.122290022671
            ],
            [
              583.2538947822759,
              2421.953813522123
            ],
            [
              586.436131340568,
              2423.7823171401396
            ],
            [
              571.1369464441668,
              2362.130738013424
            ],
            [
              547.7909185701283,
              2379.622409888543
            ],
            [
              532.7906098905951,
              2401.2899262113497
            ]
          ]
        ]
      },
      "properties": {
        "id": "forest:way:803131187",
        "tags": {
          "natural": "wood",
          "winter_sports_id": "1228774360",
          "winter_sports_name": "Killington Resort",
          "State": "Vermont",
          "Country": "United States of America",
          "Ski Area": "Killington Resort",
          "region": "north-america/us/vermont"
        },
        "natural": "wood"
      }
    },
    {
      "type": "Feature",
      "geometry": {
        "type": "Polygon",
        "coordinates": [
          [
            [
              663.0231278805295,
              2542.803760584444
            ],
            [
              654.6390551070217,
              2511.8307292228565
            ],
            [
              649.8660828914726,
              2493.71158488933
            ],
            [
              653.9328878043452,
              2463.721496927552
            ],
            [
              655.3378278635209,
              2422.8585631735623
            ],
            [
              646.707767168642,
              2388.944974850863
            ],
            [
              635.9284229613841,
              2361.8323225630447
            ],
            [
              626.9806722271023,
              2340.0025513442233
            ],
            [
              616.825068923994,
              2326.643337862566
            ],
            [
              604.5287416854408,
              2344.969727916643
            ],
            [
              592.1423979114043,
              2353.813459585421
            ],
            [
              600.9392835941399,
              2369.093020615168
            ],
            [
              616.8735145289684,
              2387.5053436895832
            ],
            [
              617.6743118789745,
              2406.8204372469336
            ],
            [
              615.1038047997281,
              2429.6590349702165
            ],
            [
              625.7242975841509,
              2475.416925428435
            ],
            [
              631.8001467612339,
              2506.6515657939017
            ],
            [
              648.8230306925252,
              2570.893772459589
            ],
            [
              657.1553386842133,
              2578.636985588819
            ],
            [
              664.2875687686028,
              2569.66641441267
            ],
            [
              663.0231278805295,
              2542.803760584444
            ]
          ]
        ]
      },
      "properties": {
        "id": "forest:way:803131188",
        "tags": {
          "natural": "wood",
          "winter_sports_id": "1228774360",
          "winter_sports_name": "Killington Resort",
          "State": "Vermont",
          "Country": "United States of America",
          "Ski Area": "Killington Resort",
          "region": "north-america/us/vermont"
        },
        "natural": "wood"
      }
    },
    {
      "type": "Feature",
      "geometry": {
        "type": "Polygon",
        "coordinates": [
          [
            [
              552.5571385755902,
              2316.219505715184
            ],
            [
              549.3317272362765,
              2288.9719906784594
            ],
            [
              551.2788793988293,
              2277.2533183554187
            ],
            [
              529.4984151381068,
              2193.903717446141
            ],
            [
              516.6665218839189,
              2157.5794179290533
            ],
            [
              512.3396797446767,
              2122.1341791506857
            ],
            [
              507.29514362080954,
              2101.7185568213463
            ],
            [
              489.82478287175763,
              2079.3318510465324
            ],
            [
              507.8441992921289,
              2168.472969939001
            ],
            [
              532.3865325876977,
              2271.522459690459
            ],
            [
              552.9200295010814,
              2352.216425228864
            ],
            [
              563.6684595077531,
              2343.0072961626574
            ],
            [
              552.5571385755902,
              2316.219505715184
            ]
          ]
        ]
      },
      "properties": {
        "id": "forest:way:803131189",
        "tags": {
          "natural": "wood",
          "winter_sports_id": "1228774360",
          "winter_sports_name": "Killington Resort",
          "State": "Vermont",
          "Country": "United States of America",
          "Ski Area": "Killington Resort",
          "region": "north-america/us/vermont"
        },
        "natural": "wood"
      }
    },
    {
      "type": "Feature",
      "geometry": {
        "type": "Polygon",
        "coordinates": [
          [
            [
              620.7338422872126,
              2276.843790752813
            ],
            [
              609.4916066535516,
              2240.594378891401
            ],
            [
              595.3882593691815,
              2199.8130916599184
            ],
            [
              566.6749182832427,
              2146.7449436187744
            ],
            [
              553.7020221925341,
              2109.950075957924
            ],
            [
              534.4996625996428,
              2083.405553138815
            ],
            [
              532.2944884347962,
              2100.952340814285
            ],
            [
              542.8707640531939,
              2153.0549890929833
            ],
            [
              557.1856421058765,
              2195.3309812229127
            ],
            [
              573.8616469538538,
              2214.118298621848
            ],
            [
              567.003106330405,
              2238.4891613433138
            ],
            [
              580.1845191830071,
              2295.6172118308023
            ],
            [
              592.1273874815088,
              2323.949524162337
            ],
            [
              613.5990276716184,
              2302.1965094758198
            ],
            [
              620.7338422872126,
              2276.843790752813
            ]
          ]
        ]
      },
      "properties": {
        "id": "forest:way:803131190",
        "tags": {
          "natural": "wood",
          "winter_sports_id": "1228774360",
          "winter_sports_name": "Killington Resort",
          "State": "Vermont",
          "Country": "United States of America",
          "Ski Area": "Killington Resort",
          "region": "north-america/us/vermont"
        },
        "natural": "wood"
      }
    },
    {
      "type": "Feature",
      "geometry": {
        "type": "Polygon",
        "coordinates": [
          [
            [
              645.145622288459,
              2256.9241362605244
            ],
            [
              659.9613518320257,
              2242.920708644204
            ],
            [
              636.1880710417172,
              2210.5653204051778
            ],
            [
              616.43459404225,
              2162.600322701037
            ],
            [
              591.5343540381873,
              2123.013595483266
            ],
            [
              630.3797590137692,
              2219.2372959926724
            ],
            [
              645.145622288459,
              2256.9241362605244
            ]
          ]
        ]
      },
      "properties": {
        "id": "forest:way:803131191",
        "tags": {
          "natural": "wood",
          "winter_sports_id": "1228774360",
          "winter_sports_name": "Killington Resort",
          "State": "Vermont",
          "Country": "United States of America",
          "Ski Area": "Killington Resort",
          "region": "north-america/us/vermont"
        },
        "natural": "wood"
      }
    },
    {
      "type": "Feature",
      "geometry": {
        "type": "Polygon",
        "coordinates": [
          [
            [
              713.8306120287161,
              2156.7796991346404
            ],
            [
              699.3512224411825,
              2139.5390438586473
            ],
            [
              684.9486737254774,
              2110.152746738866
            ],
            [
              656.1958213521866,
              2105.929566190578
            ],
            [
              626.8906305747805,
              2103.670306207612
            ],
            [
              664.1316749949474,
              2153.984234967269
            ],
            [
              699.443934986135,
              2192.855767380446
            ],
            [
              711.6705162468133,
              2172.593841476366
            ],
            [
              713.8306120287161,
              2156.7796991346404
            ]
          ]
        ]
      },
      "properties": {
        "id": "forest:way:803131192",
        "tags": {
          "natural": "wood",
          "winter_sports_id": "1228774360",
          "winter_sports_name": "Killington Resort",
          "State": "Vermont",
          "Country": "United States of America",
          "Ski Area": "Killington Resort",
          "region": "north-america/us/vermont"
        },
        "natural": "wood"
      }
    },
    {
      "type": "Feature",
      "geometry": {
        "type": "Polygon",
        "coordinates": [
          [
            [
              647.5763865298359,
              2092.7996326284483
            ],
            [
              675.0146429002052,
              2099.722291198559
            ],
            [
              690.1611952560488,
              2101.109501884319
            ],
            [
              684.2383160780882,
              2089.5507895052433
            ],
            [
              670.7185801550513,
              2073.8914022585377
            ],
            [
              657.7897092184285,
              2072.318001671694
            ],
            [
              627.3826603902271,
              2074.797735663131
            ],
            [
              593.7232243854087,
              2076.269706675783
            ],
            [
              615.0166764741298,
              2091.455183165148
            ],
            [
              647.5763865298359,
              2092.7996326284483
            ]
          ]
        ]
      },
      "properties": {
        "id": "forest:way:803131193",
        "tags": {
          "natural": "wood",
          "winter_sports_id": "1228774360",
          "winter_sports_name": "Killington Resort",
          "State": "Vermont",
          "Country": "United States of America",
          "Ski Area": "Killington Resort",
          "region": "north-america/us/vermont"
        },
        "natural": "wood"
      }
    },
    {
      "type": "Feature",
      "geometry": {
        "type": "Polygon",
        "coordinates": [
          [
            [
              748.9472415060736,
              2155.468916372396
            ],
            [
              743.8244608485838,
              2132.5281179333106
            ],
            [
              727.2295371034415,
              2120.1886702282354
            ],
            [
              712.8505181341898,
              2108.652155732736
            ],
            [
              704.3356220097048,
              2110.9067893009633
            ],
            [
              707.8166333535919,
              2120.4230316467583
            ],
            [
              717.7191463675117,
              2141.266614875756
            ],
            [
              724.9639647223521,
              2159.0617764582857
            ],
            [
              723.8504102472216,
              2173.158514776267
            ],
            [
              710.1112112988485,
              2194.1253048870713
            ],
            [
              719.5757269288879,
              2203.0541944624856
            ],
            [
              748.8336438062834,
              2178.5276746479794
            ],
            [
              748.9472415060736,
              2155.468916372396
            ]
          ]
        ]
      },
      "properties": {
        "id": "forest:way:803131194",
        "tags": {
          "natural": "wood",
          "winter_sports_id": "1228774360",
          "winter_sports_name": "Killington Resort",
          "State": "Vermont",
          "Country": "United States of America",
          "Ski Area": "Killington Resort",
          "region": "north-america/us/vermont"
        },
        "natural": "wood"
      }
    },
    {
      "type": "Feature",
      "geometry": {
        "type": "Polygon",
        "coordinates": [
          [
            [
              766.868482211139,
              2107.8383002215996
            ],
            [
              767.0276781324064,
              2083.046941956505
            ],
            [
              750.6132192165824,
              2063.532483377494
            ],
            [
              744.0108357849531,
              2059.3911779690534
            ],
            [
              711.3912153679412,
              2060.0118877282366
            ],
            [
              694.8077847389504,
              2066.277818276547
            ],
            [
              695.7707150758943,
              2076.961535573937
            ],
            [
              709.8605299652554,
              2089.9796938272193
            ],
            [
              723.3315904393094,
              2098.269245803356
            ],
            [
              748.0014556708047,
              2106.353101812303
            ],
            [
              766.868482211139,
              2107.8383002215996
            ]
          ]
        ]
      },
      "properties": {
        "id": "forest:way:803131195",
        "tags": {
          "natural": "wood",
          "winter_sports_id": "1228774360",
          "winter_sports_name": "Killington Resort",
          "State": "Vermont",
          "Country": "United States of America",
          "Ski Area": "Killington Resort",
          "region": "north-america/us/vermont"
        },
        "natural": "wood"
      }
    },
    {
      "type": "Feature",
      "geometry": {
        "type": "Polygon",
        "coordinates": [
          [
            [
              727.7139052951243,
              2035.4008947648108
            ],
            [
              727.4560348544037,
              2026.4695025878027
            ],
            [
              699.3931789082708,
              1995.9794795811176
            ],
            [
              682.427615839988,
              1978.6735461158678
            ],
            [
              676.8963105151197,
              1999.8450020495802
            ],
            [
              682.3030716710491,
              2030.7397594768554
            ],
            [
              690.589295099373,
              2056.2420704215765
            ],
            [
              713.2229012154276,
              2047.167690090835
            ],
            [
              727.7139052951243,
              2035.4008947648108
            ]
          ]
        ]
      },
      "properties": {
        "id": "forest:way:803131196",
        "tags": {
          "natural": "wood",
          "winter_sports_id": "1228774360",
          "winter_sports_name": "Killington Resort",
          "State": "Vermont",
          "Country": "United States of America",
          "Ski Area": "Killington Resort",
          "region": "north-america/us/vermont"
        },
        "natural": "wood"
      }
    },
    {
      "type": "Feature",
      "geometry": {
        "type": "Polygon",
        "coordinates": [
          [
            [
              2549.059506343794,
              559.7185143064708
            ],
            [
              2523.426262825378,
              541.5109737915918
            ],
            [
              2528.3190534994937,
              551.9548402484506
            ],
            [
              2540.118165582069,
              575.1966800829396
            ],
            [
              2547.185385980527,
              591.3665397819132
            ],
            [
              2555.4239300831687,
              602.6661299047992
            ],
            [
              2567.4702258900506,
              606.8536882400513
            ],
            [
              2574.7113124669995,
              596.9986721230671
            ],
            [
              2577.188310585101,
              581.5934287561104
            ],
            [
              2572.668356517097,
              576.5831632502377
            ],
            [
              2549.059506343794,
              559.7185143064708
            ]
          ]
        ]
      },
      "properties": {
        "id": "forest:way:1102693323",
        "tags": {
          "natural": "wood",
          "winter_sports_id": "1228774360",
          "winter_sports_name": "Killington Resort",
          "State": "Vermont",
          "Country": "United States of America",
          "Ski Area": "Killington Resort",
          "region": "north-america/us/vermont"
        },
        "natural": "wood"
      }
    },
    {
      "type": "Feature",
      "geometry": {
        "type": "Polygon",
        "coordinates": [
          [
            [
              1433.2219886636594,
              963.2969960821792
            ],
            [
              1437.651978214155,
              976.3284960435703
            ],
            [
              1443.3772802030435,
              966.2878925465047
            ],
            [
              1454.8660708143143,
              931.9038151213899
            ],
            [
              1467.1387504292652,
              906.3872886328027
            ],
            [
              1475.9139134908328,
              897.094035115093
            ],
            [
              1470.4409119826742,
              884.7129498766735
            ],
            [
              1462.1768376502441,
              874.6366478828713
            ],
            [
              1455.1875283563277,
              867.9838030384853
            ],
            [
              1451.720931857708,
              857.0116011016071
            ],
            [
              1445.4289913930697,
              836.7845857301727
            ],
            [
              1446.3677121499786,
              814.369922448881
            ],
            [
              1443.6793319111457,
              786.7581792846322
            ],
            [
              1439.9990446338197,
              771.023503257893
            ],
            [
              1438.1281486392254,
              770.0047679319978
            ],
            [
              1402.5836400828557,
              775.5963585572317
            ],
            [
              1395.8993822243065,
              777.0972542064264
            ],
            [
              1389.3401103483047,
              779.4730420103297
            ],
            [
              1382.966651977622,
              782.7016903618351
            ],
            [
              1376.838111229008,
              786.7532587880269
            ],
            [
              1325.8043714880478,
              824.6959508359432
            ],
            [
              1318.116034335224,
              831.3081204453483
            ],
            [
              1101.726945171249,
              1044.6877633789554
            ],
            [
              1094.8757941547083,
              1052.362814723514
            ],
            [
              999.1871942830039,
              1173.7436507660896
            ],
            [
              996.6650726976804,
              1177.1033112248406
            ],
            [
              944.7148257099325,
              1249.7671757154167
            ],
            [
              940.4000991326757,
              1256.3703500665724
            ],
            [
              936.5343510186067,
              1263.4767905715853
            ],
            [
              933.1497709393734,
              1271.027320560068
            ],
            [
              930.2745413650991,
              1278.959065463394
            ],
            [
              910.4691835405538,
              1340.3768375543877
            ],
            [
              907.9287951278966,
              1349.4398688180372
            ],
            [
              906.0558083384531,
              1358.7914316272363
            ],
            [
              904.8689946222585,
              1368.3377886349335
            ],
            [
              904.380247258814,
              1377.9832501411438
            ],
            [
              904.5944622601382,
              1387.6311332741752
            ],
            [
              905.5094894190552,
              1397.184731100686
            ],
            [
              915.7559760102304,
              1474.052641093731
            ],
            [
              917.1983149949228,
              1482.6242527067661
            ],
            [
              919.2069024007069,
              1490.9651036476716
            ],
            [
              921.7649009934394,
              1499.005283407867
            ],
            [
              924.8508688145084,
              1506.677401745692
            ],
            [
              928.4389389489079,
              1513.9171534944326
            ],
            [
              932.4990363724064,
              1520.6638575503603
            ],
            [
              978.5729594182922,
              1590.3491611685604
            ],
            [
              940.7572224914329,
              1589.519378776662
            ],
            [
              934.0185616964009,
              1589.8170362748206
            ],
            [
              927.3207381141838,
              1591.0024835858494
            ],
            [
              920.7255882729078,
              1593.064776434563
            ],
            [
              914.2940006189747,
              1595.9848753772676
            ],
            [
              908.0853533039335,
              1599.7358215972781
            ],
            [
              902.1569659442175,
              1604.2829858027399
            ],
            [
              896.5635703743901,
              1609.5843879515305
            ],
            [
              891.3568053296767,
              1615.5910848435014
            ],
            [
              874.1192162205698,
              1637.4658450717106
            ],
            [
              869.2585136890411,
              1644.2586180614308
            ],
            [
              864.8963056887733,
              1651.661683854647
            ],
            [
              861.0744520286098,
              1659.604000184685
            ],
            [
              857.8296266613761,
              1668.009350094013
            ],
            [
              855.1929657902801,
              1676.7970733754337
            ],
            [
              853.189769159304,
              1685.8828406212851
            ],
            [
              851.8392573543824,
              1695.1794625045732
            ],
            [
              851.3808318232186,
              1701.483684245497
            ],
            [
              828.568379717879,
              1704.056833755225
            ],
            [
              763.3519465804566,
              1703.8132247803733
            ],
            [
              715.5079664653167,
              1694.6911705452949
            ],
            [
              715.5052106117364,
              1695.455776905641
            ],
            [
              710.2364244731143,
              1701.0966272130609
            ],
            [
              701.8296396995429,
              1696.4522881880403
            ],
            [
              697.8526446191827,
              1691.3250548476353
            ],
            [
              683.982948146644,
              1688.680731214583
            ],
            [
              677.9924044358777,
              1687.8991275839508
            ],
            [
              567.3314022853738,
              1680.0576367396861
            ],
            [
              562.9328223826597,
              1679.9363693371415
            ],
            [
              523.6484821868362,
              1680.5497964350507
            ],
            [
              516.467606413993,
              1681.1685287980363
            ],
            [
              513.6806197921978,
              1681.8057111697271
            ],
            [
              517.9274532994023,
              1683.8086955081671
            ],
            [
              534.4473421891453,
              1704.2921752715483
            ],
            [
              553.1594629044412,
              1719.4096003882587
            ],
            [
              574.920720618451,
              1748.1996633289382
            ],
            [
              602.0218892224366,
              1781.5423497334123
            ],
            [
              621.5988557426026,
              1802.4620228456333
            ],
            [
              641.0959077154985,
              1800.5958032207564
            ],
            [
              672.9669574029977,
              1808.2238886393607
            ],
            [
              693.8011365622515,
              1807.4154528519139
            ],
            [
              705.0518985592062,
              1807.711128083989
            ],
            [
              724.6736756501487,
              1814.0061666890979
            ],
            [
              753.9147488106973,
              1817.8311851629987
            ],
            [
              790.1013303505024,
              1816.7487016040832
            ],
            [
              833.0983409599867,
              1816.5123720979318
            ],
            [
              865.5305246926146,
              1828.5906710764393
            ],
            [
              921.496470929007,
              1854.202944232151
            ],
            [
              970.7861515568802,
              1873.8606393951923
            ],
            [
              1017.7932304342976,
              1889.7131587080657
            ],
            [
              1052.078193428344,
              1909.3098659534007
            ],
            [
              1051.36615607969,
              1897.3990108678117
            ],
            [
              1049.3986579111079,
              1868.450498891063
            ],
            [
              1038.3637805052567,
              1847.0764501970261
            ],
            [
              1025.7688766481588,
              1820.2265488533303
            ],
            [
              1018.1128396111308,
              1799.964004587382
            ],
            [
              1009.021134953713,
              1782.386633160524
            ],
            [
              984.3192272463348,
              1761.6754016717896
            ],
            [
              960.2235102884006,
              1743.7031800858676
            ],
            [
              940.7008438239573,
              1720.7500213803723
            ],
            [
              938.3215353022097,
              1707.428284689784
            ],
            [
              948.1553544680355,
              1696.817478902638
            ],
            [
              973.1357391885249,
              1694.0740092517808
            ],
            [
              1015.340262890677,
              1697.8968224916607
            ],
            [
              1037.3599129489157,
              1703.922477168031
            ],
            [
              1052.0069010852603,
              1717.5672846622765
            ],
            [
              1066.857855668175,
              1736.6523009976372
            ],
            [
              1078.856178217684,
              1747.515579351224
            ],
            [
              1101.3400959587889,
              1748.7857272205874
            ],
            [
              1124.1986832442926,
              1748.7098982594907
            ],
            [
              1140.8607470686547,
              1750.8493137629703
            ],
            [
              1150.8980446044588,
              1758.5824524750933
            ],
            [
              1174.3698362142313,
              1774.1605260446668
            ],
            [
              1194.1435530224117,
              1774.6816128566861
            ],
            [
              1212.2500218795612,
              1773.8028910774738
            ],
            [
              1224.625238479348,
              1770.0501864515245
            ],
            [
              1225.1871651168913,
              1761.9072270123288
            ],
            [
              1213.796503045829,
              1740.8680329555646
            ],
            [
              1198.2337162089534,
              1710.1941030211747
            ],
            [
              1179.6759096515598,
              1676.3960263496265
            ],
            [
              1154.2086079879664,
              1645.8057725923136
            ],
            [
              1128.508470853325,
              1624.0452199019492
            ],
            [
              1114.9769577690167,
              1606.6841757791117
            ],
            [
              1100.0732101955218,
              1576.716957415454
            ],
            [
              1076.4326443244936,
              1541.751741597429
            ],
            [
              1051.971246414003,
              1511.877501675859
            ],
            [
              1037.7274206941947,
              1482.5946763372049
            ],
            [
              1024.5878684866475,
              1463.210285834968
            ],
            [
              1010.6538874557009,
              1448.2284265775234
            ],
            [
              1002.0509228832088,
              1438.143759473227
            ],
            [
              994.4201902562054,
              1429.785152903758
            ],
            [
              996.2671833817149,
              1411.4732726523653
            ],
            [
              1002.4024007740663,
              1398.709062891081
            ],
            [
              1007.5570139113115,
              1384.2297017965466
            ],
            [
              1012.6574455817463,
              1372.1162213096395
            ],
            [
              1025.4796012459556,
              1351.7148422244936
            ],
            [
              1044.3197416090406,
              1335.8953361315653
            ],
            [
              1062.4829631192842,
              1319.7135174674913
            ],
            [
              1068.8578314369079,
              1311.045660073869
            ],
            [
              1076.242074411246,
              1289.8121046554297
            ],
            [
              1084.499766509165,
              1274.0585828237236
            ],
            [
              1097.6077893138863,
              1255.698732166551
            ],
            [
              1111.50931444054,
              1233.2809245325625
            ],
            [
              1127.1147360156756,
              1210.574597411789
            ],
            [
              1151.1276908499422,
              1179.9320160374045
            ],
            [
              1174.9351539106574,
              1157.0973173668608
            ],
            [
              1184.8070932477713,
              1144.7762343101203
            ],
            [
              1200.8229553845013,
              1119.6913363970816
            ],
            [
              1228.1084775283234,
              1094.236608718522
            ],
            [
              1275.8218666893663,
              1057.7506364975125
            ],
            [
              1307.2632820571307,
              1030.0162179972976
            ],
            [
              1332.632460118155,
              1012.3245827341452
            ],
            [
              1351.8752390302252,
              994.4714741818607
            ],
            [
              1371.5925959594315,
              971.1850098669529
            ],
            [
              1386.7249773036456,
              953.9126612935215
            ],
            [
              1393.6559387338348,
              936.7463206732646
            ],
            [
              1398.6869775310624,
              914.4395997198299
            ],
            [
              1403.1478418839397,
              900.2756117880344
            ],
            [
              1413.7669427273795,
              898.8552679689601
            ],
            [
              1421.20035912632,
              914.7000570008531
            ],
            [
              1422.3046299088746,
              924.587422342971
            ],
            [
              1427.9822093157563,
              942.0752496309578
            ],
            [
              1433.2219886636594,
              963.2969960821792
            ]
          ]
        ]
      },
      "properties": {
        "id": "forest:way:1102693324",
        "tags": {
          "natural": "wood",
          "winter_sports_id": "1228774360",
          "winter_sports_name": "Killington Resort",
          "State": "Vermont",
          "Country": "United States of America",
          "Ski Area": "Killington Resort",
          "region": "north-america/us/vermont"
        },
        "natural": "wood"
      }
    },
    {
      "type": "Feature",
      "geometry": {
        "type": "Polygon",
        "coordinates": [
          [
            [
              660.1627071003895,
              1860.2903329739347
            ],
            [
              655.2889864231693,
              1853.3604610795155
            ],
            [
              640.9476300890092,
              1845.281612089835
            ],
            [
              634.6590687165735,
              1835.947288133204
            ],
            [
              622.1789093810366,
              1824.961034508422
            ],
            [
              603.6961440599989,
              1816.1955497451127
            ],
            [
              585.128158148611,
              1810.6731894388795
            ],
            [
              572.1395397846354,
              1807.6646992657334
            ],
            [
              569.894415890798,
              1814.1185846608132
            ],
            [
              579.5944361839211,
              1829.177269173786
            ],
            [
              595.9516549718101,
              1850.9125537797809
            ],
            [
              610.0911642282736,
              1866.6769424108788
            ],
            [
              619.1599731097231,
              1871.9387270500883
            ],
            [
              633.7189605719177,
              1871.7321471469477
            ],
            [
              653.4109870914835,
              1879.6514859953895
            ],
            [
              670.7768635381944,
              1885.7315079774708
            ],
            [
              664.275564198615,
              1873.1240215497091
            ],
            [
              660.1627071003895,
              1860.2903329739347
            ]
          ]
        ]
      },
      "properties": {
        "id": "forest:way:1102693325",
        "tags": {
          "natural": "wood",
          "winter_sports_id": "1228774360",
          "winter_sports_name": "Killington Resort",
          "State": "Vermont",
          "Country": "United States of America",
          "Ski Area": "Killington Resort",
          "region": "north-america/us/vermont"
        },
        "natural": "wood"
      }
    },
    {
      "type": "Feature",
      "geometry": {
        "type": "Polygon",
        "coordinates": [
          [
            [
              765.87400838139,
              1886.4083246123046
            ],
            [
              753.05795069749,
              1852.5735273351893
            ],
            [
              746.5392481274903,
              1844.9334947345778
            ],
            [
              718.2278007988352,
              1830.0188512261957
            ],
            [
              700.5686494834954,
              1823.1085630934685
            ],
            [
              684.0110904179746,
              1823.451423986815
            ],
            [
              663.3554150788113,
              1822.3862982001156
            ],
            [
              649.9443308499176,
              1821.011437463574
            ],
            [
              658.7956308686407,
              1828.7126562269405
            ],
            [
              702.2231620609527,
              1848.658865715377
            ],
            [
              724.3214138739277,
              1863.6657541142777
            ],
            [
              745.7484853666974,
              1884.8456240668893
            ],
            [
              756.7545775986509,
              1908.5745755545795
            ],
            [
              760.5607849219814,
              1911.2531100874767
            ],
            [
              764.2647026760969,
              1898.4692583307624
            ],
            [
              765.87400838139,
              1886.4083246123046
            ]
          ]
        ]
      },
      "properties": {
        "id": "forest:way:1102693326",
        "tags": {
          "natural": "wood",
          "winter_sports_id": "1228774360",
          "winter_sports_name": "Killington Resort",
          "State": "Vermont",
          "Country": "United States of America",
          "Ski Area": "Killington Resort",
          "region": "north-america/us/vermont"
        },
        "natural": "wood"
      }
    },
    {
      "type": "Feature",
      "geometry": {
        "type": "Polygon",
        "coordinates": [
          [
            [
              794.689754800871,
              1930.9666223628446
            ],
            [
              804.8851369271288,
              1926.8557715918869
            ],
            [
              812.2037575134309,
              1913.9002605453134
            ],
            [
              813.5753304720856,
              1901.0550948604941
            ],
            [
              807.0017599442508,
              1885.678144382313
            ],
            [
              798.6944841020741,
              1867.4326335620135
            ],
            [
              792.6031190786744,
              1862.8935070503503
            ],
            [
              767.9099303014809,
              1858.1209225142375
            ],
            [
              761.7712347889319,
              1855.3810636866838
            ],
            [
              769.4346775996964,
              1878.766532487236
            ],
            [
              774.1394621952204,
              1896.4171508727595
            ],
            [
              776.0780808137497,
              1911.149836357683
            ],
            [
              784.3796978583559,
              1929.9175337720662
            ],
            [
              794.689754800871,
              1930.9666223628446
            ]
          ]
        ]
      },
      "properties": {
        "id": "forest:way:1102693327",
        "tags": {
          "natural": "wood",
          "winter_sports_id": "1228774360",
          "winter_sports_name": "Killington Resort",
          "State": "Vermont",
          "Country": "United States of America",
          "Ski Area": "Killington Resort",
          "region": "north-america/us/vermont"
        },
        "natural": "wood"
      }
    },
    {
      "type": "Feature",
      "geometry": {
        "type": "Polygon",
        "coordinates": [
          [
            [
              2998.6695873016724,
              832.0651744492352
            ],
            [
              3012.920628274791,
              831.0885425908491
            ],
            [
              3012.1699052235344,
              817.1090311156586
            ],
            [
              3016.4634323994396,
              808.4541507232934
            ],
            [
              3010.7806390873156,
              801.3231260916218
            ],
            [
              3004.2761084836675,
              799.5717728203163
            ],
            [
              2995.8017255443847,
              803.8475064001977
            ],
            [
              2988.2798998957733,
              815.1283639799803
            ],
            [
              2984.6023086934583,
              825.8335639741272
            ],
            [
              2985.208540862892,
              828.5504659097642
            ],
            [
              2998.6695873016724,
              832.0651744492352
            ]
          ]
        ]
      },
      "properties": {
        "id": "forest:way:1102979202",
        "tags": {
          "natural": "wood",
          "winter_sports_id": "1228774360",
          "winter_sports_name": "Killington Resort",
          "State": "Vermont",
          "Country": "United States of America",
          "Ski Area": "Killington Resort",
          "region": "north-america/us/vermont"
        },
        "natural": "wood"
      }
    },
    {
      "type": "Feature",
      "geometry": {
        "type": "Polygon",
        "coordinates": [
          [
            [
              2986.3517464395845,
              836.2830813098699
            ],
            [
              2981.8300948642427,
              844.7096217367798
            ],
            [
              2976.799849825795,
              847.054237332195
            ],
            [
              2969.450985274161,
              843.0353634301573
            ],
            [
              2957.917788800434,
              835.0707318661734
            ],
            [
              2945.4298011491774,
              820.7900412194431
            ],
            [
              2921.4662738979096,
              796.0678672399372
            ],
            [
              2904.0177947765915,
              781.1996146123856
            ],
            [
              2899.4756178617245,
              782.20133178588
            ],
            [
              2897.604858071427,
              801.5126171298325
            ],
            [
              2900.109038548311,
              826.1084099337459
            ],
            [
              2900.9041071146494,
              838.7331354487687
            ],
            [
              2897.7573959488655,
              855.2986001325771
            ],
            [
              2891.2679984971182,
              869.9857545699924
            ],
            [
              2881.5727359337034,
              886.1547543136403
            ],
            [
              2868.3550865803845,
              899.3070310680196
            ],
            [
              2853.2911605149275,
              913.5438854470849
            ],
            [
              2838.7237279615365,
              926.4269191399217
            ],
            [
              2820.1952777038096,
              935.1701827701181
            ],
            [
              2796.713674926432,
              951.872987864539
            ],
            [
              2783.767998585128,
              963.0098521765321
            ],
            [
              2773.6842182582477,
              968.5878883358091
            ],
            [
              2765.1574861143017,
              966.3384348368272
            ],
            [
              2762.814807867282,
              960.8746355241165
            ],
            [
              2763.750999189331,
              942.6721432032064
            ],
            [
              2769.345078922226,
              919.4142221920192
            ],
            [
              2775.1859344962286,
              903.5871865786612
            ],
            [
              2786.037615703186,
              894.6508280383423
            ],
            [
              2796.0573037475115,
              882.9804880926386
            ],
            [
              2804.1941523811547,
              865.8696884866804
            ],
            [
              2808.3393158855615,
              854.2765827700496
            ],
            [
              2807.298992469674,
              850.8701897552237
            ],
            [
              2801.2104817496147,
              850.4860331350937
            ],
            [
              2789.4785570750246,
              858.4987162230536
            ],
            [
              2774.5603737942874,
              867.5603740764782
            ],
            [
              2750.5499879644485,
              878.6254776986316
            ],
            [
              2730.8187685849844,
              898.5846414659172
            ],
            [
              2720.9249527530046,
              905.5237460555509
            ],
            [
              2710.776567489258,
              905.0206670695916
            ],
            [
              2703.475435314118,
              899.2028493089601
            ],
            [
              2700.835875752731,
              887.8850935548544
            ],
            [
              2705.674096142873,
              867.5300945313647
            ],
            [
              2713.9094373135595,
              854.9119711080566
            ],
            [
              2721.652735425043,
              844.0924032703042
            ],
            [
              2725.067865408375,
              834.7360464651138
            ],
            [
              2726.928807900171,
              823.9824505345896
            ],
            [
              2721.3233568676515,
              813.9306951528415
            ],
            [
              2705.4746534001315,
              798.4275228586048
            ],
            [
              2680.956659786869,
              777.5148286055773
            ],
            [
              2672.064455173444,
              763.77478726767
            ],
            [
              2663.2318098094547,
              747.791265510954
            ],
            [
              2661.1459320725407,
              732.6538307452574
            ],
            [
              2661.1310925621074,
              707.66862409655
            ],
            [
              2665.7112820500042,
              688.2070015734062
            ],
            [
              2672.925890798797,
              671.7495244592428
            ],
            [
              2682.2287487429567,
              653.3136247750372
            ],
            [
              2697.868118454586,
              634.145832169801
            ],
            [
              2701.941498055123,
              625.2515215612948
            ],
            [
              2700.20806456008,
              614.1801376864314
            ],
            [
              2689.8638938759686,
              604.0025238590315
            ],
            [
              2661.039817124256,
              592.2003704970703
            ],
            [
              2640.4964235223597,
              583.1078630024567
            ],
            [
              2637.910827081767,
              587.0847724853083
            ],
            [
              2635.945242677233,
              609.994578926824
            ],
            [
              2632.992896744283,
              627.4766599312425
            ],
            [
              2626.396546310396,
              646.2067854329944
            ],
            [
              2613.9676560928347,
              663.4260851563886
            ],
            [
              2606.941067959531,
              664.5954241687432
            ],
            [
              2601.412082434166,
              660.1696219509467
            ],
            [
              2596.2881282233866,
              649.0082403337583
            ],
            [
              2595.980466867215,
              635.040594343096
            ],
            [
              2595.8569498300785,
              622.6560594504699
            ],
            [
              2595.2633889097488,
              610.9370118258521
            ],
            [
              2591.4359679166228,
              602.0551394885406
            ],
            [
              2586.885363275651,
              603.0679623149335
            ],
            [
              2579.76862827898,
              616.1493946304545
            ],
            [
              2571.3182084882865,
              619.5260437475517
            ],
            [
              2559.6405794536695,
              616.970941785723
            ],
            [
              2545.46773844969,
              606.469635354355
            ],
            [
              2536.5551464492455,
              593.1738335443661
            ],
            [
              2523.6841776802903,
              567.4028480518609
            ],
            [
              2514.958485008334,
              547.3657081220299
            ],
            [
              2492.0747981978348,
              524.4743842035532
            ],
            [
              2469.3209130314644,
              513.73443276342
            ],
            [
              2449.6334266900085,
              506.46575146820396
            ],
            [
              2427.663920179126,
              500.2591297579929
            ],
            [
              2401.710886484827,
              499.57071566209197
            ],
            [
              2380.6548595958157,
              501.2573408810422
            ],
            [
              2357.9289986906806,
              506.51187006477267
            ],
            [
              2338.4632887762273,
              508.24079632293433
            ],
            [
              2320.3215495302575,
              510.9162434116006
            ],
            [
              2292.712276448845,
              521.2096284832805
            ],
            [
              2268.5009591052076,
              540.1511149937287
            ],
            [
              2262.2096467898227,
              547.4086591890082
            ],
            [
              2264.5983952366514,
              550.8506856653839
            ],
            [
              2282.942179698264,
              549.0807009395212
            ],
            [
              2306.767253376078,
              553.5466547971591
            ],
            [
              2334.265911892522,
              564.1784520028159
            ],
            [
              2359.6549696172588,
              577.8997458796948
            ],
            [
              2378.0845304048853,
              589.6471794815734
            ],
            [
              2388.2053254056955,
              600.0406452333555
            ],
            [
              2386.693932980299,
              605.8577499845996
            ],
            [
              2381.848241970758,
              609.7748072100803
            ],
            [
              2366.5834064445226,
              614.549202170223
            ],
            [
              2327.703308881144,
              624.321257182397
            ],
            [
              2306.678933884832,
              633.6666189655662
            ],
            [
              2299.0315095767146,
              640.8881763163954
            ],
            [
              2296.2829108104343,
              650.7180703533813
            ],
            [
              2298.470927115064,
              662.0347632048652
            ],
            [
              2294.169906167779,
              670.7009694501758
            ],
            [
              2283.164102628478,
              676.9332655891776
            ],
            [
              2264.323114795494,
              680.7128375340253
            ],
            [
              2233.7788132505957,
              682.6040973365307
            ],
            [
              2210.2272948088357,
              684.9030592283234
            ],
            [
              2191.7947508248035,
              690.0384712489322
            ],
            [
              2172.446083734394,
              695.6053453432396
            ],
            [
              2148.5971353258938,
              700.5973893376067
            ],
            [
              2123.3522206224734,
              707.3641587086022
            ],
            [
              2097.7010649406584,
              712.0863665007055
            ],
            [
              2075.3751072726445,
              710.8172494582832
            ],
            [
              2047.578808028833,
              719.98409481626
            ],
            [
              2017.4747535873903,
              730.8904662933201
            ],
            [
              1995.1723523862893,
              745.8267103070393
            ],
            [
              1957.4093282005051,
              781.515319368802
            ],
            [
              1939.583690776839,
              797.9261171659455
            ],
            [
              1913.6236719894223,
              814.3440552726388
            ],
            [
              1881.5060633780668,
              833.2999679669738
            ],
            [
              1853.9069198108045,
              843.5953195104375
            ],
            [
              1834.749207920744,
              850.5241058869287
            ],
            [
              1811.5912078636466,
              855.0798925682902
            ],
            [
              1778.6866926295916,
              877.8498528813943
            ],
            [
              1765.6853429860203,
              874.3497699014843
            ],
            [
              1755.7663250176702,
              864.8628474744037
            ],
            [
              1742.1819910086924,
              857.746416377835
            ],
            [
              1720.4428201345727,
              851.1035973094404
            ],
            [
              1712.9586862353608,
              843.9261449500918
            ],
            [
              1706.7987454009708,
              829.1260377373546
            ],
            [
              1700.5910055041313,
              824.6941808853298
            ],
            [
              1698.2002435351023,
              829.5768120372668
            ],
            [
              1701.2101959231077,
              844.0602837651968
            ],
            [
              1699.681897620787,
              859.1018112553284
            ],
            [
              1700.4079530149465,
              882.9830859070644
            ],
            [
              1704.9801647275453,
              897.9524070546031
            ],
            [
              1707.1554481002968,
              918.0375945540145
            ],
            [
              1707.3339638921898,
              928.4007056392729
            ],
            [
              1707.893525734311,
              950.0214126864448
            ],
            [
              1713.238790980191,
              961.4101846041158
            ],
            [
              1723.5717286571162,
              972.0416330238804
            ],
            [
              1734.463792909286,
              978.6312073785812
            ],
            [
              1751.107129148906,
              981.5495353797451
            ],
            [
              1764.3821370479418,
              983.2452267538756
            ],
            [
              1776.1423774530413,
              991.2137482408434
            ],
            [
              1789.6813256350579,
              1000.3407308747992
            ],
            [
              1798.3069983647438,
              1007.1038978509605
            ],
            [
              1796.5309732219903,
              1014.7034907434136
            ],
            [
              1789.3066037864191,
              1023.070408324711
            ],
            [
              1773.9541684552096,
              1039.7692613368854
            ],
            [
              1759.8233037976315,
              1053.3440119810402
            ],
            [
              1750.22003139148,
              1066.149323830381
            ],
            [
              1749.5898251287872,
              1072.8789641410112
            ],
            [
              1749.2390286456794,
              1086.1511179003865
            ],
            [
              1746.826730904053,
              1092.1556921647862
            ],
            [
              1737.9608678083168,
              1094.1775418519974
            ],
            [
              1717.0397851187736,
              1091.146184373647
            ],
            [
              1703.9474122104002,
              1090.8002144154161
            ],
            [
              1696.229841575143,
              1100.7212862567976
            ],
            [
              1686.8236838028533,
              1109.7419597059488
            ],
            [
              1675.1062515288359,
              1118.5015253648162
            ],
            [
              1660.0173406162066,
              1123.7155384114012
            ],
            [
              1658.8246897883946,
              1144.4008187567815
            ],
            [
              1657.8003083927324,
              1158.410936682485
            ],
            [
              1653.0123748487094,
              1175.7670191247016
            ],
            [
              1644.9143878861796,
              1195.2029242292047
            ],
            [
              1632.0427611588966,
              1214.9461936065927
            ],
            [
              1621.547808029456,
              1226.972350855358
            ],
            [
              1601.0689561513718,
              1247.5817044274881
            ],
            [
              1583.9967416781,
              1262.4572597751394
            ],
            [
              1561.2393631002633,
              1279.1277141878381
            ],
            [
              1535.8339709915454,
              1297.895588286221
            ],
            [
              1508.818193124258,
              1319.8441440146416
            ],
            [
              1491.981298334431,
              1334.0815050844103
            ],
            [
              1477.663134047878,
              1359.3883833233267
            ],
            [
              1467.2017841354245,
              1378.1174726551399
            ],
            [
              1451.3898242082214,
              1394.538117364049
            ],
            [
              1437.2637092912337,
              1404.3125667637214
            ],
            [
              1429.241576457047,
              1412.947746451944
            ],
            [
              1427.140319277416,
              1418.5049440907314
            ],
            [
              1435.3950882302597,
              1425.8469225093722
            ],
            [
              1453.9774139786605,
              1436.05104285758
            ],
            [
              1471.4057309344644,
              1440.4009482879192
            ],
            [
              1492.0243232464418,
              1447.2024223227054
            ],
            [
              1513.7528714445652,
              1452.9551911558956
            ],
            [
              1536.12372483348,
              1459.1584426732734
            ],
            [
              1551.5254925073823,
              1458.2758616255596
            ],
            [
              1575.69071974908,
              1453.723669031635
            ],
            [
              1598.3120353079867,
              1450.442254897207
            ],
            [
              1620.6074897720246,
              1451.242318798788
            ],
            [
              1649.3978507148568,
              1452.0028749825433
            ],
            [
              1672.9185383566655,
              1455.6473665228114
            ],
            [
              1701.279928504955,
              1464.387897964567
            ],
            [
              1727.4270673206775,
              1475.0038936743513
            ],
            [
              1749.1792253059102,
              1488.1045322837308
            ],
            [
              1763.858180937008,
              1506.6197941917926
            ],
            [
              1773.8635645793984,
              1521.3549665566534
            ],
            [
              1780.984910416999,
              1530.6124140862375
            ],
            [
              1795.2665822383715,
              1539.4034611526877
            ],
            [
              1813.1361727466574,
              1543.5436658365652
            ],
            [
              1831.6583631375106,
              1539.4989134566858
            ],
            [
              1850.0822168713203,
              1530.9281378742307
            ],
            [
              1878.99911780213,
              1518.9561903458089
            ],
            [
              1897.8421919445973,
              1511.0301382672042
            ],
            [
              1917.7299905557884,
              1504.220970039256
            ],
            [
              1938.5819551643217,
              1502.183131834492
            ],
            [
              1960.9923034819076,
              1506.8773451419547
            ],
            [
              1972.6689940850483,
              1515.822119818069
            ],
            [
              2036.2869867034024,
              1485.764107662253
            ],
            [
              2056.4866002275376,
              1475.7293625148013
            ],
            [
              2068.2325115693966,
              1465.893140308559
            ],
            [
              2081.744940885692,
              1470.7855813680217
            ],
            [
              2094.8362890422577,
              1483.6468961481005
            ],
            [
              2112.3695536893792,
              1508.7181538492441
            ],
            [
              2122.329485488939,
              1508.981986945495
            ],
            [
              2126.2382912510075,
              1500.4609085833654
            ],
            [
              2132.2607084104093,
              1485.938581678085
            ],
            [
              2129.8669184440514,
              1469.8929379004985
            ],
            [
              2123.1009878434706,
              1455.4652933795005
            ],
            [
              2111.9607073359657,
              1442.4333198908716
            ],
            [
              2100.381128317211,
              1429.8231861172244
            ],
            [
              2091.463982340996,
              1423.1185445897281
            ],
            [
              2083.121805396513,
              1418.79646802973
            ],
            [
              2083.241813531262,
              1414.2650522151962
            ],
            [
              2099.470232315245,
              1415.117198121734
            ],
            [
              2102.4812918719836,
              1407.8615758763626
            ],
            [
              2135.106621007202,
              1402.9019387867302
            ],
            [
              2183.7710856979247,
              1397.711711927317
            ],
            [
              2220.547400508425,
              1391.5621167086065
            ],
            [
              2245.865799984662,
              1384.6755333570763
            ],
            [
              2265.3666305736406,
              1376.3455646960065
            ],
            [
              2296.9333709547063,
              1362.2783177532256
            ],
            [
              2312.696618855116,
              1356.0055378479883
            ],
            [
              2336.119113229448,
              1346.9128492763266
            ],
            [
              2352.472654959536,
              1334.8319603288546
            ],
            [
              2373.040231641615,
              1319.1840797113255
            ],
            [
              2390.555926289293,
              1304.0999198779464
            ],
            [
              2419.449245223077,
              1284.5718948459253
            ],
            [
              2441.3222541209543,
              1268.7476736214012
            ],
            [
              2451.5491768118227,
              1258.6605963911861
            ],
            [
              2469.747596489731,
              1242.5166630726308
            ],
            [
              2481.8870673762867,
              1217.5873130830005
            ],
            [
              2496.169595376472,
              1193.7818311396986
            ],
            [
              2516.748737150803,
              1161.296591186896
            ],
            [
              2536.405049202498,
              1138.9342036051676
            ],
            [
              2560.843391954666,
              1116.2653841087595
            ],
            [
              2598.547975155292,
              1091.3593351589516
            ],
            [
              2640.8855900971685,
              1063.5534781124443
            ],
            [
              2680.8366257103626,
              1044.1090595424175
            ],
            [
              2716.8720731772482,
              1025.2054358357564
            ],
            [
              2743.0022995710606,
              1020.0649093780667
            ],
            [
              2769.74835236487,
              1008.4723554905504
            ],
            [
              2803.1620728804264,
              990.3663922203705
            ],
            [
              2833.369064143393,
              970.4414876606315
            ],
            [
              2853.0154289309867,
              956.7154620941728
            ],
            [
              2878.15851549746,
              940.1126103308052
            ],
            [
              2892.698497044388,
              930.9966652421281
            ],
            [
              2919.867385275429,
              919.6270953789353
            ],
            [
              2933.858794775326,
              915.0423760339618
            ],
            [
              2945.862962899613,
              903.4806175157428
            ],
            [
              2965.581250586547,
              879.1760260444134
            ],
            [
              2985.3718106782762,
              860.0526602324098
            ],
            [
              2998.7272031527245,
              846.5930639728904
            ],
            [
              3004.775250484352,
              839.6964732119814
            ],
            [
              2992.670334753464,
              836.2178437672555
            ],
            [
              2986.3517464395845,
              836.2830813098699
            ]
          ]
        ]
      },
      "properties": {
        "id": "forest:way:1102979203",
        "tags": {
          "natural": "wood",
          "winter_sports_id": "1228774360",
          "winter_sports_name": "Killington Resort",
          "State": "Vermont",
          "Country": "United States of America",
          "Ski Area": "Killington Resort",
          "region": "north-america/us/vermont"
        },
        "natural": "wood"
      }
    },
    {
      "type": "Feature",
      "geometry": {
        "type": "Polygon",
        "coordinates": [
          [
            [
              1685.1431777960388,
              1598.531803456135
            ],
            [
              1660.4041413004743,
              1602.5015948852524
            ],
            [
              1642.8572829872137,
              1613.0521303741261
            ],
            [
              1635.3860407645116,
              1628.9591714385897
            ],
            [
              1626.3165299275424,
              1652.7817383958027
            ],
            [
              1627.708784348215,
              1661.5320229753852
            ],
            [
              1634.047332062968,
              1658.8431354621425
            ],
            [
              1684.8342684381641,
              1636.811951028183
            ],
            [
              1711.410652723629,
              1625.3554082047194
            ],
            [
              1744.8473158722045,
              1611.0350284930319
            ],
            [
              1753.714461258729,
              1604.9676980515942
            ],
            [
              1729.3315808324842,
              1604.323156167753
            ],
            [
              1685.1431777960388,
              1598.531803456135
            ]
          ]
        ]
      },
      "properties": {
        "id": "forest:way:1103047370",
        "tags": {
          "natural": "wood",
          "winter_sports_id": "1228774360",
          "winter_sports_name": "Killington Resort",
          "State": "Vermont",
          "Country": "United States of America",
          "Ski Area": "Killington Resort",
          "region": "north-america/us/vermont"
        },
        "natural": "wood"
      }
    },
    {
      "type": "Feature",
      "geometry": {
        "type": "Polygon",
        "coordinates": [
          [
            [
              967.9182492747204,
              1916.5411278847605
            ],
            [
              981.4321394875878,
              1925.3546840175986
            ],
            [
              978.7036586506292,
              1936.9637912213802
            ],
            [
              995.7317213068018,
              1935.0002834452316
            ],
            [
              1014.8916907474631,
              1929.0585247920826
            ],
            [
              1040.0623308090726,
              1924.8866373905912
            ],
            [
              1052.2507684202865,
              1922.3846116494387
            ],
            [
              1045.923871558276,
              1916.9832532433793
            ],
            [
              1024.4241071111755,
              1904.7361997356638
            ],
            [
              985.961991014774,
              1891.6425750376657
            ],
            [
              946.0049512373516,
              1873.6640856843442
            ],
            [
              909.600146360579,
              1859.4136241786182
            ],
            [
              878.51514301938,
              1842.4914503032342
            ],
            [
              852.7199473696528,
              1839.3900207718834
            ],
            [
              824.2984609582927,
              1828.9732321230695
            ],
            [
              797.9831311895978,
              1830.2928606411442
            ],
            [
              769.626354890177,
              1832.7703551854938
            ],
            [
              755.2427694516955,
              1841.6613590735942
            ],
            [
              771.2101419604151,
              1849.3275318406522
            ],
            [
              791.6983713140944,
              1854.3007522700354
            ],
            [
              813.4951443804894,
              1855.2740327753127
            ],
            [
              835.5551326323766,
              1861.900267848745
            ],
            [
              871.9468005746603,
              1876.9613037016243
            ],
            [
              901.714961752994,
              1897.8832272766158
            ],
            [
              937.0347080745269,
              1922.974698053673
            ],
            [
              952.481527877273,
              1935.0621548220515
            ],
            [
              958.9794696877943,
              1918.3175061596557
            ],
            [
              967.9182492747204,
              1916.5411278847605
            ]
          ]
        ]
      },
      "properties": {
        "id": "forest:way:1103203838",
        "tags": {
          "natural": "wood",
          "winter_sports_id": "1228774360",
          "winter_sports_name": "Killington Resort",
          "State": "Vermont",
          "Country": "United States of America",
          "Ski Area": "Killington Resort",
          "region": "north-america/us/vermont"
        },
        "natural": "wood"
      }
    },
    {
      "type": "Feature",
      "geometry": {
        "type": "Polygon",
        "coordinates": [
          [
            [
              952.1953535956563,
              1945.9353346126154
            ],
            [
              908.223131052102,
              1911.7470445148647
            ],
            [
              868.1034242955502,
              1884.9068057332188
            ],
            [
              828.878658404341,
              1869.7823908133432
            ],
            [
              817.1784752528183,
              1869.074575509876
            ],
            [
              819.6010431561153,
              1884.4423941466957
            ],
            [
              823.5397852400783,
              1903.8845061399043
            ],
            [
              830.0388905911241,
              1933.4522191248834
            ],
            [
              835.1129718563752,
              1940.4319582358003
            ],
            [
              866.738454381586,
              1952.1445441162214
            ],
            [
              914.9461755375378,
              1963.4822784783319
            ],
            [
              952.3669297016459,
              1970.1019218480214
            ],
            [
              956.242230890668,
              1960.9458664339036
            ],
            [
              952.1953535956563,
              1945.9353346126154
            ]
          ]
        ]
      },
      "properties": {
        "id": "forest:way:1103203839",
        "tags": {
          "natural": "wood",
          "winter_sports_id": "1228774360",
          "winter_sports_name": "Killington Resort",
          "State": "Vermont",
          "Country": "United States of America",
          "Ski Area": "Killington Resort",
          "region": "north-america/us/vermont"
        },
        "natural": "wood"
      }
    },
    {
      "type": "Feature",
      "geometry": {
        "type": "Polygon",
        "coordinates": [
          [
            [
              753.1093171171378,
              1968.894934986718
            ],
            [
              756.3679432302015,
              1952.4650659775361
            ],
            [
              746.2051900915103,
              1924.0014493474737
            ],
            [
              730.08718790079,
              1891.3468999238685
            ],
            [
              723.9926847779425,
              1877.0940432203934
            ],
            [
              696.5289838596946,
              1860.6569107919931
            ],
            [
              669.8271882970585,
              1846.2626812467352
            ],
            [
              666.5142372365808,
              1849.3987129507586
            ],
            [
              690.8384511258919,
              1877.434111229144
            ],
            [
              712.7097114369972,
              1906.6054594079033
            ],
            [
              718.1701538533671,
              1929.3105747168884
            ],
            [
              712.1928421743214,
              1941.6345866518095
            ],
            [
              694.5920905596577,
              1950.0299262665212
            ],
            [
              685.2205363464309,
              1952.6066170595586
            ],
            [
              705.9548054620391,
              1978.9362157126889
            ],
            [
              729.2478901289869,
              2000.0873005995527
            ],
            [
              735.978471941431,
              2005.4989635525271
            ],
            [
              745.6379698496312,
              1991.660228608176
            ],
            [
              753.1093171171378,
              1968.894934986718
            ]
          ]
        ]
      },
      "properties": {
        "id": "forest:way:1103203840",
        "tags": {
          "natural": "wood",
          "winter_sports_id": "1228774360",
          "winter_sports_name": "Killington Resort",
          "State": "Vermont",
          "Country": "United States of America",
          "Ski Area": "Killington Resort",
          "region": "north-america/us/vermont"
        },
        "natural": "wood"
      }
    },
    {
      "type": "Feature",
      "geometry": {
        "type": "Polygon",
        "coordinates": [
          [
            [
              788.1247057731962,
              2036.2778575606644
            ],
            [
              787.1682006822666,
              2026.5834433892742
            ],
            [
              783.5374891454121,
              2010.7837585452944
            ],
            [
              783.8128823323641,
              2000.3104094108567
            ],
            [
              780.0844988421304,
              1988.5314618814737
            ],
            [
              774.6068710784893,
              1981.5411543976516
            ],
            [
              769.1306613982888,
              1989.8549941526726
            ],
            [
              767.8368126437999,
              2008.348167766817
            ],
            [
              772.1578124488005,
              2028.6116290129721
            ],
            [
              775.9180128189037,
              2039.179973807186
            ],
            [
              788.1247057731962,
              2036.2778575606644
            ]
          ]
        ]
      },
      "properties": {
        "id": "forest:way:1103203841",
        "tags": {
          "natural": "wood",
          "winter_sports_id": "1228774360",
          "winter_sports_name": "Killington Resort",
          "State": "Vermont",
          "Country": "United States of America",
          "Ski Area": "Killington Resort",
          "region": "north-america/us/vermont"
        },
        "natural": "wood"
      }
    },
    {
      "type": "Feature",
      "geometry": {
        "type": "Polygon",
        "coordinates": [
          [
            [
              741.4017260159599,
              2050.809193395078
            ],
            [
              741.207162490231,
              2046.5362676875666
            ],
            [
              735.2020824841456,
              2042.099480099976
            ],
            [
              729.7220003438415,
              2040.7328735338524
            ],
            [
              722.273560382775,
              2044.5048110028729
            ],
            [
              717.5850717343856,
              2048.0492210946977
            ],
            [
              717.1659961167024,
              2052.3171297814697
            ],
            [
              730.0305629232898,
              2052.3440944273025
            ],
            [
              741.4017260159599,
              2050.809193395078
            ]
          ]
        ]
      },
      "properties": {
        "id": "forest:way:1103203842",
        "tags": {
          "natural": "wood",
          "winter_sports_id": "1228774360",
          "winter_sports_name": "Killington Resort",
          "State": "Vermont",
          "Country": "United States of America",
          "Ski Area": "Killington Resort",
          "region": "north-america/us/vermont"
        },
        "natural": "wood"
      }
    },
    {
      "type": "Feature",
      "geometry": {
        "type": "Polygon",
        "coordinates": [
          [
            [
              668.5989323357353,
              2060.5099142659456
            ],
            [
              671.3261281872401,
              2058.1475954018533
            ],
            [
              671.9824687014334,
              2050.9962583770975
            ],
            [
              667.8923544695135,
              2043.1422614250332
            ],
            [
              664.6422215776984,
              2029.753298100084
            ],
            [
              659.1452171044657,
              2018.2724904539064
            ],
            [
              658.159661406884,
              2006.9102296801284
            ],
            [
              659.5923581907991,
              1996.6451208665967
            ],
            [
              663.8027197301853,
              1977.7951291622594
            ],
            [
              663.9993748730049,
              1957.0947614926845
            ],
            [
              661.4006000455702,
              1958.8714130846784
            ],
            [
              658.3008034928935,
              1966.1919417399913
            ],
            [
              655.3766438709572,
              1971.4387532165274
            ],
            [
              642.3218740064185,
              1978.0309347910807
            ],
            [
              629.1793342601741,
              1983.3538295300677
            ],
            [
              612.938673287048,
              1987.3283585691825
            ],
            [
              607.0771524594165,
              1989.7195082949474
            ],
            [
              605.6690424707485,
              1999.051687180996
            ],
            [
              616.7684214065084,
              2009.401496664621
            ],
            [
              627.5740272739204,
              2018.0209263302386
            ],
            [
              634.5589816645952,
              2030.3521252088249
            ],
            [
              641.6620493083028,
              2042.7975771399215
            ],
            [
              649.1266607112484,
              2050.395683804527
            ],
            [
              657.4560927817365,
              2055.8159355036914
            ],
            [
              668.5989323357353,
              2060.5099142659456
            ]
          ]
        ]
      },
      "properties": {
        "id": "forest:way:1103203843",
        "tags": {
          "natural": "wood",
          "winter_sports_id": "1228774360",
          "winter_sports_name": "Killington Resort",
          "State": "Vermont",
          "Country": "United States of America",
          "Ski Area": "Killington Resort",
          "region": "north-america/us/vermont"
        },
        "natural": "wood"
      }
    },
    {
      "type": "Feature",
      "geometry": {
        "type": "Polygon",
        "coordinates": [
          [
            [
              572.1958184394753,
              1947.2922638617456
            ],
            [
              582.1285890167346,
              1953.7881277306005
            ],
            [
              591.9015814807499,
              1958.6793838823214
            ],
            [
              595.5687657267554,
              1965.4219232946634
            ],
            [
              596.191643801867,
              1980.1422066884115
            ],
            [
              598.518493543379,
              1991.4841129863635
            ],
            [
              604.6906847511418,
              1987.411776933819
            ],
            [
              611.8874673425453,
              1982.7662007408217
            ],
            [
              639.7596098738723,
              1975.6518873404711
            ],
            [
              652.3055561746005,
              1967.5237023411319
            ],
            [
              656.9983037702041,
              1957.977753924206
            ],
            [
              660.6217196768848,
              1951.0155196990818
            ],
            [
              647.3823808369925,
              1931.7403793120757
            ],
            [
              628.3129908909323,
              1911.5007800208405
            ],
            [
              617.2356210030848,
              1902.1518062558025
            ],
            [
              609.2522183936089,
              1898.3077923320234
            ],
            [
              599.4050477874698,
              1896.2375422287732
            ],
            [
              596.9202315177536,
              1898.5951440921053
            ],
            [
              601.593469856889,
              1905.1640562573448
            ],
            [
              609.9922471736791,
              1916.2542359409854
            ],
            [
              611.8592859891942,
              1922.3493372108787
            ],
            [
              610.6836673555663,
              1928.3645133534446
            ],
            [
              602.7643636137946,
              1929.768032984808
            ],
            [
              586.1074141869321,
              1925.2961157457903
            ],
            [
              578.6814898721641,
              1923.289487440139
            ],
            [
              573.4374176105484,
              1938.4558410542086
            ],
            [
              572.1958184394753,
              1947.2922638617456
            ]
          ]
        ]
      },
      "properties": {
        "id": "forest:way:1103203844",
        "tags": {
          "natural": "wood",
          "winter_sports_id": "1228774360",
          "winter_sports_name": "Killington Resort",
          "State": "Vermont",
          "Country": "United States of America",
          "Ski Area": "Killington Resort",
          "region": "north-america/us/vermont"
        },
        "natural": "wood"
      }
    },
    {
      "type": "Feature",
      "geometry": {
        "type": "Polygon",
        "coordinates": [
          [
            [
              532.8897824722808,
              2046.9091241555288
            ],
            [
              559.2927436416503,
              2047.1356634739786
            ],
            [
              580.1365550312912,
              2050.850598196499
            ],
            [
              592.0814474503277,
              2056.0656457208097
            ],
            [
              608.8982855977956,
              2065.1985961683095
            ],
            [
              615.5702683305135,
              2068.230184881948
            ],
            [
              634.9844643402612,
              2068.873595021665
            ],
            [
              651.862802204676,
              2065.8272389248013
            ],
            [
              655.6099974563112,
              2062.7581856520846
            ],
            [
              635.6515240685549,
              2054.24276134558
            ],
            [
              630.981337475474,
              2049.4076929436997
            ],
            [
              630.7156340590445,
              2043.8436719626188
            ],
            [
              629.8013134750072,
              2032.2276649177074
            ],
            [
              625.4899116583401,
              2026.646270136349
            ],
            [
              606.3720212189946,
              2011.0289006773382
            ],
            [
              598.9851074278122,
              2002.6215604310855
            ],
            [
              587.9676523249364,
              2008.522713321261
            ],
            [
              569.551821172121,
              2016.9080691020936
            ],
            [
              550.735621375381,
              2025.4718985026702
            ],
            [
              535.693835265236,
              2028.700104193762
            ],
            [
              517.4923629699042,
              2029.2335774665698
            ],
            [
              510.1997809574241,
              2029.8423265516758
            ],
            [
              503.4594265089836,
              2032.4883416555822
            ],
            [
              501.12368165608495,
              2036.8615349391475
            ],
            [
              502.4409764991142,
              2040.5193041702732
            ],
            [
              506.6525795486523,
              2043.7529262090102
            ],
            [
              513.9444962427951,
              2046.2449821792543
            ],
            [
              532.8897824722808,
              2046.9091241555288
            ]
          ]
        ]
      },
      "properties": {
        "id": "forest:way:1103203846",
        "tags": {
          "natural": "wood",
          "winter_sports_id": "1228774360",
          "winter_sports_name": "Killington Resort",
          "State": "Vermont",
          "Country": "United States of America",
          "Ski Area": "Killington Resort",
          "region": "north-america/us/vermont"
        },
        "natural": "wood"
      }
    },
    {
      "type": "Feature",
      "geometry": {
        "type": "Polygon",
        "coordinates": [
          [
            [
              667.9892315986799,
              1895.6164749944583
            ],
            [
              663.8604623439023,
              1891.0734684672207
            ],
            [
              651.6501390407793,
              1886.7293462352827
            ],
            [
              647.5699256617809,
              1888.0225179539993
            ],
            [
              657.3517505167983,
              1900.5716994302347
            ],
            [
              660.2460789065808,
              1905.6824268931523
            ],
            [
              668.6588494454045,
              1900.868802496232
            ],
            [
              667.9892315986799,
              1895.6164749944583
            ]
          ]
        ]
      },
      "properties": {
        "id": "forest:way:1103203848",
        "tags": {
          "natural": "wood",
          "winter_sports_id": "1228774360",
          "winter_sports_name": "Killington Resort",
          "State": "Vermont",
          "Country": "United States of America",
          "Ski Area": "Killington Resort",
          "region": "north-america/us/vermont"
        },
        "natural": "wood"
      }
    },
    {
      "type": "Feature",
      "geometry": {
        "type": "Polygon",
        "coordinates": [
          [
            [
              1947.428616613266,
              1506.9740625964478
            ],
            [
              1935.6617682859069,
              1506.3181340983137
            ],
            [
              1925.4088609673781,
              1507.969580706209
            ],
            [
              1905.8800188688328,
              1514.643738873303
            ],
            [
              1883.1189908039523,
              1523.5108526200056
            ],
            [
              1856.2726291891886,
              1533.848193032667
            ],
            [
              1834.90569468576,
              1543.4525316655636
            ],
            [
              1811.006156447227,
              1548.955515167676
            ],
            [
              1792.107131852652,
              1544.9548084400594
            ],
            [
              1779.9838390548248,
              1537.6212195409462
            ],
            [
              1765.9173362068832,
              1523.7456030128524
            ],
            [
              1753.2013529060641,
              1505.526736550033
            ],
            [
              1743.6092592830537,
              1495.626074344851
            ],
            [
              1722.0759391620522,
              1478.2189391292632
            ],
            [
              1698.5604870347306,
              1469.184036815539
            ],
            [
              1676.900061905384,
              1462.9990057982504
            ],
            [
              1645.5920400687028,
              1456.0367977740243
            ],
            [
              1604.5585843804292,
              1457.0534505238757
            ],
            [
              1586.030000689556,
              1459.198144110851
            ],
            [
              1573.637973734294,
              1462.027304683812
            ],
            [
              1537.4575616016518,
              1466.151118369773
            ],
            [
              1518.2215149034746,
              1461.4421152565628
            ],
            [
              1496.9069794365205,
              1455.6113454261795
            ],
            [
              1478.1045784555608,
              1447.9353160802275
            ],
            [
              1459.3967564461054,
              1443.4071407346055
            ],
            [
              1442.3262819338124,
              1436.8216524189338
            ],
            [
              1425.1986496265745,
              1425.666789341718
            ],
            [
              1414.3187661422417,
              1418.0221659922972
            ],
            [
              1413.333510289318,
              1408.526924278587
            ],
            [
              1418.9528071432142,
              1402.18452634383
            ],
            [
              1434.450408124132,
              1395.2247637547553
            ],
            [
              1449.2263698136667,
              1381.9442732986063
            ],
            [
              1463.9117359684315,
              1365.671716989018
            ],
            [
              1476.6768006650964,
              1341.9798298310488
            ],
            [
              1487.1268737454666,
              1326.1290177050978
            ],
            [
              1499.174750712118,
              1316.455402684398
            ],
            [
              1516.7867208431708,
              1302.538599302061
            ],
            [
              1528.2928747987607,
              1293.1952703613788
            ],
            [
              1547.098268525442,
              1280.8882556529716
            ],
            [
              1572.5769852872472,
              1262.1001273514703
            ],
            [
              1586.057413839968,
              1251.4086398985237
            ],
            [
              1607.2055505275493,
              1230.2278699530289
            ],
            [
              1619.9794693916338,
              1219.6844973498955
            ],
            [
              1629.6676895655692,
              1206.0921604754403
            ],
            [
              1642.0633558396949,
              1183.2688063159585
            ],
            [
              1652.4135685430374,
              1157.768494871445
            ],
            [
              1654.2854275321588,
              1140.113093261607
            ],
            [
              1646.1713317896938,
              1127.4397772634402
            ],
            [
              1639.4525307922158,
              1122.1831280384213
            ],
            [
              1622.9016260897042,
              1115.7776566892862
            ],
            [
              1603.9765180087416,
              1105.9863946866244
            ],
            [
              1589.7298025299096,
              1092.4621216887608
            ],
            [
              1574.9042506539263,
              1080.6675194185227
            ],
            [
              1556.8947283694288,
              1069.844732226804
            ],
            [
              1541.1547511093086,
              1052.6023658309132
            ],
            [
              1524.739279379486,
              1034.6309050712734
            ],
            [
              1514.2273929602234,
              1019.4493663255125
            ],
            [
              1506.2606222454924,
              1001.1786069888622
            ],
            [
              1502.7902944929665,
              979.3366409922019
            ],
            [
              1497.256503099692,
              962.5304941209033
            ],
            [
              1490.2395852119662,
              928.1582178631797
            ],
            [
              1484.6976383243455,
              911.3518717279658
            ],
            [
              1480.5488512853626,
              908.7861619172618
            ],
            [
              1474.8730068623554,
              910.2145887687802
            ],
            [
              1470.2737787690712,
              917.9842585502192
            ],
            [
              1459.159605548135,
              939.0856945365667
            ],
            [
              1452.5107503419276,
              957.4930892186239
            ],
            [
              1447.1150934847537,
              975.2444783933461
            ],
            [
              1441.1443889029324,
              994.8923296229914
            ],
            [
              1435.3682711361907,
              993.6952044907957
            ],
            [
              1428.8585187423741,
              980.197612889111
            ],
            [
              1424.7272766968235,
              956.7600595559925
            ],
            [
              1414.6661997139454,
              917.7396679371595
            ],
            [
              1409.7033080597175,
              912.3517667213455
            ],
            [
              1407.039625168778,
              913.5040562190115
            ],
            [
              1404.7999700884102,
              918.1795965563506
            ],
            [
              1402.3556973746745,
              930.9185976721346
            ],
            [
              1400.647217303631,
              942.0988017441705
            ],
            [
              1397.4203827959718,
              951.1272711250931
            ],
            [
              1386.431284804712,
              967.4974935557693
            ],
            [
              1372.34124650585,
              987.8203747877851
            ],
            [
              1354.7678671624744,
              1006.9955775141716
            ],
            [
              1339.649651813903,
              1019.7560273576528
            ],
            [
              1325.420984333381,
              1032.173197264783
            ],
            [
              1315.1256899725413,
              1035.4138078950346
            ],
            [
              1305.4300403082743,
              1042.8713812856004
            ],
            [
              1291.018929071026,
              1055.472748387605
            ],
            [
              1277.305723151192,
              1068.2592526217923
            ],
            [
              1258.5177419537213,
              1080.2118307948112
            ],
            [
              1240.7995447892463,
              1098.1609335290268
            ],
            [
              1226.9642617473146,
              1108.843746015802
            ],
            [
              1215.549330197624,
              1121.1685692369938
            ],
            [
              1200.7984338530805,
              1140.2406879505143
            ],
            [
              1190.343833406223,
              1156.2807395728305
            ],
            [
              1184.79722157598,
              1166.3040121300146
            ],
            [
              1169.7030923708808,
              1178.1763160908595
            ],
            [
              1161.529864189215,
              1187.9525808310136
            ],
            [
              1152.0892287767492,
              1198.929133400321
            ],
            [
              1145.318177256384,
              1202.0850006872788
            ],
            [
              1137.1081509337528,
              1213.2607005583122
            ],
            [
              1133.358123497339,
              1221.9309556484222
            ],
            [
              1125.074128362001,
              1235.9165895590559
            ],
            [
              1111.7385279446607,
              1254.3259689807892
            ],
            [
              1090.0970408251742,
              1281.1189556214958
            ],
            [
              1086.0706364342477,
              1286.792259673588
            ],
            [
              1084.8907669795444,
              1298.1642632260919
            ],
            [
              1079.7940733998548,
              1311.3558643618599
            ],
            [
              1073.5857665018411,
              1320.139239139855
            ],
            [
              1062.5774856730131,
              1330.541145295836
            ],
            [
              1043.0640348545276,
              1349.8438192317262
            ],
            [
              1022.4334058953682,
              1371.3955256296322
            ],
            [
              1019.2521969850641,
              1385.1599531145766
            ],
            [
              1011.5971532124095,
              1401.9630177468061
            ],
            [
              1006.9560171241174,
              1417.8006986146793
            ],
            [
              1009.1237293820595,
              1422.592367659323
            ],
            [
              1019.969039656804,
              1438.3153530182317
            ],
            [
              1035.7033546451712,
              1462.2248003790155
            ],
            [
              1044.9621806915384,
              1478.0727772004902
            ],
            [
              1051.9552237826865,
              1493.1609213855118
            ],
            [
              1064.1484327939106,
              1511.3645871048793
            ],
            [
              1078.3835160795134,
              1532.0782696055248
            ],
            [
              1095.015568884206,
              1555.311336344108
            ],
            [
              1106.1743290964514,
              1572.609833280556
            ],
            [
              1125.6307008352596,
              1602.0634864848107
            ],
            [
              1138.311249797931,
              1621.680529084988
            ],
            [
              1156.5215016423026,
              1638.642532253638
            ],
            [
              1172.968783713528,
              1655.3803102625534
            ],
            [
              1187.740572721581,
              1675.9305815855041
            ],
            [
              1200.0469326587627,
              1696.2492043944076
            ],
            [
              1212.3903901214944,
              1715.1573382066563
            ],
            [
              1221.5133360966574,
              1736.4368354734033
            ],
            [
              1230.542806411977,
              1754.2129343356937
            ],
            [
              1236.6256627410185,
              1763.664689480327
            ],
            [
              1243.9292966850335,
              1773.6821108227596
            ],
            [
              1244.2200047775405,
              1776.1348831942305
            ],
            [
              1232.609359427006,
              1776.0066458517686
            ],
            [
              1208.39769323566,
              1779.9252693802118
            ],
            [
              1182.1670677613001,
              1780.4676506081596
            ],
            [
              1163.8024033213733,
              1776.1271247901022
            ],
            [
              1146.3697620289167,
              1763.3867016704753
            ],
            [
              1130.3987029435812,
              1755.252735428512
            ],
            [
              1111.0895557280164,
              1753.343698227778
            ],
            [
              1089.96904159314,
              1753.665402635932
            ],
            [
              1074.0337161502102,
              1750.6116674756631
            ],
            [
              1058.7348559368402,
              1736.8829539073631
            ],
            [
              1040.5973584881285,
              1717.4669088600203
            ],
            [
              1023.1281975436723,
              1705.792821311392
            ],
            [
              995.3756526239449,
              1704.0063724555075
            ],
            [
              970.07539519493,
              1702.6402341295034
            ],
            [
              953.0260831961641,
              1702.0136929675937
            ],
            [
              948.8948346356628,
              1705.2392013445497
            ],
            [
              949.2718436674913,
              1710.8617450697348
            ],
            [
              956.5853064578259,
              1720.5234334096313
            ],
            [
              969.9798235041089,
              1732.9681115718558
            ],
            [
              983.7799875275232,
              1743.500756549649
            ],
            [
              1001.6395162225235,
              1760.2863965677097
            ],
            [
              1012.408427430084,
              1772.1396868536249
            ],
            [
              1022.4510379078565,
              1785.196426589042
            ],
            [
              1027.1088163023815,
              1802.1569397859275
            ],
            [
              1032.8020333145978,
              1819.667084642686
            ],
            [
              1042.2793902283302,
              1833.9426445988938
            ],
            [
              1050.1657596222358,
              1848.5208622524515
            ],
            [
              1054.8743027781602,
              1863.548883581534
            ],
            [
              1056.5745257290546,
              1879.0311646303162
            ],
            [
              1057.780283668195,
              1900.1019402388483
            ],
            [
              1059.8680621531093,
              1914.3607632145286
            ],
            [
              1076.029404074885,
              1908.818111591041
            ],
            [
              1099.6331634621602,
              1894.5357806580141
            ],
            [
              1126.6369185798103,
              1884.5553513094783
            ],
            [
              1172.0737018341897,
              1863.1352812461555
            ],
            [
              1233.769164065132,
              1838.6320040561259
            ],
            [
              1271.9115038225427,
              1820.3545363489538
            ],
            [
              1333.3207643352216,
              1793.5661892527714
            ],
            [
              1374.7506447930355,
              1777.1320215370506
            ],
            [
              1431.5509767750045,
              1751.801154045388
            ],
            [
              1468.2359481354943,
              1735.2312106117606
            ],
            [
              1522.6881214927416,
              1712.2953275218606
            ],
            [
              1560.6417021987727,
              1694.1922636637464
            ],
            [
              1597.26719619066,
              1679.8998242830858
            ],
            [
              1602.5081630528439,
              1661.27755202353
            ],
            [
              1610.0194865815574,
              1630.0895656058565
            ],
            [
              1625.8852527644485,
              1602.4565276419744
            ],
            [
              1641.8453171410365,
              1591.1304910629988
            ],
            [
              1655.3915963262552,
              1584.6531752571464
            ],
            [
              1679.7230291174492,
              1582.662027119659
            ],
            [
              1701.668492086581,
              1584.464526169002
            ],
            [
              1726.3518104149261,
              1589.3291756426916
            ],
            [
              1749.3774683311349,
              1590.2934785727412
            ],
            [
              1775.090457096463,
              1596.2302626529709
            ],
            [
              1787.956166923861,
              1595.33675952442
            ],
            [
              1815.5551724171964,
              1583.0963148884475
            ],
            [
              1839.0551069387002,
              1572.8481433549896
            ],
            [
              1880.3242529891431,
              1555.8792252987623
            ],
            [
              1922.5790208504768,
              1535.2467192532495
            ],
            [
              1951.3018710807664,
              1520.2357679698616
            ],
            [
              1961.6432460908545,
              1515.2413311749697
            ],
            [
              1958.7228874184657,
              1512.3632644852623
            ],
            [
              1947.428616613266,
              1506.9740625964478
            ]
          ]
        ]
      },
      "properties": {
        "id": "forest:way:1103203852",
        "tags": {
          "natural": "wood",
          "winter_sports_id": "1228774360",
          "winter_sports_name": "Killington Resort",
          "State": "Vermont",
          "Country": "United States of America",
          "Ski Area": "Killington Resort",
          "region": "north-america/us/vermont"
        },
        "natural": "wood"
      }
    },
    {
      "type": "Feature",
      "geometry": {
        "type": "Polygon",
        "coordinates": [
          [
            [
              3506.506854898995,
              804.5554415220395
            ],
            [
              3509.853200207115,
              799.3321134578437
            ],
            [
              3506.821786432527,
              782.768665637821
            ],
            [
              3493.7386568718357,
              763.2806259552017
            ],
            [
              3488.807886485243,
              748.26696183905
            ],
            [
              3485.326603982132,
              738.8713723216206
            ],
            [
              3476.4387219805503,
              731.9878263631836
            ],
            [
              3468.3672130373307,
              714.4896781332791
            ],
            [
              3448.8875956558622,
              704.9339708155021
            ],
            [
              3436.613591933041,
              694.7703301561996
            ],
            [
              3413.396102834842,
              665.4426821693778
            ],
            [
              3389.235422766418,
              640.8802365642041
            ],
            [
              3367.478542741621,
              626.740524943918
            ],
            [
              3329.0777455136413,
              606.0442329347134
            ],
            [
              3299.0260659722844,
              592.7505751522258
            ],
            [
              3257.2450499469414,
              579.1444423217326
            ],
            [
              3227.559524943703,
              581.8098840182647
            ],
            [
              3187.3999200830003,
              587.38620467484
            ],
            [
              3144.118043385446,
              599.7926833508536
            ],
            [
              3134.5752440786455,
              607.7742008958012
            ],
            [
              3112.962502599228,
              627.9378572208807
            ],
            [
              3080.736024137819,
              645.9517690837383
            ],
            [
              3058.8243846504483,
              657.3273486085236
            ],
            [
              3050.1492153666914,
              672.7786399256438
            ],
            [
              3052.080113834585,
              690.368370840326
            ],
            [
              3056.940931394929,
              708.0472199153155
            ],
            [
              3054.6001663943753,
              735.8928514262661
            ],
            [
              3048.8600129169645,
              761.2584146820009
            ],
            [
              3045.357091730926,
              782.693514848128
            ],
            [
              3039.231685160892,
              802.2027183882892
            ],
            [
              3029.0706982280826,
              813.0909635480493
            ],
            [
              3024.0919661065564,
              819.8715131627396
            ],
            [
              3023.780656488263,
              831.5665590809658
            ],
            [
              3038.397319745156,
              833.5449970373884
            ],
            [
              3061.9916618241696,
              849.0551678966731
            ],
            [
              3076.5987417983124,
              861.4030612790957
            ],
            [
              3107.48025448469,
              863.8258739821613
            ],
            [
              3136.4018925650744,
              879.4781997296959
            ],
            [
              3168.7730704910355,
              896.0227855872363
            ],
            [
              3196.888203749433,
              911.920645208098
            ],
            [
              3221.6178669343935,
              924.8164636520669
            ],
            [
              3240.0823015380884,
              932.7440175451338
            ],
            [
              3256.3791998313973,
              941.6808224758133
            ],
            [
              3267.61463424447,
              950.4938619723544
            ],
            [
              3278.529871145962,
              951.3183172661811
            ],
            [
              3280.5644444173668,
              944.9929456450045
            ],
            [
              3270.0431739350315,
              939.3887256402522
            ],
            [
              3269.9847071097465,
              921.5820571230724
            ],
            [
              3284.7179599392693,
              909.4823336945847
            ],
            [
              3299.661662563565,
              919.1833991184831
            ],
            [
              3317.0311352887657,
              927.8822061410174
            ],
            [
              3360.7943205415504,
              917.3569749640301
            ],
            [
              3397.7485463765915,
              911.9630279233679
            ],
            [
              3412.8580085738795,
              905.4529926134273
            ],
            [
              3433.8782481426606,
              897.511343489401
            ],
            [
              3446.234842221602,
              884.2815708732232
            ],
            [
              3455.766458839411,
              866.7307681208476
            ],
            [
              3461.4707845700905,
              853.0567722469568
            ],
            [
              3459.147217992111,
              840.2355341110379
            ],
            [
              3454.1334338973975,
              818.0398314436898
            ],
            [
              3446.147702946211,
              797.6320430543274
            ],
            [
              3445.3746120320866,
              776.3497326374054
            ],
            [
              3436.7289085699013,
              760.6923926472664
            ],
            [
              3436.856325332192,
              755.9166375854984
            ],
            [
              3449.5091298475163,
              761.5668673319742
            ],
            [
              3469.0563878661487,
              778.5709834927693
            ],
            [
              3479.4503245756496,
              788.9512671688572
            ],
            [
              3485.7241046808194,
              793.8978523360565
            ],
            [
              3497.2187901106663,
              802.9849389921874
            ],
            [
              3506.506854898995,
              804.5554415220395
            ]
          ]
        ]
      },
      "properties": {
        "id": "forest:way:1103203853",
        "tags": {
          "natural": "wood",
          "winter_sports_id": "1228774360",
          "winter_sports_name": "Killington Resort",
          "State": "Vermont",
          "Country": "United States of America",
          "Ski Area": "Killington Resort",
          "region": "north-america/us/vermont"
        },
        "natural": "wood"
      }
    },
    {
      "type": "Feature",
      "geometry": {
        "type": "Polygon",
        "coordinates": [
          [
            [
              1665.562942282646,
              4483.470666117966
            ],
            [
              1645.5225684045581,
              4468.603346361779
            ],
            [
              1643.5327401444083,
              4465.083091132343
            ],
            [
              1638.9655863976805,
              4453.392417687923
            ],
            [
              1634.5466256655054,
              4444.951019334607
            ],
            [
              1629.3220980525948,
              4440.411644226871
            ],
            [
              1621.3037698074477,
              4436.498601379804
            ],
            [
              1602.1439152716193,
              4432.291012142785
            ],
            [
              1586.007532808464,
              4427.930003567599
            ],
            [
              1573.6066519228043,
              4422.745292996988
            ],
            [
              1558.8292555568041,
              4419.809550330974
            ],
            [
              1530.8330919125583,
              4416.05771046225
            ],
            [
              1514.8754241127754,
              4413.79107181076
            ],
            [
              1497.7072813515551,
              4413.337447909638
            ],
            [
              1470.5165126639185,
              4414.241766012274
            ],
            [
              1437.0245697812643,
              4416.824721228331
            ],
            [
              1414.8797006318346,
              4420.174291897565
            ],
            [
              1413.598973130458,
              4420.352414068766
            ],
            [
              1591.2716983886203,
              4470.915765816346
            ],
            [
              1593.6916401151102,
              4471.543117222376
            ],
            [
              1674.0346746689174,
              4490.349172825925
            ],
            [
              1665.562942282646,
              4483.470666117966
            ]
          ]
        ]
      },
      "properties": {
        "id": "forest:way:1204279880",
        "tags": {
          "natural": "wood",
          "winter_sports_id": "1228774360",
          "winter_sports_name": "Killington Resort",
          "State": "Vermont",
          "Country": "United States of America",
          "Ski Area": "Killington Resort",
          "region": "north-america/us/vermont"
        },
        "natural": "wood"
      }
    },
    {
      "type": "Feature",
      "geometry": {
        "type": "Polygon",
        "coordinates": [
          [
            [
              1400.4280298706144,
              4416.213883860968
            ],
            [
              1426.0685750460252,
              4412.256391982548
            ],
            [
              1443.0699290548218,
              4410.160274448805
            ],
            [
              1469.104817713378,
              4409.003025527112
            ],
            [
              1496.2995704588247,
              4407.6431233193725
            ],
            [
              1521.34594764316,
              4408.760600135662
            ],
            [
              1539.633005745476,
              4410.866528665647
            ],
            [
              1555.3567110776203,
              4413.127042694017
            ],
            [
              1577.08424900088,
              4416.713283345103
            ],
            [
              1589.0252785292687,
              4421.885843704455
            ],
            [
              1602.3659773262916,
              4426.6397462151945
            ],
            [
              1617.843335243524,
              4429.360694494098
            ],
            [
              1630.7731841886416,
              4432.24771823734
            ],
            [
              1637.8026403775439,
              4438.446382221766
            ],
            [
              1642.6954025147716,
              4446.678026925772
            ],
            [
              1647.7837964872597,
              4456.059614101425
            ],
            [
              1651.9888794739963,
              4464.039683636278
            ],
            [
              1660.180026524351,
              4470.269094949588
            ],
            [
              1669.7912447889103,
              4475.613593524322
            ],
            [
              1678.1796047907555,
              4483.237522568554
            ],
            [
              1685.4000350467395,
              4491.063970399089
            ],
            [
              1688.8396233924432,
              4493.814713794738
            ],
            [
              1820.3398073884891,
              4524.597860288806
            ],
            [
              1926.3196901966585,
              4579.828499258496
            ],
            [
              1932.7076567948097,
              4582.6768334517255
            ],
            [
              1939.2756694135023,
              4584.661882169545
            ],
            [
              1945.962855758844,
              4585.76524759829
            ],
            [
              1952.7072391309775,
              4585.976703515276
            ],
            [
              1959.446312749642,
              4585.294290067628
            ],
            [
              1966.117618986871,
              4583.724331934936
            ],
            [
              1972.6593281574314,
              4581.281379716471
            ],
            [
              1979.010811482207,
              4577.988075081259
            ],
            [
              2050.035958878696,
              4535.749374944717
            ],
            [
              2050.2540126085514,
              4542.517994927242
            ],
            [
              2051.01804861275,
              4553.054421813227
            ],
            [
              2052.6197385264095,
              4563.391780519858
            ],
            [
              2055.039712665952,
              4573.4050817145035
            ],
            [
              2058.2487079058774,
              4582.973254528828
            ],
            [
              2079.498849376454,
              4638.0409031827
            ],
            [
              2083.262609889847,
              4646.652999838814
            ],
            [
              2087.6685894087423,
              4654.659113967791
            ],
            [
              2092.6682378518162,
              4661.971027563326
            ],
            [
              2098.2064642456826,
              4668.50817202311
            ],
            [
              2104.22224375722,
              4674.1985158883035
            ],
            [
              2154.6911013897043,
              4716.6707550687715
            ],
            [
              2161.103157307836,
              4721.4419252490625
            ],
            [
              2167.8542985478416,
              4725.2553578605875
            ],
            [
              2173.8364576256135,
              4727.654526518658
            ],
            [
              2173.9482733694604,
              4735.70016204007
            ],
            [
              2174.442452126066,
              4745.424356549047
            ],
            [
              2175.6491423792904,
              4755.013115860522
            ],
            [
              2177.555988559616,
              4764.3682814873755
            ],
            [
              2180.1434680054663,
              4773.39408640936
            ],
            [
              2183.385090928874,
              4781.998135398142
            ],
            [
              2187.247671661782,
              4790.092350822873
            ],
            [
              2189.87764337298,
              4795.030171101913
            ],
            [
              2194.087149320869,
              4802.173206665553
            ],
            [
              2196.8784762684954,
              4806.062079850584
            ],
            [
              2203.469362883363,
              4790.957261158153
            ],
            [
              2207.593369625625,
              4740.796784265898
            ],
            [
              2218.2193153048865,
              4692.042495745234
            ],
            [
              2214.572410900728,
              4640.231004121713
            ],
            [
              2194.0373079400742,
              4635.551728150807
            ],
            [
              2172.851858793758,
              4646.259650560096
            ],
            [
              2149.815540638403,
              4647.004619479179
            ],
            [
              2145.669230883359,
              4607.305625231937
            ],
            [
              2142.1048056524014,
              4564.232217640616
            ],
            [
              2137.913570810575,
              4529.266726474278
            ],
            [
              2135.2032880403567,
              4459.15274302382
            ],
            [
              2130.7886238549836,
              4431.6945876786485
            ],
            [
              2126.047462863149,
              4412.285623642616
            ],
            [
              2003.5031461805338,
              4425.608846053481
            ],
            [
              1971.5685418880312,
              4445.579752038233
            ],
            [
              1950.4273154629627,
              4450.954718449153
            ],
            [
              1933.0703372220742,
              4443.915336742997
            ],
            [
              1926.330910223769,
              4436.834889635444
            ],
            [
              1902.282584202825,
              4437.053802314214
            ],
            [
              1882.5785020494368,
              4432.975475497544
            ],
            [
              1852.9930572444573,
              4413.631374402903
            ],
            [
              1833.5401509085204,
              4412.260606768541
            ],
            [
              1737.414070847095,
              4378.852505581453
            ],
            [
              1707.397749157506,
              4375.468827563338
            ],
            [
              1687.9915888089454,
              4380.568204716779
            ],
            [
              1671.119368928019,
              4379.910797892138
            ],
            [
              1659.5514729527058,
              4375.281442571431
            ],
            [
              1627.566728409729,
              4348.328384659253
            ],
            [
              1585.5395378149115,
              4332.324271938764
            ],
            [
              1423.1172960273689,
              4308.182884430513
            ],
            [
              1405.6948687591357,
              4295.641664206982
            ],
            [
              1385.3157775655854,
              4263.5948153957725
            ],
            [
              1374.7016721443506,
              4255.545757453889
            ],
            [
              1239.646619373816,
              4244.8683934165165
            ],
            [
              1223.5863668173552,
              4246.167421305552
            ],
            [
              1212.1268304138212,
              4253.633952195756
            ],
            [
              1177.381786875776,
              4265.44329607673
            ],
            [
              1110.7563489050372,
              4328.637781651691
            ],
            [
              1092.7017908639973,
              4348.022858928889
            ],
            [
              1088.0592187015573,
              4359.9815829042345
            ],
            [
              1050.1733633963158,
              4400.627814644948
            ],
            [
              1038.2274093666347,
              4410.026779105887
            ],
            [
              1022.8855764004402,
              4417.169017847627
            ],
            [
              963.5691815131577,
              4432.866564535536
            ],
            [
              941.0907744364813,
              4441.232496086508
            ],
            [
              939.9192220668774,
              4443.413356707431
            ],
            [
              937.9951764328871,
              4447.497147505172
            ],
            [
              938.2900348645635,
              4451.628265622072
            ],
            [
              940.9415911232354,
              4458.544423511252
            ],
            [
              946.8618626578245,
              4469.481089776382
            ],
            [
              955.5573913889239,
              4482.635897069238
            ],
            [
              967.9128319575684,
              4498.443385839462
            ],
            [
              980.472995865508,
              4514.445235163905
            ],
            [
              983.999206836219,
              4522.173562838696
            ],
            [
              985.8929992120247,
              4532.415142935701
            ],
            [
              985.3848242656095,
              4544.349479795434
            ],
            [
              982.70647951914,
              4556.226642398164
            ],
            [
              982.9420267605456,
              4562.301181031391
            ],
            [
              986.013663228252,
              4572.573793574236
            ],
            [
              992.6505659667309,
              4581.29944462236
            ],
            [
              1016.7530267590191,
              4574.015662185848
            ],
            [
              1023.2436466186773,
              4571.605515505187
            ],
            [
              1029.5481991496636,
              4568.358309195377
            ],
            [
              1035.6092009303393,
              4564.303650833666
            ],
            [
              1154.1290809980128,
              4475.291568840854
            ],
            [
              1159.4891025206307,
              4470.837452930398
            ],
            [
              1218.410542250611,
              4416.910852113739
            ],
            [
              1392.6959396178136,
              4414.404042942449
            ],
            [
              1399.3999474429293,
              4416.311792530119
            ],
            [
              1400.4280298706144,
              4416.213883860968
            ]
          ]
        ]
      },
      "properties": {
        "id": "forest:way:1204279882",
        "tags": {
          "natural": "wood",
          "winter_sports_id": "1228774360",
          "winter_sports_name": "Killington Resort",
          "State": "Vermont",
          "Country": "United States of America",
          "Ski Area": "Killington Resort",
          "region": "north-america/us/vermont"
        },
        "natural": "wood"
      }
    },
    {
      "type": "Feature",
      "geometry": {
        "type": "Polygon",
        "coordinates": [
          [
            [
              868.1914548595669,
              4455.8618199964985
            ],
            [
              854.2837563286303,
              4453.006109738722
            ],
            [
              802.7115342824254,
              4433.076912760735
            ],
            [
              778.7855122803012,
              4418.843571466394
            ],
            [
              762.3162512318231,
              4405.640074861236
            ],
            [
              747.4348917299649,
              4389.155271135271
            ],
            [
              730.1294370075921,
              4376.429998568259
            ],
            [
              719.6107978903456,
              4365.03916554153
            ],
            [
              711.4416432856815,
              4352.720992013812
            ],
            [
              704.7640032764757,
              4347.232795744203
            ],
            [
              693.3533539883792,
              4344.276402280666
            ],
            [
              677.4488053841051,
              4335.066846075468
            ],
            [
              664.3497313065454,
              4326.931374009699
            ],
            [
              637.6908725666581,
              4315.282990016043
            ],
            [
              620.0502290535951,
              4314.985918078572
            ],
            [
              592.5687515871832,
              4315.586085659452
            ],
            [
              572.1610046116402,
              4313.0602669436485
            ],
            [
              555.5244618243305,
              4312.95646693185
            ],
            [
              542.6301627119537,
              4315.762916743755
            ],
            [
              519.6508122939849,
              4328.762788026594
            ],
            [
              495.78396625455935,
              4343.895556126721
            ],
            [
              486.9348594044568,
              4351.298482967541
            ],
            [
              494.44577177241445,
              4357.341821156442
            ],
            [
              499.69454746483825,
              4359.758106967434
            ],
            [
              521.8159437584691,
              4366.807726973668
            ],
            [
              560.9560241762083,
              4372.315241204575
            ],
            [
              586.8188192024827,
              4382.608707305975
            ],
            [
              638.2048876762856,
              4397.063140573911
            ],
            [
              665.3031252805376,
              4404.577529680915
            ],
            [
              686.7893661594717,
              4410.288427512161
            ],
            [
              694.1897404534975,
              4407.3266480201855
            ],
            [
              699.7455003451323,
              4398.681493171491
            ],
            [
              701.9379297292326,
              4391.448286638595
            ],
            [
              702.2736824160675,
              4384.821979679167
            ],
            [
              708.068809667835,
              4379.661850382574
            ],
            [
              714.4111614687135,
              4379.172942278907
            ],
            [
              718.6396500365809,
              4382.929605908692
            ],
            [
              722.0152447447181,
              4387.497397133149
            ],
            [
              722.6937153650215,
              4393.31682337448
            ],
            [
              720.6879230731865,
              4399.89919982478
            ],
            [
              716.8682914125966,
              4405.767016154714
            ],
            [
              712.3301459511276,
              4413.783191007562
            ],
            [
              717.5154768048087,
              4419.221030361019
            ],
            [
              769.1794587338809,
              4429.538234583102
            ],
            [
              823.8100891894428,
              4447.069211269729
            ],
            [
              883.3256166310748,
              4462.728718588129
            ],
            [
              907.630103862728,
              4469.014686429873
            ],
            [
              914.7999766858993,
              4468.369936646894
            ],
            [
              920.1122730424395,
              4462.541534411721
            ],
            [
              927.9953535043169,
              4460.259571627714
            ],
            [
              935.5169512920547,
              4459.135083682835
            ],
            [
              934.3168338936521,
              4454.1243334356695
            ],
            [
              932.2289969004923,
              4451.246349902824
            ],
            [
              925.7905597054632,
              4449.254062054679
            ],
            [
              894.8894381773425,
              4453.41945983842
            ],
            [
              868.1914548595669,
              4455.8618199964985
            ]
          ]
        ]
      },
      "properties": {
        "id": "forest:way:1204279884",
        "tags": {
          "natural": "wood",
          "winter_sports_id": "1228774360",
          "winter_sports_name": "Killington Resort",
          "State": "Vermont",
          "Country": "United States of America",
          "Ski Area": "Killington Resort",
          "region": "north-america/us/vermont"
        },
        "natural": "wood"
      }
    },
    {
      "type": "Feature",
      "geometry": {
        "type": "Polygon",
        "coordinates": [
          [
            [
              707.1487843899522,
              4408.501058471389
            ],
            [
              714.8194957216037,
              4401.400839319453
            ],
            [
              719.1697108640801,
              4394.391108581796
            ],
            [
              718.665738973883,
              4388.076136875898
            ],
            [
              714.2934276419692,
              4383.648841802962
            ],
            [
              709.591125079547,
              4385.014448324218
            ],
            [
              708.2900221445598,
              4390.281667365693
            ],
            [
              706.2710976401577,
              4397.363837997429
            ],
            [
              701.7680153450929,
              4404.047245638445
            ],
            [
              698.8005903904559,
              4409.437350275926
            ],
            [
              699.8662328143837,
              4413.12192890048
            ],
            [
              707.1487843899522,
              4408.501058471389
            ]
          ]
        ]
      },
      "properties": {
        "id": "forest:way:1204279885",
        "tags": {
          "natural": "wood",
          "winter_sports_id": "1228774360",
          "winter_sports_name": "Killington Resort",
          "State": "Vermont",
          "Country": "United States of America",
          "Ski Area": "Killington Resort",
          "region": "north-america/us/vermont"
        },
        "natural": "wood"
      }
    },
    {
      "type": "Feature",
      "geometry": {
        "type": "Polygon",
        "coordinates": [
          [
            [
              1928.900027362979,
              4367.572263339534
            ],
            [
              1902.9736648447579,
              4383.823758246377
            ],
            [
              1878.5699771953514,
              4394.102858983912
            ],
            [
              1866.537847163505,
              4403.353646520525
            ],
            [
              1868.8179615188856,
              4410.238159576431
            ],
            [
              1880.1715481416322,
              4416.551577651873
            ],
            [
              1898.3809677200625,
              4422.501964198425
            ],
            [
              1914.2167633419158,
              4425.0997231332585
            ],
            [
              1926.3567382311448,
              4422.14253920503
            ],
            [
              1929.82943482243,
              4405.029660833068
            ],
            [
              1939.992579976446,
              4383.437120361254
            ],
            [
              1944.2166250010487,
              4358.686432045884
            ],
            [
              1939.0202368231257,
              4358.27093944326
            ],
            [
              1928.900027362979,
              4367.572263339534
            ]
          ]
        ]
      },
      "properties": {
        "id": "forest:way:1204279886",
        "tags": {
          "natural": "wood",
          "winter_sports_id": "1228774360",
          "winter_sports_name": "Killington Resort",
          "State": "Vermont",
          "Country": "United States of America",
          "Ski Area": "Killington Resort",
          "region": "north-america/us/vermont"
        },
        "natural": "wood"
      }
    },
    {
      "type": "Feature",
      "geometry": {
        "type": "Polygon",
        "coordinates": [
          [
            [
              2035.70402602572,
              4310.295940135606
            ],
            [
              2013.2488426145865,
              4319.53701596614
            ],
            [
              1969.9845108763548,
              4338.062988157384
            ],
            [
              1957.9524457360385,
              4347.302510872483
            ],
            [
              1951.5497973434394,
              4361.336921013892
            ],
            [
              1948.7845035557402,
              4372.46683500614
            ],
            [
              1953.4259221637622,
              4373.412233480252
            ],
            [
              1967.2768645422766,
              4368.044190276414
            ],
            [
              2000.1545642435085,
              4348.142691684887
            ],
            [
              2035.327874995186,
              4324.489989493974
            ],
            [
              2058.555998725933,
              4306.800409049727
            ],
            [
              2045.1092578340322,
              4307.266485513188
            ],
            [
              2035.70402602572,
              4310.295940135606
            ]
          ]
        ]
      },
      "properties": {
        "id": "forest:way:1204279887",
        "tags": {
          "natural": "wood",
          "winter_sports_id": "1228774360",
          "winter_sports_name": "Killington Resort",
          "State": "Vermont",
          "Country": "United States of America",
          "Ski Area": "Killington Resort",
          "region": "north-america/us/vermont"
        },
        "natural": "wood"
      }
    },
    {
      "type": "Feature",
      "geometry": {
        "type": "Polygon",
        "coordinates": [
          [
            [
              1953.1913844668306,
              4299.36290351022
            ],
            [
              1933.4727483920287,
              4298.562765725888
            ],
            [
              1906.982873368659,
              4294.315784451552
            ],
            [
              1874.17119212111,
              4290.990724065341
            ],
            [
              1847.025459913537,
              4291.083399535157
            ],
            [
              1823.1486690830206,
              4291.818420352414
            ],
            [
              1824.8304126624716,
              4300.876578702591
            ],
            [
              1839.763334575342,
              4316.85401505325
            ],
            [
              1867.5654087880393,
              4333.43893794436
            ],
            [
              1885.8768922117306,
              4325.176864116453
            ],
            [
              1893.2031445889734,
              4317.724256827496
            ],
            [
              1897.9966568967793,
              4312.927578518167
            ],
            [
              1904.045120874769,
              4312.265290937386
            ],
            [
              1908.0719623622717,
              4315.383886579424
            ],
            [
              1911.7243232982,
              4322.582609391771
            ],
            [
              1915.7946861347882,
              4324.057454710826
            ],
            [
              1922.615472174366,
              4325.327287669294
            ],
            [
              1927.7036390716676,
              4329.829942053184
            ],
            [
              1929.168576660566,
              4336.70400140062
            ],
            [
              1942.8682285324903,
              4326.686143100262
            ],
            [
              1951.5807927621063,
              4318.714602871798
            ],
            [
              1964.8688110738294,
              4313.87623645924
            ],
            [
              1972.0364883092698,
              4302.051609469578
            ],
            [
              1969.1936927444767,
              4295.685637007467
            ],
            [
              1953.1913844668306,
              4299.36290351022
            ]
          ]
        ]
      },
      "properties": {
        "id": "forest:way:1204279888",
        "tags": {
          "natural": "wood",
          "winter_sports_id": "1228774360",
          "winter_sports_name": "Killington Resort",
          "State": "Vermont",
          "Country": "United States of America",
          "Ski Area": "Killington Resort",
          "region": "north-america/us/vermont"
        },
        "natural": "wood"
      }
    },
    {
      "type": "Feature",
      "geometry": {
        "type": "Polygon",
        "coordinates": [
          [
            [
              1916.8090112420032,
              4326.6072503477335
            ],
            [
              1909.5607559669297,
              4325.62618764583
            ],
            [
              1907.0808919791598,
              4322.626356462017
            ],
            [
              1906.0171004185686,
              4318.2858595103025
            ],
            [
              1901.7341936632292,
              4316.605335785076
            ],
            [
              1897.75838060549,
              4318.267219384201
            ],
            [
              1893.8860389305046,
              4323.644001878798
            ],
            [
              1889.0366499546217,
              4328.416974598542
            ],
            [
              1883.2528172867605,
              4331.586985965259
            ],
            [
              1875.9057588091819,
              4334.3377282470465
            ],
            [
              1878.005892747664,
              4336.738438457251
            ],
            [
              1887.708126272657,
              4341.69665831048
            ],
            [
              1901.768104671035,
              4345.203180333599
            ],
            [
              1911.3774403117131,
              4346.046705855057
            ],
            [
              1921.1526695870562,
              4340.626204709522
            ],
            [
              1926.3581513756653,
              4337.040795222856
            ],
            [
              1921.2131783167133,
              4331.025099852122
            ],
            [
              1916.8090112420032,
              4326.6072503477335
            ]
          ]
        ]
      },
      "properties": {
        "id": "forest:way:1204279889",
        "tags": {
          "natural": "wood",
          "winter_sports_id": "1228774360",
          "winter_sports_name": "Killington Resort",
          "State": "Vermont",
          "Country": "United States of America",
          "Ski Area": "Killington Resort",
          "region": "north-america/us/vermont"
        },
        "natural": "wood"
      }
    },
    {
      "type": "Feature",
      "geometry": {
        "type": "Polygon",
        "coordinates": [
          [
            [
              2071.145804173895,
              4126.049527194351
            ],
            [
              2025.420201031724,
              4115.835214128718
            ],
            [
              2000.9785471077776,
              4103.428743982688
            ],
            [
              1970.8585194015177,
              4089.8938973648474
            ],
            [
              1936.9881470659748,
              4069.8024942958727
            ],
            [
              1921.1329093754757,
              4059.979959011078
            ],
            [
              1912.8875749252038,
              4052.12613440305
            ],
            [
              1904.3475851336261,
              4047.7766179721802
            ],
            [
              1901.924034583033,
              4050.268720251508
            ],
            [
              1896.3192990623647,
              4068.9256065562367
            ],
            [
              1898.4678782256087,
              4076.8180337687954
            ],
            [
              1906.5161535732914,
              4092.113163417205
            ],
            [
              1918.441151776933,
              4117.1136683523655
            ],
            [
              1927.589617288555,
              4135.372124155052
            ],
            [
              1934.4601844557328,
              4143.000622932799
            ],
            [
              1942.663604160305,
              4152.431595299393
            ],
            [
              1959.846443821094,
              4164.245469467714
            ],
            [
              1981.338098712382,
              4176.762591294013
            ],
            [
              2009.473509376985,
              4190.833981081843
            ],
            [
              2025.9779125938658,
              4191.071240204386
            ],
            [
              2041.609688883298,
              4187.373197930865
            ],
            [
              2053.3608728487743,
              4189.051673037
            ],
            [
              2070.3918435709784,
              4191.659218626097
            ],
            [
              2087.6696316624293,
              4185.259688226506
            ],
            [
              2107.8998263686663,
              4178.349413284101
            ],
            [
              2113.8602741137147,
              4168.5268242917955
            ],
            [
              2108.0684362327447,
              4149.756896379404
            ],
            [
              2102.8031155026983,
              4133.357155914418
            ],
            [
              2096.810331904795,
              4129.475019160658
            ],
            [
              2071.145804173895,
              4126.049527194351
            ]
          ]
        ]
      },
      "properties": {
        "id": "forest:way:1204279890",
        "tags": {
          "natural": "wood",
          "winter_sports_id": "1228774360",
          "winter_sports_name": "Killington Resort",
          "State": "Vermont",
          "Country": "United States of America",
          "Ski Area": "Killington Resort",
          "region": "north-america/us/vermont"
        },
        "natural": "wood"
      }
    },
    {
      "type": "Feature",
      "geometry": {
        "type": "Polygon",
        "coordinates": [
          [
            [
              1404.775237884489,
              1889.3101489171386
            ],
            [
              1437.0540708047338,
              1863.6991532910615
            ],
            [
              1506.8912405004958,
              1836.1567551577464
            ],
            [
              1561.5264008978847,
              1825.8406249638647
            ],
            [
              1419.998252083431,
              1775.4917407752946
            ],
            [
              1126.687022286933,
              1903.8063322696835
            ],
            [
              1136.6221171631478,
              1926.7520072404295
            ],
            [
              1404.775237884489,
              1889.3101489171386
            ]
          ]
        ]
      },
      "properties": {
        "id": "forest:way:1360233455",
        "tags": {
          "natural": "wood",
          "winter_sports_id": "1228774360",
          "winter_sports_name": "Killington Resort",
          "State": "Vermont",
          "Country": "United States of America",
          "Ski Area": "Killington Resort",
          "region": "north-america/us/vermont"
        },
        "natural": "wood"
      }
    },
    {
      "type": "Feature",
      "geometry": {
        "type": "Polygon",
        "coordinates": [
          [
            [
              1618.3660204710905,
              1801.1792068155482
            ],
            [
              1646.2351429006085,
              1775.3081770455465
            ],
            [
              1682.9172009441536,
              1764.6742740068585
            ],
            [
              1754.3712011362659,
              1669.3361348873004
            ],
            [
              1782.4727655854076,
              1616.3865110026672
            ],
            [
              1436.660818474833,
              1770.2632317664102
            ],
            [
              1580.4906300815055,
              1820.006408774294
            ],
            [
              1618.3660204710905,
              1801.1792068155482
            ]
          ]
        ]
      },
      "properties": {
        "id": "forest:way:1360233456",
        "tags": {
          "natural": "wood",
          "winter_sports_id": "1228774360",
          "winter_sports_name": "Killington Resort",
          "State": "Vermont",
          "Country": "United States of America",
          "Ski Area": "Killington Resort",
          "region": "north-america/us/vermont"
        },
        "natural": "wood"
      }
    },
    {
      "type": "Feature",
      "geometry": {
        "type": "Polygon",
        "coordinates": [
          [
            [
              1589.9859001357108,
              1856.8005764624104
            ],
            [
              1632.9260207660263,
              1854.4450723072514
            ],
            [
              1633.4494135448476,
              1846.5567265944555
            ],
            [
              1595.6389165397268,
              1835.1105617433786
            ],
            [
              1483.4353242126526,
              1862.845011801459
            ],
            [
              1458.15060280764,
              1870.090874031186
            ],
            [
              1457.279374357895,
              1878.925858576782
            ],
            [
              1500.2742602545768,
              1875.4039754606783
            ],
            [
              1589.9859001357108,
              1856.8005764624104
            ]
          ]
        ]
      },
      "properties": {
        "id": "forest:way:1360233457",
        "tags": {
          "natural": "wood",
          "winter_sports_id": "1228774360",
          "winter_sports_name": "Killington Resort",
          "State": "Vermont",
          "Country": "United States of America",
          "Ski Area": "Killington Resort",
          "region": "north-america/us/vermont"
        },
        "natural": "wood"
      }
    },
    {
      "type": "Feature",
      "geometry": {
        "type": "Polygon",
        "coordinates": [
          [
            [
              1686.6844275051262,
              1819.2443888299167
            ],
            [
              1733.7460876979167,
              1807.029022110626
            ],
            [
              1755.2997771635419,
              1794.2951506171376
            ],
            [
              1775.217674304964,
              1770.4261407172307
            ],
            [
              1789.6201442386955,
              1747.4449576595798
            ],
            [
              1806.8559628300136,
              1729.717936893925
            ],
            [
              1816.4099993084092,
              1727.6032790644094
            ],
            [
              1848.4779463136801,
              1693.2639260673895
            ],
            [
              1860.3877585052978,
              1680.5642498368397
            ],
            [
              1864.75355632219,
              1661.1632268931717
            ],
            [
              1863.1803708138177,
              1619.8768695294857
            ],
            [
              1867.425157189602,
              1605.0516910050064
            ],
            [
              1869.1048913849518,
              1592.2370130233467
            ],
            [
              1890.8089122769888,
              1579.35190702416
            ],
            [
              1916.0770607561572,
              1572.1849519554526
            ],
            [
              1936.159996029688,
              1570.2045686254278
            ],
            [
              1945.3633462197613,
              1558.767107446678
            ],
            [
              1950.5057197667193,
              1555.2021724516526
            ],
            [
              1952.6302014851244,
              1547.8674595262855
            ],
            [
              1949.953713827068,
              1542.1839595735073
            ],
            [
              1941.7744561414002,
              1543.001122190617
            ],
            [
              1874.9208836449543,
              1574.1969453115016
            ],
            [
              1850.5968969411915,
              1590.5582267744467
            ],
            [
              1801.1391848432831,
              1642.9206071924418
            ],
            [
              1783.5140426828293,
              1686.666763914749
            ],
            [
              1773.1514987087576,
              1691.5608672602102
            ],
            [
              1752.7890567235881,
              1715.129171515815
            ],
            [
              1727.6639043258037,
              1750.8305700821802
            ],
            [
              1724.1102521835128,
              1761.8285827059299
            ],
            [
              1721.8794027515687,
              1767.3933877460659
            ],
            [
              1680.063872250379,
              1788.9055629679933
            ],
            [
              1656.0896357638994,
              1797.885805811733
            ],
            [
              1649.965593833127,
              1799.4911455484107
            ],
            [
              1630.462879720726,
              1813.1686618067324
            ],
            [
              1611.302628629841,
              1830.7007788028568
            ],
            [
              1652.7378131593578,
              1840.37562517263
            ],
            [
              1686.6844275051262,
              1819.2443888299167
            ]
          ]
        ]
      },
      "properties": {
        "id": "forest:way:1395375779",
        "tags": {
          "natural": "wood",
          "leaf_type": "mixed",
          "winter_sports_id": "1228774360",
          "winter_sports_name": "Killington Resort",
          "State": "Vermont",
          "Country": "United States of America",
          "Ski Area": "Killington Resort",
          "region": "north-america/us/vermont"
        },
        "natural": "wood"
      }
    },
    {
      "type": "Feature",
      "geometry": {
        "type": "Polygon",
        "coordinates": [
          [
            [
              1707.5573121901834,
              1842.9579863585532
            ],
            [
              1728.9142303463304,
              1842.8556568715721
            ],
            [
              1747.8605826387648,
              1833.1203585136682
            ],
            [
              1754.8292548416648,
              1821.868102823384
            ],
            [
              1753.851695503341,
              1818.5191186880693
            ],
            [
              1737.4612295086263,
              1817.4189600395039
            ],
            [
              1726.472645821399,
              1819.1179194776341
            ],
            [
              1717.5171635017032,
              1824.8717393036932
            ],
            [
              1709.4871204964584,
              1820.66950163804
            ],
            [
              1697.2502011633478,
              1824.0693244133145
            ],
            [
              1684.5547174147796,
              1829.8465972123668
            ],
            [
              1671.3817534140544,
              1838.412046394311
            ],
            [
              1669.337331318995,
              1844.8709260374308
            ],
            [
              1697.7467990777222,
              1850.8120380481705
            ],
            [
              1707.5573121901834,
              1842.9579863585532
            ]
          ]
        ]
      },
      "properties": {
        "id": "forest:way:1395375780",
        "tags": {
          "natural": "wood",
          "winter_sports_id": "1228774360",
          "winter_sports_name": "Killington Resort",
          "State": "Vermont",
          "Country": "United States of America",
          "Ski Area": "Killington Resort",
          "region": "north-america/us/vermont"
        },
        "natural": "wood"
      }
    },
    {
      "type": "Feature",
      "geometry": {
        "type": "Polygon",
        "coordinates": [
          [
            [
              1699.4863881862257,
              1885.8343236045912
            ],
            [
              1712.1297452807194,
              1892.4146699951962
            ],
            [
              1723.8855058458867,
              1891.9363043606281
            ],
            [
              1725.228583361255,
              1881.4577952828258
            ],
            [
              1717.4790432251757,
              1876.729477956891
            ],
            [
              1695.3550008066231,
              1860.3292421717197
            ],
            [
              1685.8186748486478,
              1857.8099178615957
            ],
            [
              1674.5488607129082,
              1864.9585843589157
            ],
            [
              1674.029525101534,
              1874.525277018547
            ],
            [
              1685.2454118966125,
              1884.3909852979705
            ],
            [
              1699.4863881862257,
              1885.8343236045912
            ]
          ]
        ]
      },
      "properties": {
        "id": "forest:way:1395375781",
        "tags": {
          "natural": "wood",
          "winter_sports_id": "1228774360",
          "winter_sports_name": "Killington Resort",
          "State": "Vermont",
          "Country": "United States of America",
          "Ski Area": "Killington Resort",
          "region": "north-america/us/vermont"
        },
        "natural": "wood"
      }
    },
    {
      "type": "Feature",
      "geometry": {
        "type": "Polygon",
        "coordinates": [
          [
            [
              1733.3327824602602,
              1872.769570379518
            ],
            [
              1735.1384704366792,
              1870.1499015688896
            ],
            [
              1725.2048902838724,
              1856.9948647357523
            ],
            [
              1720.0883065945236,
              1853.792102906853
            ],
            [
              1713.368960832595,
              1855.6150450082496
            ],
            [
              1711.2373478901573,
              1860.4822822567075
            ],
            [
              1715.2116670907708,
              1866.566758702509
            ],
            [
              1720.3073985842057,
              1870.5580726666376
            ],
            [
              1728.8982312458102,
              1873.7081904700026
            ],
            [
              1733.3327824602602,
              1872.769570379518
            ]
          ]
        ]
      },
      "properties": {
        "id": "forest:way:1395375782",
        "tags": {
          "natural": "wood",
          "winter_sports_id": "1228774360",
          "winter_sports_name": "Killington Resort",
          "State": "Vermont",
          "Country": "United States of America",
          "Ski Area": "Killington Resort",
          "region": "north-america/us/vermont"
        },
        "natural": "wood"
      }
    },
    {
      "type": "Feature",
      "geometry": {
        "type": "Polygon",
        "coordinates": [
          [
            [
              1038.812507892726,
              1965.9092712309211
            ],
            [
              1035.6673636132618,
              1960.2138242125511
            ],
            [
              1029.0496519306907,
              1956.3496844535694
            ],
            [
              1020.8332847163547,
              1961.0568982856348
            ],
            [
              1020.436646938324,
              1965.6921548759565
            ],
            [
              1026.2095052944496,
              1970.3564854823053
            ],
            [
              1032.3835626881337,
              1970.5190546344966
            ],
            [
              1038.812507892726,
              1965.9092712309211
            ]
          ]
        ]
      },
      "properties": {
        "id": "forest:way:1395375783",
        "tags": {
          "natural": "wood",
          "winter_sports_id": "1228774360",
          "winter_sports_name": "Killington Resort",
          "State": "Vermont",
          "Country": "United States of America",
          "Ski Area": "Killington Resort",
          "region": "north-america/us/vermont"
        },
        "natural": "wood"
      }
    },
    {
      "type": "Feature",
      "geometry": {
        "type": "Polygon",
        "coordinates": [
          [
            [
              1126.0997136189835,
              1975.4547300888225
            ],
            [
              1127.4641490894137,
              1970.5671197390184
            ],
            [
              1123.22442156123,
              1959.5191246178001
            ],
            [
              1115.5849211068125,
              1952.7494200933725
            ],
            [
              1083.0550043397816,
              1947.791429432109
            ],
            [
              1075.1814379991265,
              1949.9069044170901
            ],
            [
              1070.62893227092,
              1955.9442254556343
            ],
            [
              1065.026070035412,
              1955.2520731147379
            ],
            [
              1059.913318740204,
              1951.2830538460985
            ],
            [
              1045.7257392067695,
              1953.6435057912022
            ],
            [
              1047.0002210531384,
              1962.2905078949407
            ],
            [
              1066.9703591406578,
              1975.2642362052575
            ],
            [
              1126.0997136189835,
              1975.4547300888225
            ]
          ]
        ]
      },
      "properties": {
        "id": "forest:way:1395375784",
        "tags": {
          "natural": "wood",
          "winter_sports_id": "1228774360",
          "winter_sports_name": "Killington Resort",
          "State": "Vermont",
          "Country": "United States of America",
          "Ski Area": "Killington Resort",
          "region": "north-america/us/vermont"
        },
        "natural": "wood"
      }
    },
    {
      "type": "Feature",
      "geometry": {
        "type": "Polygon",
        "coordinates": [
          [
            [
              1190.7966450784588,
              1988.095819381997
            ],
            [
              1234.479011001531,
              2001.9617914659902
            ],
            [
              1280.6306426280644,
              2026.0070363739505
            ],
            [
              1309.624759977567,
              2034.5626575583592
            ],
            [
              1329.6181596874958,
              2035.9124270156026
            ],
            [
              1382.6234118625289,
              2013.5264426534995
            ],
            [
              1429.216955240001,
              1994.7949132211506
            ],
            [
              1432.2640782331582,
              1988.584719565697
            ],
            [
              1427.8302340044174,
              1984.9111775327474
            ],
            [
              1390.2427358401474,
              1974.216675709933
            ],
            [
              1304.085900342674,
              1948.1486180117354
            ],
            [
              1278.798615355976,
              1939.2795606069267
            ],
            [
              1260.371994350804,
              1940.9831983279437
            ],
            [
              1255.038812277955,
              1934.9632121622562
            ],
            [
              1223.4311902353074,
              1942.198831660673
            ],
            [
              1204.5345734531293,
              1945.8018630063161
            ],
            [
              1175.579986201832,
              1940.9376579076052
            ],
            [
              1142.3686305555748,
              1946.20864666719
            ],
            [
              1133.9429793804884,
              1953.644287629053
            ],
            [
              1154.7941116079455,
              1979.7672801828012
            ],
            [
              1190.7966450784588,
              1988.095819381997
            ]
          ]
        ]
      },
      "properties": {
        "id": "forest:way:1395375785",
        "tags": {
          "natural": "wood",
          "winter_sports_id": "1228774360",
          "winter_sports_name": "Killington Resort",
          "State": "Vermont",
          "Country": "United States of America",
          "Ski Area": "Killington Resort",
          "region": "north-america/us/vermont"
        },
        "natural": "wood"
      }
    },
    {
      "type": "Feature",
      "geometry": {
        "type": "Polygon",
        "coordinates": [
          [
            [
              1432.9570944675943,
              1983.1348459767178
            ],
            [
              1476.9195056505268,
              1986.0734814098105
            ],
            [
              1513.8208196723135,
              1996.750362300314
            ],
            [
              1561.2166799838888,
              1999.6468426957726
            ],
            [
              1598.7134722038172,
              1998.1699145715684
            ],
            [
              1654.1672019034158,
              1997.1787868374959
            ],
            [
              1679.933964290307,
              2008.6626872951165
            ],
            [
              1685.4545817560283,
              2007.5749168908224
            ],
            [
              1684.2161293664249,
              2002.4852355271578
            ],
            [
              1673.1542334669502,
              1938.208587469533
            ],
            [
              1671.1396937069949,
              1905.3351959669963
            ],
            [
              1668.5144996359013,
              1900.7645826097578
            ],
            [
              1649.9540723465616,
              1897.1288244035095
            ],
            [
              1603.521622158587,
              1899.3141513764858
            ],
            [
              1558.9404632739024,
              1898.6812350945547
            ],
            [
              1533.5674458630383,
              1898.5669048149139
            ],
            [
              1525.2956731353188,
              1899.8489001551643
            ],
            [
              1517.2090234307107,
              1904.8256941046566
            ],
            [
              1499.9186558958609,
              1909.981844279915
            ],
            [
              1481.9975683293305,
              1918.5334336133674
            ],
            [
              1465.0543794053374,
              1926.1439491212368
            ],
            [
              1445.4614174395101,
              1925.2155854990706
            ],
            [
              1430.2652532436186,
              1929.0601407326758
            ],
            [
              1425.3126765229972,
              1934.9421974672005
            ],
            [
              1422.030667145853,
              1934.4443631917238
            ],
            [
              1420.6331088780425,
              1930.1729913800955
            ],
            [
              1414.7414792774944,
              1930.0175195150077
            ],
            [
              1408.3724376718746,
              1932.0389426955953
            ],
            [
              1378.4973929476691,
              1930.839466300793
            ],
            [
              1361.1315427630907,
              1933.6600025538355
            ],
            [
              1360.9621947818669,
              1940.0795110864565
            ],
            [
              1356.4055204124888,
              1941.0596068948507
            ],
            [
              1351.3765754019842,
              1934.2251183930784
            ],
            [
              1329.4802029122366,
              1932.1360320104286
            ],
            [
              1316.0821158558829,
              1935.483673658222
            ],
            [
              1314.9055305026704,
              1943.6548792300746
            ],
            [
              1359.6957728195703,
              1962.063224811107
            ],
            [
              1432.9570944675943,
              1983.1348459767178
            ]
          ]
        ]
      },
      "properties": {
        "id": "forest:way:1395375786",
        "tags": {
          "natural": "wood",
          "winter_sports_id": "1228774360",
          "winter_sports_name": "Killington Resort",
          "State": "Vermont",
          "Country": "United States of America",
          "Ski Area": "Killington Resort",
          "region": "north-america/us/vermont"
        },
        "natural": "wood"
      }
    },
    {
      "type": "Feature",
      "geometry": {
        "type": "Polygon",
        "coordinates": [
          [
            [
              1741.6179357127985,
              2016.0947809359059
            ],
            [
              1771.313927780022,
              1990.7616054844111
            ],
            [
              1791.8470776258036,
              1959.7958553740755
            ],
            [
              1797.4496413584566,
              1944.617553637363
            ],
            [
              1749.3461447927402,
              1928.4526097131893
            ],
            [
              1698.828728121589,
              1905.5223745098338
            ],
            [
              1679.362925387919,
              1904.3632931634784
            ],
            [
              1681.0837965402752,
              1937.651266861707
            ],
            [
              1691.7180655238917,
              1994.2700762106106
            ],
            [
              1696.4525461565936,
              2003.675548242405
            ],
            [
              1715.7422700015595,
              2019.7341554816812
            ],
            [
              1724.7753309420077,
              2022.3402601024136
            ],
            [
              1741.6179357127985,
              2016.0947809359059
            ]
          ]
        ]
      },
      "properties": {
        "id": "forest:way:1395375787",
        "tags": {
          "natural": "wood",
          "winter_sports_id": "1228774360",
          "winter_sports_name": "Killington Resort",
          "State": "Vermont",
          "Country": "United States of America",
          "Ski Area": "Killington Resort",
          "region": "north-america/us/vermont"
        },
        "natural": "wood"
      }
    },
    {
      "type": "Feature",
      "geometry": {
        "type": "Polygon",
        "coordinates": [
          [
            [
              1721.5092451127712,
              2047.5164531329647
            ],
            [
              1727.365030293935,
              2055.44006535504
            ],
            [
              1764.5068391420646,
              2084.485359874554
            ],
            [
              1780.3090929440223,
              2101.085471596569
            ],
            [
              1798.9742404620629,
              2124.2520261975005
            ],
            [
              1823.455176779884,
              2140.659443966113
            ],
            [
              1783.4575648299651,
              2039.4405381036922
            ],
            [
              1729.2574847623473,
              2033.039448258467
            ],
            [
              1723.705286415643,
              2038.071881162934
            ],
            [
              1721.5092451127712,
              2047.5164531329647
            ]
          ]
        ]
      },
      "properties": {
        "id": "forest:way:1395375788",
        "tags": {
          "natural": "wood",
          "winter_sports_id": "1228774360",
          "winter_sports_name": "Killington Resort",
          "State": "Vermont",
          "Country": "United States of America",
          "Ski Area": "Killington Resort",
          "region": "north-america/us/vermont"
        },
        "natural": "wood"
      }
    },
    {
      "type": "Feature",
      "geometry": {
        "type": "Polygon",
        "coordinates": [
          [
            [
              1955.3866552064428,
              2115.6536282002926
            ],
            [
              1990.2455244557932,
              2083.5450240960345
            ],
            [
              2004.0265115442453,
              2070.317218432203
            ],
            [
              2025.09382028447,
              2060.08315859735
            ],
            [
              2034.37146657845,
              2045.2135149147362
            ],
            [
              2026.2649316309253,
              2039.3417142489925
            ],
            [
              2010.0179658056004,
              2040.4674987616017
            ],
            [
              1936.7137726986548,
              2051.908458750695
            ],
            [
              1877.144044412882,
              2043.6413450017571
            ],
            [
              1816.1150277809938,
              2041.3822901118547
            ],
            [
              1808.382809169707,
              2047.0016202498227
            ],
            [
              1845.5933199658757,
              2139.0777859315276
            ],
            [
              1903.194812575006,
              2172.5551560195163
            ],
            [
              1917.5185049283318,
              2163.220408009365
            ],
            [
              1955.3866552064428,
              2115.6536282002926
            ]
          ]
        ]
      },
      "properties": {
        "id": "forest:way:1395375789",
        "tags": {
          "natural": "wood",
          "winter_sports_id": "1228774360",
          "winter_sports_name": "Killington Resort",
          "State": "Vermont",
          "Country": "United States of America",
          "Ski Area": "Killington Resort",
          "region": "north-america/us/vermont"
        },
        "natural": "wood"
      }
    },
    {
      "type": "Feature",
      "geometry": {
        "type": "Polygon",
        "coordinates": [
          [
            [
              1989.8000263074646,
              2174.191814230755
            ],
            [
              2018.27624653955,
              2161.9977551847696
            ],
            [
              2022.7888428197475,
              2171.8310707872733
            ],
            [
              2038.612905282178,
              2163.1809272533283
            ],
            [
              2043.8307470028521,
              2162.2410355620086
            ],
            [
              2055.5720720882528,
              2177.233878415078
            ],
            [
              2079.2884034530725,
              2181.3185875257477
            ],
            [
              2101.036323297536,
              2178.004735178314
            ],
            [
              2124.136992864893,
              2197.3998038098216
            ],
            [
              2138.3488989180187,
              2216.9817559225485
            ],
            [
              2152.08322137862,
              2221.6691415449604
            ],
            [
              2148.734123996808,
              2200.852363428101
            ],
            [
              2140.7846532462863,
              2190.2832531491295
            ],
            [
              2132.193971889559,
              2163.070289310999
            ],
            [
              2126.3773169505876,
              2137.231205413118
            ],
            [
              2113.8147242057603,
              2120.9272268926725
            ],
            [
              2078.8307670999784,
              2083.957055401057
            ],
            [
              2065.9826083398657,
              2078.426402022131
            ],
            [
              2051.9939563818043,
              2083.0239583933726
            ],
            [
              1997.4485750088934,
              2114.3887133272365
            ],
            [
              1975.8836600215873,
              2135.19039938692
            ],
            [
              1939.349192117923,
              2181.492005880922
            ],
            [
              1948.5285846340703,
              2186.4918562443927
            ],
            [
              1989.8000263074646,
              2174.191814230755
            ]
          ]
        ]
      },
      "properties": {
        "id": "forest:way:1395375790",
        "tags": {
          "natural": "wood",
          "winter_sports_id": "1228774360",
          "winter_sports_name": "Killington Resort",
          "State": "Vermont",
          "Country": "United States of America",
          "Ski Area": "Killington Resort",
          "region": "north-america/us/vermont"
        },
        "natural": "wood"
      }
    },
    {
      "type": "Feature",
      "geometry": {
        "type": "Polygon",
        "coordinates": [
          [
            [
              1933.41869027738,
              2258.1786395516247
            ],
            [
              1945.9352336875163,
              2251.819190655835
            ],
            [
              1970.9969147733646,
              2238.023038027808
            ],
            [
              1993.6307537565008,
              2233.8765100808814
            ],
            [
              1995.4743964497466,
              2229.8241812530905
            ],
            [
              1935.2755357406568,
              2220.6728919642046
            ],
            [
              1909.9211457271595,
              2212.87765158806
            ],
            [
              1902.3340616542846,
              2213.321492132731
            ],
            [
              1885.9215202570194,
              2235.982489094138
            ],
            [
              1883.7647965042852,
              2260.10991838295
            ],
            [
              1895.8123894486343,
              2263.2294974811375
            ],
            [
              1933.41869027738,
              2258.1786395516247
            ]
          ]
        ]
      },
      "properties": {
        "id": "forest:way:1395375791",
        "tags": {
          "natural": "wood",
          "winter_sports_id": "1228774360",
          "winter_sports_name": "Killington Resort",
          "State": "Vermont",
          "Country": "United States of America",
          "Ski Area": "Killington Resort",
          "region": "north-america/us/vermont"
        },
        "natural": "wood"
      }
    },
    {
      "type": "Feature",
      "geometry": {
        "type": "Polygon",
        "coordinates": [
          [
            [
              1992.5712158218957,
              2298.5998430056497
            ],
            [
              2019.2007296483498,
              2299.0938064400107
            ],
            [
              2032.32879534096,
              2294.039960635826
            ],
            [
              2052.817590084509,
              2272.9987960467115
            ],
            [
              2045.720124624786,
              2262.8858213108033
            ],
            [
              2036.5898987092078,
              2255.730972226709
            ],
            [
              2038.8000040932093,
              2246.0756813697517
            ],
            [
              2028.33260378032,
              2240.6192492349073
            ],
            [
              2000.848312572576,
              2239.4580053109676
            ],
            [
              1973.0342234791024,
              2242.8227400053293
            ],
            [
              1965.3361877979478,
              2247.153542801738
            ],
            [
              1941.671832388849,
              2265.52129628323
            ],
            [
              1936.9987142680911,
              2286.770218614489
            ],
            [
              1951.9582388639683,
              2294.2904056943953
            ],
            [
              1992.5712158218957,
              2298.5998430056497
            ]
          ]
        ]
      },
      "properties": {
        "id": "forest:way:1395375792",
        "tags": {
          "natural": "wood",
          "winter_sports_id": "1228774360",
          "winter_sports_name": "Killington Resort",
          "State": "Vermont",
          "Country": "United States of America",
          "Ski Area": "Killington Resort",
          "region": "north-america/us/vermont"
        },
        "natural": "wood"
      }
    },
    {
      "type": "Feature",
      "geometry": {
        "type": "Polygon",
        "coordinates": [
          [
            [
              2075.829480789718,
              2426.2176754865795
            ],
            [
              2084.728024537093,
              2384.7973112277687
            ],
            [
              2084.2001857282594,
              2355.6418421901762
            ],
            [
              2060.4656613032566,
              2311.4120451454073
            ],
            [
              2007.611507126945,
              2311.301520471461
            ],
            [
              2013.376989006647,
              2363.479823182337
            ],
            [
              2025.9303157277172,
              2404.8237144146115
            ],
            [
              2039.4653808725998,
              2425.2544569103047
            ],
            [
              2059.273956384626,
              2429.8802722627297
            ],
            [
              2070.0960221353453,
              2430.16694076173
            ],
            [
              2075.829480789718,
              2426.2176754865795
            ]
          ]
        ]
      },
      "properties": {
        "id": "forest:way:1395375793",
        "tags": {
          "natural": "wood",
          "winter_sports_id": "1228774360",
          "winter_sports_name": "Killington Resort",
          "State": "Vermont",
          "Country": "United States of America",
          "Ski Area": "Killington Resort",
          "region": "north-america/us/vermont"
        },
        "natural": "wood"
      }
    },
    {
      "type": "Feature",
      "geometry": {
        "type": "Polygon",
        "coordinates": [
          [
            [
              2061.900446828222,
              2445.054068867117
            ],
            [
              2038.9643398389453,
              2436.2442618031055
            ],
            [
              2027.8729170421138,
              2437.8954972838983
            ],
            [
              2023.2128256130964,
              2441.8732275580987
            ],
            [
              2043.7092670712154,
              2494.008272137493
            ],
            [
              2061.3933247131063,
              2480.661711014807
            ],
            [
              2061.900446828222,
              2445.054068867117
            ]
          ]
        ]
      },
      "properties": {
        "id": "forest:way:1395375794",
        "tags": {
          "natural": "wood",
          "winter_sports_id": "1228774360",
          "winter_sports_name": "Killington Resort",
          "State": "Vermont",
          "Country": "United States of America",
          "Ski Area": "Killington Resort",
          "region": "north-america/us/vermont"
        },
        "natural": "wood"
      }
    },
    {
      "type": "Feature",
      "geometry": {
        "type": "Polygon",
        "coordinates": [
          [
            [
              2102.988707483164,
              2456.078696544282
            ],
            [
              2134.3624626669334,
              2489.9303919961676
            ],
            [
              2148.348543667118,
              2493.3241100553423
            ],
            [
              2152.4806927606696,
              2484.586696397513
            ],
            [
              2129.3192685929826,
              2451.3748676348478
            ],
            [
              2115.8231248713564,
              2413.0288267321885
            ],
            [
              2105.808897443814,
              2431.324242736213
            ],
            [
              2102.988707483164,
              2456.078696544282
            ]
          ]
        ]
      },
      "properties": {
        "id": "forest:way:1395375795",
        "tags": {
          "natural": "wood",
          "winter_sports_id": "1228774360",
          "winter_sports_name": "Killington Resort",
          "State": "Vermont",
          "Country": "United States of America",
          "Ski Area": "Killington Resort",
          "region": "north-america/us/vermont"
        },
        "natural": "wood"
      }
    },
    {
      "type": "Feature",
      "geometry": {
        "type": "Polygon",
        "coordinates": [
          [
            [
              2191.156290469924,
              2423.0164665179327
            ],
            [
              2198.354569279938,
              2404.635401711799
            ],
            [
              2186.146564331255,
              2399.3548442861065
            ],
            [
              2158.9518735047895,
              2395.8221469353884
            ],
            [
              2147.534727473394,
              2442.3660348607227
            ],
            [
              2163.061700932216,
              2453.136005899869
            ],
            [
              2178.3368677071994,
              2440.8039701245725
            ],
            [
              2191.156290469924,
              2423.0164665179327
            ]
          ]
        ]
      },
      "properties": {
        "id": "forest:way:1395375796",
        "tags": {
          "natural": "wood",
          "winter_sports_id": "1228774360",
          "winter_sports_name": "Killington Resort",
          "State": "Vermont",
          "Country": "United States of America",
          "Ski Area": "Killington Resort",
          "region": "north-america/us/vermont"
        },
        "natural": "wood"
      }
    },
    {
      "type": "Feature",
      "geometry": {
        "type": "Polygon",
        "coordinates": [
          [
            [
              2176.570175411296,
              2474.855601195246
            ],
            [
              2189.481704369071,
              2494.414358392358
            ],
            [
              2212.454069445259,
              2502.147583122365
            ],
            [
              2235.546537660295,
              2505.349465407431
            ],
            [
              2265.304628200014,
              2502.0374240120873
            ],
            [
              2296.3405628761975,
              2483.4328667744994
            ],
            [
              2280.4931649388745,
              2476.5329427942634
            ],
            [
              2270.877810727223,
              2463.3298438536003
            ],
            [
              2260.6913224624004,
              2447.2997131235898
            ],
            [
              2248.403334746021,
              2445.0399864455685
            ],
            [
              2241.702386760968,
              2436.437711137347
            ],
            [
              2220.7337423989084,
              2418.6102256905288
            ],
            [
              2209.8651204843773,
              2411.853597348556
            ],
            [
              2174.033035705448,
              2456.0164161790162
            ],
            [
              2176.570175411296,
              2474.855601195246
            ]
          ]
        ]
      },
      "properties": {
        "id": "forest:way:1395375797",
        "tags": {
          "natural": "wood",
          "winter_sports_id": "1228774360",
          "winter_sports_name": "Killington Resort",
          "State": "Vermont",
          "Country": "United States of America",
          "Ski Area": "Killington Resort",
          "region": "north-america/us/vermont"
        },
        "natural": "wood"
      }
    },
    {
      "type": "Feature",
      "geometry": {
        "type": "Polygon",
        "coordinates": [
          [
            [
              1994.3579732099315,
              2222.881583410315
            ],
            [
              2043.5428222677438,
              2230.441335875541
            ],
            [
              2083.7830280115595,
              2232.37410527654
            ],
            [
              2094.988967269426,
              2226.4136601686478
            ],
            [
              2100.1282370381523,
              2244.8993877992034
            ],
            [
              2096.3061961911153,
              2258.390821427107
            ],
            [
              2129.7301200613147,
              2280.4378693485633
            ],
            [
              2132.0426518532913,
              2258.693041649647
            ],
            [
              2137.2148941982305,
              2235.0901174014434
            ],
            [
              2117.326751661836,
              2217.2916432972997
            ],
            [
              2105.3013603569707,
              2205.103051307611
            ],
            [
              2068.533880382427,
              2194.626400852576
            ],
            [
              2006.2957980836509,
              2197.512733214535
            ],
            [
              1928.1964099811157,
              2201.924805252813
            ],
            [
              1926.0664110381622,
              2208.5591807877645
            ],
            [
              1952.9265716694063,
              2216.82779501006
            ],
            [
              1994.3579732099315,
              2222.881583410315
            ]
          ]
        ]
      },
      "properties": {
        "id": "forest:way:1395375798",
        "tags": {
          "natural": "wood",
          "winter_sports_id": "1228774360",
          "winter_sports_name": "Killington Resort",
          "State": "Vermont",
          "Country": "United States of America",
          "Ski Area": "Killington Resort",
          "region": "north-america/us/vermont"
        },
        "natural": "wood"
      }
    },
    {
      "type": "Feature",
      "geometry": {
        "type": "Polygon",
        "coordinates": [
          [
            [
              2266.2221812283387,
              2197.920671707019
            ],
            [
              2277.7885658936575,
              2178.3773692464456
            ],
            [
              2268.8835785769625,
              2122.2255185870454
            ],
            [
              2267.868515372742,
              2086.7997735338286
            ],
            [
              2268.428396930103,
              2057.46193494834
            ],
            [
              2270.5302086796146,
              2051.9049813486636
            ],
            [
              2264.061365991598,
              2042.4530690014362
            ],
            [
              2220.4148306511343,
              2038.272820209153
            ],
            [
              2175.0107910584193,
              2043.115485006012
            ],
            [
              2149.1136552673997,
              2064.01301149372
            ],
            [
              2104.5920055677416,
              2084.6394812492654
            ],
            [
              2117.9184731389396,
              2113.267114317976
            ],
            [
              2141.8069456382655,
              2143.475013034418
            ],
            [
              2163.5937687209807,
              2220.673823124729
            ],
            [
              2202.6033018638846,
              2219.985072591342
            ],
            [
              2266.2221812283387,
              2197.920671707019
            ]
          ]
        ]
      },
      "properties": {
        "id": "forest:way:1395375799",
        "tags": {
          "natural": "wood",
          "winter_sports_id": "1228774360",
          "winter_sports_name": "Killington Resort",
          "State": "Vermont",
          "Country": "United States of America",
          "Ski Area": "Killington Resort",
          "region": "north-america/us/vermont"
        },
        "natural": "wood"
      }
    },
    {
      "type": "Feature",
      "geometry": {
        "type": "Polygon",
        "coordinates": [
          [
            [
              2169.937039246899,
              2267.4661138532683
            ],
            [
              2184.285921807168,
              2314.4706124933437
            ],
            [
              2200.6307444568956,
              2326.996152827516
            ],
            [
              2228.7202620586613,
              2329.6858185203746
            ],
            [
              2239.280131325475,
              2254.277872771956
            ],
            [
              2169.937039246899,
              2267.4661138532683
            ]
          ]
        ]
      },
      "properties": {
        "id": "forest:way:1395375800",
        "tags": {
          "natural": "wood",
          "winter_sports_id": "1228774360",
          "winter_sports_name": "Killington Resort",
          "State": "Vermont",
          "Country": "United States of America",
          "Ski Area": "Killington Resort",
          "region": "north-america/us/vermont"
        },
        "natural": "wood"
      }
    },
    {
      "type": "Feature",
      "geometry": {
        "type": "Polygon",
        "coordinates": [
          [
            [
              2373.5737484232523,
              2291.215936959721
            ],
            [
              2419.9364342148183,
              2266.3278072355315
            ],
            [
              2428.654891371145,
              2248.2095821620896
            ],
            [
              2411.311760351993,
              2224.0092494925484
            ],
            [
              2400.7699359210674,
              2213.1487231366336
            ],
            [
              2358.052887265105,
              2198.6337045338005
            ],
            [
              2321.4454127707286,
              2214.7118107564747
            ],
            [
              2269.552450651652,
              2235.5750944567844
            ],
            [
              2254.9362590471283,
              2247.702142180875
            ],
            [
              2242.84294049046,
              2278.901449306868
            ],
            [
              2241.0485185658326,
              2330.4350284961984
            ],
            [
              2336.0115631920053,
              2310.725137247704
            ],
            [
              2373.5737484232523,
              2291.215936959721
            ]
          ]
        ]
      },
      "properties": {
        "id": "forest:way:1395375801",
        "tags": {
          "natural": "wood",
          "winter_sports_id": "1228774360",
          "winter_sports_name": "Killington Resort",
          "State": "Vermont",
          "Country": "United States of America",
          "Ski Area": "Killington Resort",
          "region": "north-america/us/vermont"
        },
        "natural": "wood"
      }
    },
    {
      "type": "Feature",
      "geometry": {
        "type": "Polygon",
        "coordinates": [
          [
            [
              2094.3388227085816,
              2291.8036153763533
            ],
            [
              2130.3378433957696,
              2306.572396721691
            ],
            [
              2139.941541303997,
              2312.006111115217
            ],
            [
              2145.2474138726247,
              2308.045567281544
            ],
            [
              2083.3217646527337,
              2266.249136279337
            ],
            [
              2069.642873042845,
              2267.3983206693083
            ],
            [
              2066.719340335694,
              2287.8266109526157
            ],
            [
              2078.0352812038036,
              2294.1724961204454
            ],
            [
              2094.3388227085816,
              2291.8036153763533
            ]
          ]
        ]
      },
      "properties": {
        "id": "forest:way:1395375802",
        "tags": {
          "natural": "wood",
          "winter_sports_id": "1228774360",
          "winter_sports_name": "Killington Resort",
          "State": "Vermont",
          "Country": "United States of America",
          "Ski Area": "Killington Resort",
          "region": "north-america/us/vermont"
        },
        "natural": "wood"
      }
    },
    {
      "type": "Feature",
      "geometry": {
        "type": "Polygon",
        "coordinates": [
          [
            [
              2149.3673553696135,
              2315.923591438681
            ],
            [
              2136.474492065492,
              2320.3277045190334
            ],
            [
              2137.4480036232853,
              2332.6569480495527
            ],
            [
              2119.6655891666887,
              2341.466126209125
            ],
            [
              2127.588161699474,
              2377.730596016161
            ],
            [
              2134.948886918719,
              2386.127944279462
            ],
            [
              2139.039548830944,
              2386.8809706009924
            ],
            [
              2159.0973808637355,
              2324.817207091488
            ],
            [
              2149.3673553696135,
              2315.923591438681
            ]
          ]
        ]
      },
      "properties": {
        "id": "forest:way:1395375803",
        "tags": {
          "natural": "wood",
          "winter_sports_id": "1228774360",
          "winter_sports_name": "Killington Resort",
          "State": "Vermont",
          "Country": "United States of America",
          "Ski Area": "Killington Resort",
          "region": "north-america/us/vermont"
        },
        "natural": "wood"
      }
    },
    {
      "type": "Feature",
      "geometry": {
        "type": "Polygon",
        "coordinates": [
          [
            [
              2218.8771697642514,
              2374.104070833884
            ],
            [
              2174.1453853495186,
              2337.519483404234
            ],
            [
              2173.230116155697,
              2363.8248307844624
            ],
            [
              2186.3354212492704,
              2380.0433184579015
            ],
            [
              2202.1882420537295,
              2390.7108691828325
            ],
            [
              2209.7084366674535,
              2384.864087259397
            ],
            [
              2218.8771697642514,
              2374.104070833884
            ]
          ]
        ]
      },
      "properties": {
        "id": "forest:way:1395375804",
        "tags": {
          "natural": "wood",
          "winter_sports_id": "1228774360",
          "winter_sports_name": "Killington Resort",
          "State": "Vermont",
          "Country": "United States of America",
          "Ski Area": "Killington Resort",
          "region": "north-america/us/vermont"
        },
        "natural": "wood"
      }
    },
    {
      "type": "Feature",
      "geometry": {
        "type": "Polygon",
        "coordinates": [
          [
            [
              2232.4142142354976,
              2394.7464533085003
            ],
            [
              2236.5785050012637,
              2384.4983997987583
            ],
            [
              2224.634319999139,
              2377.490947589278
            ],
            [
              2214.9003542753635,
              2393.426318072714
            ],
            [
              2225.086754732998,
              2401.2429459225386
            ],
            [
              2232.4142142354976,
              2394.7464533085003
            ]
          ]
        ]
      },
      "properties": {
        "id": "forest:way:1395375805",
        "tags": {
          "natural": "wood",
          "winter_sports_id": "1228774360",
          "winter_sports_name": "Killington Resort",
          "State": "Vermont",
          "Country": "United States of America",
          "Ski Area": "Killington Resort",
          "region": "north-america/us/vermont"
        },
        "natural": "wood"
      }
    },
    {
      "type": "Feature",
      "geometry": {
        "type": "Polygon",
        "coordinates": [
          [
            [
              2323.569984899834,
              2453.068621127866
            ],
            [
              2244.728096022154,
              2395.728694608435
            ],
            [
              2228.824462654884,
              2407.388188065961
            ],
            [
              2273.824912131182,
              2442.03532013949
            ],
            [
              2300.6847289559664,
              2466.7100168634206
            ],
            [
              2315.043067874969,
              2464.2900945264846
            ],
            [
              2323.569984899834,
              2453.068621127866
            ]
          ]
        ]
      },
      "properties": {
        "id": "forest:way:1395375806",
        "tags": {
          "natural": "wood",
          "winter_sports_id": "1228774360",
          "winter_sports_name": "Killington Resort",
          "State": "Vermont",
          "Country": "United States of America",
          "Ski Area": "Killington Resort",
          "region": "north-america/us/vermont"
        },
        "natural": "wood"
      }
    },
    {
      "type": "Feature",
      "geometry": {
        "type": "Polygon",
        "coordinates": [
          [
            [
              2336.355330656632,
              2477.3701169639826
            ],
            [
              2347.1563955935417,
              2470.5324478000402
            ],
            [
              2330.8212172633503,
              2457.3621425377205
            ],
            [
              2315.9185230211588,
              2472.082173950039
            ],
            [
              2322.025588390301,
              2478.712669557892
            ],
            [
              2336.355330656632,
              2477.3701169639826
            ]
          ]
        ]
      },
      "properties": {
        "id": "forest:way:1395375807",
        "tags": {
          "natural": "wood",
          "winter_sports_id": "1228774360",
          "winter_sports_name": "Killington Resort",
          "State": "Vermont",
          "Country": "United States of America",
          "Ski Area": "Killington Resort",
          "region": "north-america/us/vermont"
        },
        "natural": "wood"
      }
    },
    {
      "type": "Feature",
      "geometry": {
        "type": "Polygon",
        "coordinates": [
          [
            [
              2390.0331360837445,
              2503.61253612116
            ],
            [
              2368.582039926783,
              2511.901349257678
            ],
            [
              2398.8457323448965,
              2530.620647713542
            ],
            [
              2415.9458052670816,
              2522.8721851045266
            ],
            [
              2390.0331360837445,
              2503.61253612116
            ]
          ]
        ]
      },
      "properties": {
        "id": "forest:way:1395375808",
        "tags": {
          "natural": "wood",
          "winter_sports_id": "1228774360",
          "winter_sports_name": "Killington Resort",
          "State": "Vermont",
          "Country": "United States of America",
          "Ski Area": "Killington Resort",
          "region": "north-america/us/vermont"
        },
        "natural": "wood"
      }
    },
    {
      "type": "Feature",
      "geometry": {
        "type": "Polygon",
        "coordinates": [
          [
            [
              2254.0024150070967,
              2593.252349063754
            ],
            [
              2271.1317284734687,
              2600.830849973485
            ],
            [
              2270.215177744045,
              2578.1446027280763
            ],
            [
              2246.060075280606,
              2558.0763351591304
            ],
            [
              2237.0407731749583,
              2538.842940355651
            ],
            [
              2223.5906259487383,
              2523.1597795356065
            ],
            [
              2217.4899794325465,
              2524.5095674181357
            ],
            [
              2254.0024150070967,
              2593.252349063754
            ]
          ]
        ]
      },
      "properties": {
        "id": "forest:way:1395375809",
        "tags": {
          "natural": "wood",
          "winter_sports_id": "1228774360",
          "winter_sports_name": "Killington Resort",
          "State": "Vermont",
          "Country": "United States of America",
          "Ski Area": "Killington Resort",
          "region": "north-america/us/vermont"
        },
        "natural": "wood"
      }
    },
    {
      "type": "Feature",
      "geometry": {
        "type": "Polygon",
        "coordinates": [
          [
            [
              2280.094387204037,
              2557.0339301377535
            ],
            [
              2278.924991957261,
              2527.439032207243
            ],
            [
              2269.379155002185,
              2519.8393511483446
            ],
            [
              2242.460260392283,
              2522.370859084651
            ],
            [
              2239.0881728477543,
              2526.8049385342747
            ],
            [
              2266.163675960619,
              2559.4763709707186
            ],
            [
              2280.094387204037,
              2557.0339301377535
            ]
          ]
        ]
      },
      "properties": {
        "id": "forest:way:1395375810",
        "tags": {
          "natural": "wood",
          "winter_sports_id": "1228774360",
          "winter_sports_name": "Killington Resort",
          "State": "Vermont",
          "Country": "United States of America",
          "Ski Area": "Killington Resort",
          "region": "north-america/us/vermont"
        },
        "natural": "wood"
      }
    },
    {
      "type": "Feature",
      "geometry": {
        "type": "Polygon",
        "coordinates": [
          [
            [
              2324.2752679896075,
              2581.734720721841
            ],
            [
              2321.4370003837394,
              2558.130565179512
            ],
            [
              2300.04437436827,
              2539.86920637358
            ],
            [
              2290.4855898093665,
              2548.896056444384
            ],
            [
              2282.5502579455497,
              2570.702899022028
            ],
            [
              2313.7442999788327,
              2594.836902285926
            ],
            [
              2320.6187876877375,
              2588.973120651208
            ],
            [
              2324.2752679896075,
              2581.734720721841
            ]
          ]
        ]
      },
      "properties": {
        "id": "forest:way:1395375811",
        "tags": {
          "natural": "wood",
          "winter_sports_id": "1228774360",
          "winter_sports_name": "Killington Resort",
          "State": "Vermont",
          "Country": "United States of America",
          "Ski Area": "Killington Resort",
          "region": "north-america/us/vermont"
        },
        "natural": "wood"
      }
    },
    {
      "type": "Feature",
      "geometry": {
        "type": "Polygon",
        "coordinates": [
          [
            [
              2318.9593317146646,
              2610.735249169171
            ],
            [
              2306.430626878515,
              2601.1224957508966
            ],
            [
              2298.4081510734977,
              2601.5543165719137
            ],
            [
              2295.3743247831007,
              2609.676155737601
            ],
            [
              2302.6778803527122,
              2628.4306775443256
            ],
            [
              2314.534888816299,
              2622.2656061835587
            ],
            [
              2318.9593317146646,
              2610.735249169171
            ]
          ]
        ]
      },
      "properties": {
        "id": "forest:way:1395375812",
        "tags": {
          "natural": "wood",
          "winter_sports_id": "1228774360",
          "winter_sports_name": "Killington Resort",
          "State": "Vermont",
          "Country": "United States of America",
          "Ski Area": "Killington Resort",
          "region": "north-america/us/vermont"
        },
        "natural": "wood"
      }
    },
    {
      "type": "Feature",
      "geometry": {
        "type": "Polygon",
        "coordinates": [
          [
            [
              1894.9984273029258,
              1925.6030979072675
            ],
            [
              1951.7456720693735,
              1925.815609401092
            ],
            [
              2018.981285535032,
              1939.2543555889279
            ],
            [
              2113.389961931971,
              1924.4833191046491
            ],
            [
              2210.8027040060842,
              1910.6601239582524
            ],
            [
              2262.313008951256,
              1879.6388338170946
            ],
            [
              2290.5931926041376,
              1875.2094877781346
            ],
            [
              2300.592651965446,
              1841.3762067100033
            ],
            [
              2295.9317171836738,
              1804.5534188635647
            ],
            [
              2313.4681972994003,
              1780.41157885734
            ],
            [
              2322.6045753707876,
              1746.5443184040487
            ],
            [
              2289.7156255714362,
              1696.0137544861063
            ],
            [
              2255.910721640219,
              1680.0132166454569
            ],
            [
              2174.6397924784105,
              1673.1133229769766
            ],
            [
              2122.071196916164,
              1629.4087001206353
            ],
            [
              2073.0086314134533,
              1567.6590012339875
            ],
            [
              2050.0737219614675,
              1566.6181940091774
            ],
            [
              1993.3935005750973,
              1580.2328541036695
            ],
            [
              1965.3136796836043,
              1609.7090895175934
            ],
            [
              1921.1577263352228,
              1657.331828978844
            ],
            [
              1906.114542815485,
              1718.2396553894505
            ],
            [
              1846.0597811755724,
              1810.3323706518859
            ],
            [
              1808.548972990946,
              1836.114328024909
            ],
            [
              1773.8120777326403,
              1822.670080226846
            ],
            [
              1740.4501742861466,
              1888.273062423803
            ],
            [
              1747.2631191360997,
              1909.181121124886
            ],
            [
              1833.9420470151817,
              1940.8258351944387
            ],
            [
              1894.9984273029258,
              1925.6030979072675
            ]
          ]
        ]
      },
      "properties": {
        "id": "forest:way:1395375813",
        "tags": {
          "natural": "wood",
          "winter_sports_id": "1228774360",
          "winter_sports_name": "Killington Resort",
          "State": "Vermont",
          "Country": "United States of America",
          "Ski Area": "Killington Resort",
          "region": "north-america/us/vermont"
        },
        "natural": "wood"
      }
    },
    {
      "type": "Feature",
      "geometry": {
        "type": "Polygon",
        "coordinates": [
          [
            [
              2028.2801960508805,
              2029.7257179683074
            ],
            [
              2061.494350274559,
              2035.3510960033163
            ],
            [
              2151.852617184748,
              1944.496592670679
            ],
            [
              2083.747207814944,
              1947.4380354043096
            ],
            [
              2044.0110375346849,
              1959.344785044901
            ],
            [
              1990.7948805779452,
              1956.6353506986052
            ],
            [
              1932.5977955092676,
              1945.603351536207
            ],
            [
              1839.1222624789225,
              1957.8008547872305
            ],
            [
              1796.7503450278891,
              2003.737644057721
            ],
            [
              1804.691388913081,
              2031.1440725894645
            ],
            [
              1932.6767480269773,
              2040.5762700447813
            ],
            [
              2028.2801960508805,
              2029.7257179683074
            ]
          ]
        ]
      },
      "properties": {
        "id": "forest:way:1395375814",
        "tags": {
          "natural": "wood",
          "winter_sports_id": "1228774360",
          "winter_sports_name": "Killington Resort",
          "State": "Vermont",
          "Country": "United States of America",
          "Ski Area": "Killington Resort",
          "region": "north-america/us/vermont"
        },
        "natural": "wood"
      }
    },
    {
      "type": "Feature",
      "geometry": {
        "type": "Polygon",
        "coordinates": [
          [
            [
              2252.179539905279,
              1967.8838635114953
            ],
            [
              2246.139003471588,
              1934.0476039815694
            ],
            [
              2258.474296321394,
              1910.1900922758505
            ],
            [
              2225.975773377111,
              1926.6000151941553
            ],
            [
              2194.554819301353,
              1935.2698064148426
            ],
            [
              2113.6847500578733,
              2027.6755019659176
            ],
            [
              2199.6042973130243,
              2006.2012422988191
            ],
            [
              2252.179539905279,
              1967.8838635114953
            ]
          ]
        ]
      },
      "properties": {
        "id": "forest:way:1395375815",
        "tags": {
          "natural": "wood",
          "winter_sports_id": "1228774360",
          "winter_sports_name": "Killington Resort",
          "State": "Vermont",
          "Country": "United States of America",
          "Ski Area": "Killington Resort",
          "region": "north-america/us/vermont"
        },
        "natural": "wood"
      }
    },
    {
      "type": "Feature",
      "geometry": {
        "type": "Polygon",
        "coordinates": [
          [
            [
              2175.385103932931,
              1546.8422655314207
            ],
            [
              2227.3685454766965,
              1522.746161499992
            ],
            [
              2222.525767610874,
              1517.438576059416
            ],
            [
              2180.803159342846,
              1505.7521099736914
            ],
            [
              2154.4564009463647,
              1470.0775860343128
            ],
            [
              2141.1650501048425,
              1464.7685128832236
            ],
            [
              2160.174605489243,
              1507.5839490164071
            ],
            [
              2150.875088369241,
              1515.317559347488
            ],
            [
              2097.3563295108033,
              1531.8270323500037
            ],
            [
              2106.4877899399726,
              1563.3665042500943
            ],
            [
              2159.6561191879446,
              1543.6135954614729
            ],
            [
              2175.385103932931,
              1546.8422655314207
            ]
          ]
        ]
      },
      "properties": {
        "id": "forest:way:1395375816",
        "tags": {
          "natural": "wood",
          "winter_sports_id": "1228774360",
          "winter_sports_name": "Killington Resort",
          "State": "Vermont",
          "Country": "United States of America",
          "Ski Area": "Killington Resort",
          "region": "north-america/us/vermont"
        },
        "natural": "wood"
      }
    },
    {
      "type": "Feature",
      "geometry": {
        "type": "Polygon",
        "coordinates": [
          [
            [
              2437.4100250622723,
              1689.7955670310184
            ],
            [
              2442.068298998056,
              1677.3934452012181
            ],
            [
              2470.3260738585377,
              1657.4153848206624
            ],
            [
              2492.901616616524,
              1655.8584895813838
            ],
            [
              2510.9934724951163,
              1643.3906970787793
            ],
            [
              2559.458056670497,
              1629.562192780897
            ],
            [
              2585.3121779650683,
              1602.1853500269353
            ],
            [
              2590.6013175449334,
              1582.4646645374596
            ],
            [
              2637.926962690777,
              1546.1667627952993
            ],
            [
              2757.827858919278,
              1469.041610563174
            ],
            [
              2942.9553836932173,
              1350.908404813148
            ],
            [
              3036.7557972393697,
              1326.6420034868643
            ],
            [
              3177.7250043101376,
              1304.9228211324662
            ],
            [
              3346.6920308453264,
              1321.941945922561
            ],
            [
              3330.246206436539,
              1272.2891546562314
            ],
            [
              3306.7241361805936,
              1244.454068475403
            ],
            [
              3291.365657652612,
              1219.437478539534
            ],
            [
              3299.9140814709244,
              1191.168314279057
            ],
            [
              3273.5624282981735,
              1171.8937426647171
            ],
            [
              3227.239954108838,
              1154.2542807450518
            ],
            [
              3274.9413349820534,
              1136.5314391441643
            ],
            [
              3284.37537480623,
              1123.8236664161086
            ],
            [
              3277.3935111697065,
              1109.3889924064279
            ],
            [
              3211.2645345416386,
              1086.8982130214572
            ],
            [
              3206.3652184962993,
              1075.5422117318958
            ],
            [
              3241.031176711549,
              1043.2232139380649
            ],
            [
              3239.205002187984,
              1030.2152669681236
            ],
            [
              3208.2854349967092,
              1003.4838211908937
            ],
            [
              3104.159611795447,
              959.6981784552336
            ],
            [
              3075.504058070481,
              896.7506722705439
            ],
            [
              3040.2801800653106,
              852.6338792154565
            ],
            [
              3009.923696579295,
              853.5485227424651
            ],
            [
              2951.0429796268,
              916.7555173877627
            ],
            [
              2911.982706244802,
              935.1440232545137
            ],
            [
              2849.2475915700197,
              980.544266932644
            ],
            [
              2692.070889358525,
              1057.5446022218093
            ],
            [
              2607.231390165165,
              1103.2154507013038
            ],
            [
              2539.1186785256723,
              1155.3775200573727
            ],
            [
              2490.209589396254,
              1234.8241029484197
            ],
            [
              2459.687973884982,
              1274.6032216157764
            ],
            [
              2378.893084444455,
              1331.1759862648323
            ],
            [
              2328.586388001335,
              1365.6739437775686
            ],
            [
              2204.9218785922276,
              1405.1407911339775
            ],
            [
              2123.595224093762,
              1416.3786116326228
            ],
            [
              2117.963028649683,
              1432.6339851617813
            ],
            [
              2176.3386369942455,
              1470.0127599481493
            ],
            [
              2189.6171343678143,
              1491.959540025331
            ],
            [
              2207.974722044193,
              1502.3710361188278
            ],
            [
              2253.4858144196915,
              1501.8546632491052
            ],
            [
              2277.537563042948,
              1509.8276966083795
            ],
            [
              2223.0356291190255,
              1539.0358979776502
            ],
            [
              2143.7839306212263,
              1570.1783647090197
            ],
            [
              2124.5430267542833,
              1593.4196887537837
            ],
            [
              2131.657303187414,
              1619.0819263383746
            ],
            [
              2174.2157598516205,
              1648.2729314593598
            ],
            [
              2225.5963497546036,
              1654.813893456012
            ],
            [
              2259.6175277730217,
              1646.2131128050387
            ],
            [
              2336.876862705685,
              1673.735656907782
            ],
            [
              2404.2753726390656,
              1697.552060417831
            ],
            [
              2415.0414633428445,
              1699.9938965113834
            ],
            [
              2437.4100250622723,
              1689.7955670310184
            ]
          ]
        ]
      },
      "properties": {
        "id": "forest:way:1395375817",
        "tags": {
          "natural": "wood",
          "winter_sports_id": "1228774360",
          "winter_sports_name": "Killington Resort",
          "State": "Vermont",
          "Country": "United States of America",
          "Ski Area": "Killington Resort",
          "region": "north-america/us/vermont"
        },
        "natural": "wood"
      }
    },
    {
      "type": "Feature",
      "geometry": {
        "type": "Polygon",
        "coordinates": [
          [
            [
              2429.8273595914943,
              2122.1828964771703
            ],
            [
              2473.8587453522487,
              2095.7216574642807
            ],
            [
              2494.960709785577,
              2067.7849522456527
            ],
            [
              2494.623527758871,
              2031.5101967304945
            ],
            [
              2468.5094490955817,
              1987.215720416978
            ],
            [
              2433.8536345649045,
              1954.3535050069913
            ],
            [
              2416.5910231536254,
              1951.7392082652077
            ],
            [
              2396.2147703800583,
              1968.458915037103
            ],
            [
              2379.422187913675,
              1964.5679329754785
            ],
            [
              2362.5217953077517,
              1932.166114824824
            ],
            [
              2331.596343890298,
              1921.8430780963972
            ],
            [
              2296.1582484546816,
              1918.7470213361084
            ],
            [
              2273.7105572458822,
              1931.9667432336137
            ],
            [
              2278.4833133660723,
              1996.8559192623943
            ],
            [
              2292.821762793814,
              2060.698423586786
            ],
            [
              2280.476472662529,
              2101.382553430274
            ],
            [
              2292.595609405311,
              2183.7270020013675
            ],
            [
              2373.7511755338637,
              2145.735192047432
            ],
            [
              2429.8273595914943,
              2122.1828964771703
            ]
          ]
        ]
      },
      "properties": {
        "id": "forest:way:1395375818",
        "tags": {
          "natural": "wood",
          "winter_sports_id": "1228774360",
          "winter_sports_name": "Killington Resort",
          "State": "Vermont",
          "Country": "United States of America",
          "Ski Area": "Killington Resort",
          "region": "north-america/us/vermont"
        },
        "natural": "wood"
      }
    },
    {
      "type": "Feature",
      "geometry": {
        "type": "Polygon",
        "coordinates": [
          [
            [
              2462.4274411048973,
              2493.4529588082805
            ],
            [
              2511.119554046425,
              2519.786301667802
            ],
            [
              2574.129478832823,
              2528.795344946906
            ],
            [
              2616.450232321513,
              2517.40510440059
            ],
            [
              2649.027362801833,
              2497.976166480221
            ],
            [
              2665.157731552259,
              2461.705543213524
            ],
            [
              2667.511694633751,
              2405.652133848518
            ],
            [
              2664.5885075846454,
              2368.8751060869545
            ],
            [
              2657.156117123668,
              2355.2959858076647
            ],
            [
              2657.7981229438446,
              2331.1395055474713
            ],
            [
              2669.1018347154604,
              2313.3125531747937
            ],
            [
              2698.3966657848796,
              2319.270480851643
            ],
            [
              2718.47229540057,
              2338.1538515128195
            ],
            [
              2743.385036523803,
              2358.5663050422445
            ],
            [
              2729.3888927566586,
              2318.7940441463143
            ],
            [
              2721.818982481258,
              2302.1881094696
            ],
            [
              2708.7304925238714,
              2289.3254736959934
            ],
            [
              2671.5397072170163,
              2286.614179108292
            ],
            [
              2616.785774278338,
              2276.5233350535855
            ],
            [
              2579.7864938969724,
              2266.9045709716156
            ],
            [
              2535.8093784118537,
              2275.228052952327
            ],
            [
              2465.551849658368,
              2278.119405509904
            ],
            [
              2413.412655127002,
              2300.0420083021745
            ],
            [
              2394.9897305960767,
              2308.6223116777837
            ],
            [
              2357.5597161621554,
              2331.3691427651793
            ],
            [
              2314.2978205649415,
              2345.3368200808764
            ],
            [
              2266.0531241130084,
              2351.392661500722
            ],
            [
              2252.2090977069456,
              2366.9967074999586
            ],
            [
              2437.2303426091094,
              2512.6452199555933
            ],
            [
              2462.4274411048973,
              2493.4529588082805
            ]
          ]
        ]
      },
      "properties": {
        "id": "forest:way:1395375819",
        "tags": {
          "natural": "wood",
          "winter_sports_id": "1228774360",
          "winter_sports_name": "Killington Resort",
          "State": "Vermont",
          "Country": "United States of America",
          "Ski Area": "Killington Resort",
          "region": "north-america/us/vermont"
        },
        "natural": "wood"
      }
    },
    {
      "type": "Feature",
      "geometry": {
        "type": "Polygon",
        "coordinates": [
          [
            [
              1121.7736611419823,
              2527.3906937073916
            ],
            [
              1128.1723178623943,
              2564.980593954213
            ],
            [
              1144.2050049045356,
              2636.889225380495
            ],
            [
              1132.5582299788948,
              2686.60703924112
            ],
            [
              1108.1760316091822,
              2723.174687980674
            ],
            [
              1182.1781824678183,
              2797.0223862593994
            ],
            [
              1218.5088782173116,
              2835.6126969782636
            ],
            [
              1227.8632998719113,
              2840.6940015982836
            ],
            [
              1235.1972168061184,
              2842.7767909104005
            ],
            [
              1243.2902520279167,
              2847.613688081503
            ],
            [
              1249.3839823545422,
              2856.610135583207
            ],
            [
              1258.9824765977683,
              2876.624232732691
            ],
            [
              1279.0257147657685,
              2900.4814735651016
            ],
            [
              1308.4759180078981,
              2919.763391973451
            ],
            [
              1329.798363581067,
              2927.261160154827
            ],
            [
              1361.5534115919145,
              2947.015362295322
            ],
            [
              1401.4422469333513,
              2970.352003628388
            ],
            [
              1418.3821619154187,
              2991.827163049951
            ],
            [
              1439.089528863784,
              3014.657736304216
            ],
            [
              1456.8712130888598,
              3036.3552861707285
            ],
            [
              1501.0435597776668,
              3057.071584906429
            ],
            [
              1521.4710140106035,
              3067.247109144926
            ],
            [
              1581.3337978580967,
              3113.2853174591437
            ],
            [
              1594.6124861364951,
              3116.5147663932294
            ],
            [
              1121.7736611419823,
              2527.3906937073916
            ]
          ]
        ]
      },
      "properties": {
        "id": "forest:way:1395397798",
        "tags": {
          "natural": "wood",
          "winter_sports_id": "1228774360",
          "winter_sports_name": "Killington Resort",
          "State": "Vermont",
          "Country": "United States of America",
          "Ski Area": "Killington Resort",
          "region": "north-america/us/vermont"
        },
        "natural": "wood"
      }
    },
    {
      "type": "Feature",
      "geometry": {
        "type": "Polygon",
        "coordinates": [
          [
            [
              1205.0390938697383,
              2841.1369457198307
            ],
            [
              1169.1780865895562,
              2813.2175556961447
            ],
            [
              1135.9225469544763,
              2776.5090674320236
            ],
            [
              1106.3724901905516,
              2763.427031361498
            ],
            [
              1075.811103531043,
              2755.931127502583
            ],
            [
              1157.0070037362166,
              2863.832875762135
            ],
            [
              1217.8213838654337,
              2890.47624624148
            ],
            [
              1239.7802102101268,
              2895.589839580469
            ],
            [
              1254.7660048531834,
              2893.817772552371
            ],
            [
              1242.0872896935325,
              2873.633540092036
            ],
            [
              1205.0390938697383,
              2841.1369457198307
            ]
          ]
        ]
      },
      "properties": {
        "id": "forest:way:1395397799",
        "tags": {
          "natural": "wood",
          "winter_sports_id": "1228774360",
          "winter_sports_name": "Killington Resort",
          "State": "Vermont",
          "Country": "United States of America",
          "Ski Area": "Killington Resort",
          "region": "north-america/us/vermont"
        },
        "natural": "wood"
      }
    },
    {
      "type": "Feature",
      "geometry": {
        "type": "Polygon",
        "coordinates": [
          [
            [
              1056.965216602548,
              2747.888172807172
            ],
            [
              1040.8900557308225,
              2749.620888833888
            ],
            [
              1042.1345195540925,
              2760.0120385354385
            ],
            [
              1055.4902296989458,
              2779.357888901606
            ],
            [
              1102.9631693308474,
              2827.232383773662
            ],
            [
              1139.299919333309,
              2853.6524242451414
            ],
            [
              1065.8836689103628,
              2754.813813746907
            ],
            [
              1056.965216602548,
              2747.888172807172
            ]
          ]
        ]
      },
      "properties": {
        "id": "forest:way:1395397800",
        "tags": {
          "natural": "wood",
          "winter_sports_id": "1228774360",
          "winter_sports_name": "Killington Resort",
          "State": "Vermont",
          "Country": "United States of America",
          "Ski Area": "Killington Resort",
          "region": "north-america/us/vermont"
        },
        "natural": "wood"
      }
    },
    {
      "type": "Feature",
      "geometry": {
        "type": "Polygon",
        "coordinates": [
          [
            [
              1686.4823096758919,
              3367.5121521446854
            ],
            [
              1703.693358020857,
              3355.4526501828805
            ],
            [
              1710.1068035715725,
              3342.240741191432
            ],
            [
              1680.5887907086872,
              3328.0787338335067
            ],
            [
              1667.8678966149455,
              3317.817431272939
            ],
            [
              1673.1874272983987,
              3296.8077431144193
            ],
            [
              1686.1167958662845,
              3266.5077281966805
            ],
            [
              1584.3974104978843,
              3263.819067744538
            ],
            [
              1511.7959513680544,
              3257.1441304106265
            ],
            [
              1474.2056607067352,
              3253.561734947376
            ],
            [
              1411.651865417487,
              3260.5458211638033
            ],
            [
              1356.278605747968,
              3274.188425355591
            ],
            [
              1329.4519023691537,
              3273.0581683637574
            ],
            [
              1295.5770839179168,
              3276.476710218936
            ],
            [
              1647.2262523144018,
              3361.295095279813
            ],
            [
              1686.4823096758919,
              3367.5121521446854
            ]
          ]
        ]
      },
      "properties": {
        "id": "forest:way:1395397801",
        "tags": {
          "natural": "wood",
          "winter_sports_id": "1228774360",
          "winter_sports_name": "Killington Resort",
          "State": "Vermont",
          "Country": "United States of America",
          "Ski Area": "Killington Resort",
          "region": "north-america/us/vermont"
        },
        "natural": "wood"
      }
    },
    {
      "type": "Feature",
      "geometry": {
        "type": "Polygon",
        "coordinates": [
          [
            [
              1406.3281809759792,
              3429.1740709031
            ],
            [
              1434.2480835096212,
              3438.1134622730315
            ],
            [
              1490.3243030008161,
              3430.5251333257183
            ],
            [
              1567.7477948345477,
              3401.9286489496008
            ],
            [
              1617.4509725673124,
              3389.8606560323387
            ],
            [
              1605.1577697315952,
              3379.6107741249725
            ],
            [
              1553.873369924724,
              3369.6198691716418
            ],
            [
              1485.2579403357813,
              3360.0385269913822
            ],
            [
              1423.9558438631939,
              3352.3736727163196
            ],
            [
              1408.9045657137176,
              3348.0974678061903
            ],
            [
              1399.713250307599,
              3335.3402689713985
            ],
            [
              1346.0837738650152,
              3332.1909851636738
            ],
            [
              1315.3559903189307,
              3339.371251096949
            ],
            [
              1322.4894931268645,
              3368.0006336513907
            ],
            [
              1323.4817666222807,
              3384.2535052308813
            ],
            [
              1310.8685294934548,
              3410.9059010744095
            ],
            [
              1302.1343594457721,
              3430.0919103678316
            ],
            [
              1318.959258099785,
              3440.894243923947
            ],
            [
              1343.788441773504,
              3451.907852699049
            ],
            [
              1372.1011341282865,
              3445.9643557360396
            ],
            [
              1406.3281809759792,
              3429.1740709031
            ]
          ]
        ]
      },
      "properties": {
        "id": "forest:way:1395397802",
        "tags": {
          "natural": "wood",
          "winter_sports_id": "1228774360",
          "winter_sports_name": "Killington Resort",
          "State": "Vermont",
          "Country": "United States of America",
          "Ski Area": "Killington Resort",
          "region": "north-america/us/vermont"
        },
        "natural": "wood"
      }
    },
    {
      "type": "Feature",
      "geometry": {
        "type": "Polygon",
        "coordinates": [
          [
            [
              1311.7610245128162,
              3360.860115014948
            ],
            [
              1306.0354100309778,
              3339.7699556769803
            ],
            [
              1251.016815542127,
              3307.2433922011405
            ],
            [
              1214.4392769670812,
              3314.258720449172
            ],
            [
              1204.5032940761885,
              3321.765515245497
            ],
            [
              1204.1790997338248,
              3334.0603404715657
            ],
            [
              1215.2281659111613,
              3341.9093243554235
            ],
            [
              1260.1276466286508,
              3355.81919673644
            ],
            [
              1287.2180491046747,
              3371.4267965592444
            ],
            [
              1291.7771803200012,
              3395.720387977548
            ],
            [
              1295.3647726784693,
              3424.0894818231463
            ],
            [
              1311.2027589990757,
              3389.975623521954
            ],
            [
              1311.7610245128162,
              3360.860115014948
            ]
          ]
        ]
      },
      "properties": {
        "id": "forest:way:1395397803",
        "tags": {
          "natural": "wood",
          "winter_sports_id": "1228774360",
          "winter_sports_name": "Killington Resort",
          "State": "Vermont",
          "Country": "United States of America",
          "Ski Area": "Killington Resort",
          "region": "north-america/us/vermont"
        },
        "natural": "wood"
      }
    },
    {
      "type": "Feature",
      "geometry": {
        "type": "Polygon",
        "coordinates": [
          [
            [
              1204.1783285666024,
              3342.0514003904536
            ],
            [
              1143.5996357448166,
              3315.202952380292
            ],
            [
              1142.2455356810242,
              3325.5256500262767
            ],
            [
              1164.0207003434189,
              3345.5160876903683
            ],
            [
              1179.5677013528766,
              3347.2263197032735
            ],
            [
              1194.492017575656,
              3348.05326543469
            ],
            [
              1204.1783285666024,
              3342.0514003904536
            ]
          ]
        ]
      },
      "properties": {
        "id": "forest:way:1395397804",
        "tags": {
          "natural": "wood",
          "winter_sports_id": "1228774360",
          "winter_sports_name": "Killington Resort",
          "State": "Vermont",
          "Country": "United States of America",
          "Ski Area": "Killington Resort",
          "region": "north-america/us/vermont"
        },
        "natural": "wood"
      }
    },
    {
      "type": "Feature",
      "geometry": {
        "type": "Polygon",
        "coordinates": [
          [
            [
              1530.3565799671924,
              3481.007388844155
            ],
            [
              1551.7292510615662,
              3475.52593074739
            ],
            [
              1584.1104757162975,
              3479.4046283848584
            ],
            [
              1628.1924977459712,
              3466.7547463001683
            ],
            [
              1691.541809088434,
              3446.4234151160344
            ],
            [
              1710.2799829980358,
              3425.768580441363
            ],
            [
              1689.0954654627712,
              3407.9369221115485
            ],
            [
              1665.1330771978246,
              3396.5225906819105
            ],
            [
              1607.9536884233821,
              3413.138400092721
            ],
            [
              1557.7546727498993,
              3427.78295934014
            ],
            [
              1512.1229187097633,
              3449.8838909566402
            ],
            [
              1460.2468039989471,
              3462.317586605437
            ],
            [
              1415.6090590701206,
              3463.306222498417
            ],
            [
              1397.3161184425699,
              3467.135597007349
            ],
            [
              1373.9096123749623,
              3484.211515923962
            ],
            [
              1425.9200293682516,
              3499.3994592530653
            ],
            [
              1496.1520298710093,
              3496.9418469285592
            ],
            [
              1530.3565799671924,
              3481.007388844155
            ]
          ]
        ]
      },
      "properties": {
        "id": "forest:way:1395397805",
        "tags": {
          "natural": "wood",
          "winter_sports_id": "1228774360",
          "winter_sports_name": "Killington Resort",
          "State": "Vermont",
          "Country": "United States of America",
          "Ski Area": "Killington Resort",
          "region": "north-america/us/vermont"
        },
        "natural": "wood"
      }
    },
    {
      "type": "Feature",
      "geometry": {
        "type": "Polygon",
        "coordinates": [
          [
            [
              1608.6134839510778,
              3535.734335429035
            ],
            [
              1641.9864749140106,
              3502.0846526799724
            ],
            [
              1661.0687471170677,
              3484.8953091772273
            ],
            [
              1559.880114417756,
              3511.14000287652
            ],
            [
              1474.1953296721913,
              3524.8475955147296
            ],
            [
              1449.6412058824208,
              3535.846825968474
            ],
            [
              1475.999588113511,
              3554.6701558977365
            ],
            [
              1518.8783648071112,
              3571.3403956852853
            ],
            [
              1537.3788293412654,
              3576.152575290762
            ],
            [
              1574.0190648221178,
              3549.9242738950998
            ],
            [
              1608.6134839510778,
              3535.734335429035
            ]
          ]
        ]
      },
      "properties": {
        "id": "forest:way:1395397806",
        "tags": {
          "natural": "wood",
          "winter_sports_id": "1228774360",
          "winter_sports_name": "Killington Resort",
          "State": "Vermont",
          "Country": "United States of America",
          "Ski Area": "Killington Resort",
          "region": "north-america/us/vermont"
        },
        "natural": "wood"
      }
    },
    {
      "type": "Feature",
      "geometry": {
        "type": "Polygon",
        "coordinates": [
          [
            [
              1651.371627528104,
              3622.3217071676627
            ],
            [
              1679.7979553305777,
              3628.2525097662583
            ],
            [
              1685.2220886531286,
              3619.7713098283857
            ],
            [
              1679.1775123897241,
              3586.3688832977787
            ],
            [
              1670.4430962118786,
              3556.3629805138335
            ],
            [
              1681.646443333244,
              3509.1793137444183
            ],
            [
              1697.586801587022,
              3479.8147375984117
            ],
            [
              1685.0087364994688,
              3480.3490529637784
            ],
            [
              1638.7840876745759,
              3524.873026211746
            ],
            [
              1589.8873651264003,
              3555.956288535148
            ],
            [
              1553.6747370065423,
              3582.1958036730066
            ],
            [
              1559.2076728114625,
              3585.787401339039
            ],
            [
              1598.5902436979814,
              3603.6661538342014
            ],
            [
              1651.371627528104,
              3622.3217071676627
            ]
          ]
        ]
      },
      "properties": {
        "id": "forest:way:1395397807",
        "tags": {
          "natural": "wood",
          "winter_sports_id": "1228774360",
          "winter_sports_name": "Killington Resort",
          "State": "Vermont",
          "Country": "United States of America",
          "Ski Area": "Killington Resort",
          "region": "north-america/us/vermont"
        },
        "natural": "wood"
      }
    },
    {
      "type": "Feature",
      "geometry": {
        "type": "Polygon",
        "coordinates": [
          [
            [
              1592.3795521751745,
              3641.9126871861517
            ],
            [
              1518.120949431439,
              3616.2106114756316
            ],
            [
              1466.7185807243222,
              3643.7720024529845
            ],
            [
              1422.8233273841906,
              3665.9193136598915
            ],
            [
              1378.8342238307232,
              3675.116397672333
            ],
            [
              1349.2972963006468,
              3678.2267311653122
            ],
            [
              1468.7594045039732,
              3763.3812478110194
            ],
            [
              1501.6887879329734,
              3762.9617941798642
            ],
            [
              1541.00836908177,
              3750.1856406480074
            ],
            [
              1579.1315111592412,
              3733.499234067276
            ],
            [
              1610.4887264277786,
              3743.386081356555
            ],
            [
              1667.5536882758606,
              3747.4842999298126
            ],
            [
              1683.3278838447295,
              3740.5660241600126
            ],
            [
              1623.4063214430353,
              3664.316544836387
            ],
            [
              1592.3795521751745,
              3641.9126871861517
            ]
          ]
        ]
      },
      "properties": {
        "id": "forest:way:1395397808",
        "tags": {
          "natural": "wood",
          "winter_sports_id": "1228774360",
          "winter_sports_name": "Killington Resort",
          "State": "Vermont",
          "Country": "United States of America",
          "Ski Area": "Killington Resort",
          "region": "north-america/us/vermont"
        },
        "natural": "wood"
      }
    },
    {
      "type": "Feature",
      "geometry": {
        "type": "Polygon",
        "coordinates": [
          [
            [
              1345.4882606324973,
              3658.2651639143005
            ],
            [
              1377.5060575564858,
              3643.1502952668816
            ],
            [
              1435.8476265078643,
              3598.933477966115
            ],
            [
              1450.123068521847,
              3583.3393523730338
            ],
            [
              1352.803398914053,
              3545.3825853858143
            ],
            [
              1326.987912492361,
              3571.4531229287386
            ],
            [
              1295.358224116033,
              3621.1213314766064
            ],
            [
              1298.5268920625094,
              3648.8347707903013
            ],
            [
              1318.2811805706006,
              3655.3910156162456
            ],
            [
              1345.4882606324973,
              3658.2651639143005
            ]
          ]
        ]
      },
      "properties": {
        "id": "forest:way:1395397809",
        "tags": {
          "natural": "wood",
          "winter_sports_id": "1228774360",
          "winter_sports_name": "Killington Resort",
          "State": "Vermont",
          "Country": "United States of America",
          "Ski Area": "Killington Resort",
          "region": "north-america/us/vermont"
        },
        "natural": "wood"
      }
    },
    {
      "type": "Feature",
      "geometry": {
        "type": "Polygon",
        "coordinates": [
          [
            [
              1720.5892618627986,
              4185.042110529728
            ],
            [
              1702.6322006173432,
              4175.931375249289
            ],
            [
              1582.1337480433285,
              4196.051805371419
            ],
            [
              1579.1824042389635,
              4209.3553057946265
            ],
            [
              1581.4382910258137,
              4222.362988723442
            ],
            [
              1568.2860852921149,
              4228.483832106926
            ],
            [
              1548.0182280512527,
              4224.936230126768
            ],
            [
              1539.913608932984,
              4236.803197149187
            ],
            [
              1667.8567505638348,
              4246.231577916071
            ],
            [
              1720.5892618627986,
              4185.042110529728
            ]
          ]
        ]
      },
      "properties": {
        "id": "forest:way:1395397810",
        "tags": {
          "natural": "wood",
          "winter_sports_id": "1228774360",
          "winter_sports_name": "Killington Resort",
          "State": "Vermont",
          "Country": "United States of America",
          "Ski Area": "Killington Resort",
          "region": "north-america/us/vermont"
        },
        "natural": "wood"
      }
    },
    {
      "type": "Feature",
      "geometry": {
        "type": "Polygon",
        "coordinates": [
          [
            [
              1784.285247329739,
              4249.3115597506985
            ],
            [
              1790.091418940341,
              4242.552156833932
            ],
            [
              1757.2688063349342,
              4189.891342153773
            ],
            [
              1748.8237862264505,
              4189.890193455853
            ],
            [
              1700.493421092513,
              4240.615147354081
            ],
            [
              1712.9250966446707,
              4245.25629513897
            ],
            [
              1784.285247329739,
              4249.3115597506985
            ]
          ]
        ]
      },
      "properties": {
        "id": "forest:way:1395397811",
        "tags": {
          "natural": "wood",
          "winter_sports_id": "1228774360",
          "winter_sports_name": "Killington Resort",
          "State": "Vermont",
          "Country": "United States of America",
          "Ski Area": "Killington Resort",
          "region": "north-america/us/vermont"
        },
        "natural": "wood"
      }
    },
    {
      "type": "Feature",
      "geometry": {
        "type": "Polygon",
        "coordinates": [
          [
            [
              1951.6616268903017,
              4258.0551867568865
            ],
            [
              2007.4688141525257,
              4260.400529827923
            ],
            [
              2015.5367198656313,
              4250.255818976089
            ],
            [
              1994.6641188628273,
              4220.783511839807
            ],
            [
              1964.659337755409,
              4225.1678798645735
            ],
            [
              1908.3017821736867,
              4227.131775693968
            ],
            [
              1786.552502491977,
              4196.278880827129
            ],
            [
              1811.5356600637315,
              4250.455071513541
            ],
            [
              1823.5852161827497,
              4253.363609990105
            ],
            [
              1951.6616268903017,
              4258.0551867568865
            ]
          ]
        ]
      },
      "properties": {
        "id": "forest:way:1395397812",
        "tags": {
          "natural": "wood",
          "winter_sports_id": "1228774360",
          "winter_sports_name": "Killington Resort",
          "State": "Vermont",
          "Country": "United States of America",
          "Ski Area": "Killington Resort",
          "region": "north-america/us/vermont"
        },
        "natural": "wood"
      }
    },
    {
      "type": "Feature",
      "geometry": {
        "type": "Polygon",
        "coordinates": [
          [
            [
              2113.835091661196,
              4001.6678114449605
            ],
            [
              2105.3711083428934,
              3920.7428405750543
            ],
            [
              2096.3273695147363,
              3861.375297887251
            ],
            [
              2075.8646359968698,
              3751.2020013993606
            ],
            [
              2052.594588313834,
              3672.8967737322673
            ],
            [
              2036.0509591802256,
              3618.9322379417717
            ],
            [
              2011.6162356773857,
              3552.244085725397
            ],
            [
              1991.6257032485446,
              3505.5349065670744
            ],
            [
              1962.7776182241505,
              3425.5708503089845
            ],
            [
              1944.3760284731397,
              3359.6874416172504
            ],
            [
              1910.087945028441,
              3337.8404160542414
            ],
            [
              1882.7107684374787,
              3332.8033778602257
            ],
            [
              1871.6152763239807,
              3334.6658522943035
            ],
            [
              1865.5848592309048,
              3341.6304567949846
            ],
            [
              1869.8193614105694,
              3353.401350207627
            ],
            [
              1881.1118573254207,
              3368.804474961944
            ],
            [
              1897.3433330917032,
              3410.2345071407035
            ],
            [
              1918.9864059054526,
              3475.9924260694534
            ],
            [
              1932.6093547922792,
              3534.1915721995756
            ],
            [
              1939.7940403806278,
              3590.052999856882
            ],
            [
              1938.1769040304935,
              3618.495953301899
            ],
            [
              1919.221456797095,
              3647.346717189066
            ],
            [
              1869.4826212365879,
              3709.91450808011
            ],
            [
              1864.6153195900843,
              3746.462618563324
            ],
            [
              1873.292973255273,
              3795.039220600389
            ],
            [
              1876.01225871942,
              3823.1635225927457
            ],
            [
              1868.8797135655768,
              3863.541648053564
            ],
            [
              1867.5893005399266,
              3912.287847111933
            ],
            [
              1903.7260646478971,
              3856.273000203073
            ],
            [
              1912.868453554809,
              3854.3477947916836
            ],
            [
              1954.221680761315,
              3895.587521508336
            ],
            [
              1974.8509463141672,
              3918.1401159586385
            ],
            [
              1985.7242103533354,
              3965.4747276492417
            ],
            [
              2034.3492876283126,
              4042.728882850148
            ],
            [
              2060.5898430821253,
              4065.8639350095764
            ],
            [
              2091.3444839695003,
              4065.812161394395
            ],
            [
              2114.9419691964285,
              4107.015852058306
            ],
            [
              2140.019237639499,
              4108.536513472907
            ],
            [
              2120.8273422545753,
              4048.255199396983
            ],
            [
              2113.835091661196,
              4001.6678114449605
            ]
          ]
        ]
      },
      "properties": {
        "id": "forest:way:1395397813",
        "tags": {
          "natural": "wood",
          "winter_sports_id": "1228774360",
          "winter_sports_name": "Killington Resort",
          "State": "Vermont",
          "Country": "United States of America",
          "Ski Area": "Killington Resort",
          "region": "north-america/us/vermont"
        },
        "natural": "wood"
      }
    },
    {
      "type": "Feature",
      "geometry": {
        "type": "Polygon",
        "coordinates": [
          [
            [
              2475.2199399463134,
              1850.3440761370584
            ],
            [
              2467.46439191408,
              1816.0397013109177
            ],
            [
              2453.9273862042464,
              1803.5880892146379
            ],
            [
              2432.888863928383,
              1796.550113252364
            ],
            [
              2410.5548391831107,
              1805.460104310885
            ],
            [
              2388.993988769711,
              1834.2407087497413
            ],
            [
              2367.0512329646153,
              1861.2885351963341
            ],
            [
              2348.5585709019797,
              1872.4567894386128
            ],
            [
              2331.151381859905,
              1891.4227320281789
            ],
            [
              2350.3709085878218,
              1901.8686747010797
            ],
            [
              2401.7583394421963,
              1924.81590544153
            ],
            [
              2440.609626801219,
              1930.1592766027898
            ],
            [
              2482.5949753130553,
              1964.0830100420862
            ],
            [
              2490.0126771003706,
              1962.1237727571279
            ],
            [
              2475.2199399463134,
              1850.3440761370584
            ]
          ]
        ]
      },
      "properties": {
        "id": "forest:way:1395397814",
        "tags": {
          "natural": "wood",
          "winter_sports_id": "1228774360",
          "winter_sports_name": "Killington Resort",
          "State": "Vermont",
          "Country": "United States of America",
          "Ski Area": "Killington Resort",
          "region": "north-america/us/vermont"
        },
        "natural": "wood"
      }
    },
    {
      "type": "Feature",
      "geometry": {
        "type": "Polygon",
        "coordinates": [
          [
            [
              2659.9957018909045,
              1973.1183930737898
            ],
            [
              2695.5365706466837,
              1988.7449083412066
            ],
            [
              2699.194035159191,
              1981.4955915976316
            ],
            [
              2678.9049035067437,
              1962.3955078599975
            ],
            [
              2658.07339144405,
              1947.5934141241014
            ],
            [
              2660.373696474475,
              1926.070640203543
            ],
            [
              2646.787852901267,
              1899.3688217988238
            ],
            [
              2617.7888347241096,
              1865.7890379698947
            ],
            [
              2590.000616800622,
              1835.2646371675655
            ],
            [
              2570.559223816381,
              1800.6386047424749
            ],
            [
              2557.228539057891,
              1780.4233933445066
            ],
            [
              2537.5843131337315,
              1769.5432432210073
            ],
            [
              2514.073401762056,
              1774.098208444193
            ],
            [
              2499.378734541475,
              1788.8234446337447
            ],
            [
              2489.982202597428,
              1816.637456919998
            ],
            [
              2494.581441315124,
              1887.9907708028331
            ],
            [
              2504.641969174496,
              1965.9687109449878
            ],
            [
              2586.5854749211576,
              1963.8325634840876
            ],
            [
              2659.9957018909045,
              1973.1183930737898
            ]
          ]
        ]
      },
      "properties": {
        "id": "forest:way:1395397815",
        "tags": {
          "natural": "wood",
          "winter_sports_id": "1228774360",
          "winter_sports_name": "Killington Resort",
          "State": "Vermont",
          "Country": "United States of America",
          "Ski Area": "Killington Resort",
          "region": "north-america/us/vermont"
        },
        "natural": "wood"
      }
    },
    {
      "type": "Feature",
      "geometry": {
        "type": "Polygon",
        "coordinates": [
          [
            [
              2749.339392434922,
              1855.4702019952238
            ],
            [
              2704.4839476270135,
              1814.9888661215082
            ],
            [
              2667.504986161948,
              1788.0987374652177
            ],
            [
              2619.33170826023,
              1742.3506185645238
            ],
            [
              2593.3588534160517,
              1725.2560278847814
            ],
            [
              2584.492452761857,
              1732.789385520853
            ],
            [
              2587.484972975566,
              1750.5738771902397
            ],
            [
              2623.799966705148,
              1818.890964309685
            ],
            [
              2677.3456397523405,
              1874.284624609165
            ],
            [
              2707.296279407339,
              1904.86689854227
            ],
            [
              2784.768969736877,
              1924.198212065734
            ],
            [
              2783.1107414818835,
              1905.159818961285
            ],
            [
              2749.339392434922,
              1855.4702019952238
            ]
          ]
        ]
      },
      "properties": {
        "id": "forest:way:1395397816",
        "tags": {
          "natural": "wood",
          "winter_sports_id": "1228774360",
          "winter_sports_name": "Killington Resort",
          "State": "Vermont",
          "Country": "United States of America",
          "Ski Area": "Killington Resort",
          "region": "north-america/us/vermont"
        },
        "natural": "wood"
      }
    },
    {
      "type": "Feature",
      "geometry": {
        "type": "Polygon",
        "coordinates": [
          [
            [
              2675.2515605267836,
              1724.8421593885869
            ],
            [
              2687.6263006423833,
              1715.679442227818
            ],
            [
              2694.4791669558035,
              1702.4688817448914
            ],
            [
              2701.0678742862074,
              1666.37815244589
            ],
            [
              2635.356059860671,
              1661.175464821048
            ],
            [
              2606.994052238413,
              1652.2196844182909
            ],
            [
              2598.586100701359,
              1658.9094092957675
            ],
            [
              2604.7089233343722,
              1689.291706812568
            ],
            [
              2622.1019660265883,
              1719.551073513925
            ],
            [
              2644.95640045614,
              1723.6036946391687
            ],
            [
              2675.2515605267836,
              1724.8421593885869
            ]
          ]
        ]
      },
      "properties": {
        "id": "forest:way:1395397817",
        "tags": {
          "natural": "wood",
          "winter_sports_id": "1228774360",
          "winter_sports_name": "Killington Resort",
          "State": "Vermont",
          "Country": "United States of America",
          "Ski Area": "Killington Resort",
          "region": "north-america/us/vermont"
        },
        "natural": "wood"
      }
    },
    {
      "type": "Feature",
      "geometry": {
        "type": "Polygon",
        "coordinates": [
          [
            [
              2695.719094781205,
              1761.8742331238464
            ],
            [
              2729.7266386888223,
              1794.5094004878774
            ],
            [
              2761.66831305495,
              1815.2197901727632
            ],
            [
              2778.4208686451893,
              1837.026863047853
            ],
            [
              2809.776578526944,
              1896.1550923297182
            ],
            [
              2832.053580723121,
              1962.5774900596589
            ],
            [
              2851.615983465337,
              1984.6929270792753
            ],
            [
              2911.7656311558094,
              1962.9755761157721
            ],
            [
              3025.3705745514017,
              1918.9418221833184
            ],
            [
              3121.7174542566063,
              1880.0628186427057
            ],
            [
              3158.9919786043465,
              1863.3509076926857
            ],
            [
              3236.969386691577,
              1831.319447970949
            ],
            [
              3245.883556530578,
              1805.6607404891402
            ],
            [
              3261.272117317305,
              1781.0304637132213
            ],
            [
              3302.2745135889854,
              1754.4936070088297
            ],
            [
              3338.872303403914,
              1714.4467370165512
            ],
            [
              3335.9409752466017,
              1710.4896507700905
            ],
            [
              3333.0411171254236,
              1705.6553739486262
            ],
            [
              3333.1791624688776,
              1700.4797818055376
            ],
            [
              3147.4889810541645,
              1693.373385289684
            ],
            [
              2721.4804315854562,
              1664.764537261799
            ],
            [
              2713.164181251661,
              1668.0000256421044
            ],
            [
              2707.1180062299827,
              1699.7817178592086
            ],
            [
              2701.0372039426584,
              1716.4582087825984
            ],
            [
              2691.6853407585295,
              1726.1458107549697
            ],
            [
              2662.7390299127437,
              1739.1915960041806
            ],
            [
              2668.1834045783617,
              1746.4605116108432
            ],
            [
              2695.719094781205,
              1761.8742331238464
            ]
          ]
        ]
      },
      "properties": {
        "id": "forest:way:1395397818",
        "tags": {
          "natural": "wood",
          "winter_sports_id": "1228774360",
          "winter_sports_name": "Killington Resort",
          "State": "Vermont",
          "Country": "United States of America",
          "Ski Area": "Killington Resort",
          "region": "north-america/us/vermont"
        },
        "natural": "wood"
      }
    },
    {
      "type": "Feature",
      "geometry": {
        "type": "Polygon",
        "coordinates": [
          [
            [
              2817.2776494454592,
              1598.0141005823389
            ],
            [
              2820.4390852550277,
              1560.531937948428
            ],
            [
              2816.6898455360206,
              1554.8195218602195
            ],
            [
              2752.7301677060314,
              1581.1935113156214
            ],
            [
              2684.689454816049,
              1597.9458221457899
            ],
            [
              2706.737934968318,
              1599.8210467547178
            ],
            [
              2817.2776494454592,
              1598.0141005823389
            ]
          ]
        ]
      },
      "properties": {
        "id": "forest:way:1395397819",
        "tags": {
          "natural": "wood",
          "winter_sports_id": "1228774360",
          "winter_sports_name": "Killington Resort",
          "State": "Vermont",
          "Country": "United States of America",
          "Ski Area": "Killington Resort",
          "region": "north-america/us/vermont"
        },
        "natural": "wood"
      }
    },
    {
      "type": "Feature",
      "geometry": {
        "type": "Polygon",
        "coordinates": [
          [
            [
              2967.806920845411,
              1599.2182538583875
            ],
            [
              3042.2394670770736,
              1602.7113847136497
            ],
            [
              3094.537771177711,
              1607.5496289199218
            ],
            [
              3146.2273637875915,
              1618.862819314003
            ],
            [
              3190.226636244799,
              1618.0902679841965
            ],
            [
              3206.4719810226234,
              1610.10970024392
            ],
            [
              3223.269779912429,
              1581.404593411833
            ],
            [
              3239.121391810593,
              1547.2949731387198
            ],
            [
              3247.677939610672,
              1510.8236167244613
            ],
            [
              3247.677642381401,
              1470.2341485973448
            ],
            [
              3267.215475658071,
              1444.2029211474583
            ],
            [
              3302.946586646489,
              1428.5286076944321
            ],
            [
              3321.014359826222,
              1417.351502776146
            ],
            [
              3324.222255761386,
              1402.7661558333784
            ],
            [
              3317.960812364123,
              1393.7410664372146
            ],
            [
              3234.270799341495,
              1396.2555928630754
            ],
            [
              3221.0087456344627,
              1389.8670371240005
            ],
            [
              3198.777123028296,
              1378.4714309209958
            ],
            [
              3162.8208545603557,
              1361.9755153134465
            ],
            [
              3137.355126533308,
              1358.2739628441632
            ],
            [
              3100.7782837358536,
              1365.0685361716896
            ],
            [
              2999.4134688958293,
              1396.4792018774897
            ],
            [
              2927.3074542741524,
              1419.6005945857614
            ],
            [
              2914.3579897356685,
              1433.9379896270111
            ],
            [
              2880.7853145448025,
              1458.0852449396625
            ],
            [
              2852.525245456607,
              1494.466292339377
            ],
            [
              2828.8817938654684,
              1536.1494755651802
            ],
            [
              2831.468918516184,
              1569.4610726162791
            ],
            [
              2825.998773536994,
              1595.6564151644707
            ],
            [
              2865.631709246547,
              1596.2771473405883
            ],
            [
              2967.806920845411,
              1599.2182538583875
            ]
          ]
        ]
      },
      "properties": {
        "id": "forest:way:1395397820",
        "tags": {
          "natural": "wood",
          "winter_sports_id": "1228774360",
          "winter_sports_name": "Killington Resort",
          "State": "Vermont",
          "Country": "United States of America",
          "Ski Area": "Killington Resort",
          "region": "north-america/us/vermont"
        },
        "natural": "wood"
      }
    },
    {
      "type": "Feature",
      "geometry": {
        "type": "Polygon",
        "coordinates": [
          [
            [
              3368.368845923571,
              1623.9182806340978
            ],
            [
              3380.905512694153,
              1616.9061638768762
            ],
            [
              3390.27621532348,
              1598.3840734800324
            ],
            [
              3394.4095821178053,
              1565.4625778794289
            ],
            [
              3397.6276364070363,
              1509.6322692083195
            ],
            [
              3396.976610477199,
              1469.2476754980162
            ],
            [
              3381.926968499669,
              1440.5602200301364
            ],
            [
              3370.482800318976,
              1414.780906772241
            ],
            [
              3351.3197192549706,
              1410.3908517668024
            ],
            [
              3330.2828558405163,
              1419.32140211761
            ],
            [
              3298.820436046459,
              1437.2655763980001
            ],
            [
              3271.9738048793515,
              1452.9544873805717
            ],
            [
              3262.1238124123774,
              1480.9778035590425
            ],
            [
              3251.3566974168643,
              1535.5287707503885
            ],
            [
              3237.4270709200064,
              1570.5565167469904
            ],
            [
              3220.1584472962422,
              1608.7406633421779
            ],
            [
              3222.2756359548075,
              1610.5198148535565
            ],
            [
              3293.7307766772574,
              1611.7802077326924
            ],
            [
              3368.368845923571,
              1623.9182806340978
            ]
          ]
        ]
      },
      "properties": {
        "id": "forest:way:1395397821",
        "tags": {
          "natural": "wood",
          "winter_sports_id": "1228774360",
          "winter_sports_name": "Killington Resort",
          "State": "Vermont",
          "Country": "United States of America",
          "Ski Area": "Killington Resort",
          "region": "north-america/us/vermont"
        },
        "natural": "wood"
      }
    },
    {
      "type": "Feature",
      "geometry": {
        "type": "Polygon",
        "coordinates": [
          [
            [
              3309.1438096946804,
              1805.824909972027
            ],
            [
              3381.9907967818435,
              1779.0598003296182
            ],
            [
              3384.5847936655628,
              1771.137807336636
            ],
            [
              3406.298339951667,
              1753.156242149882
            ],
            [
              3421.1424126323545,
              1732.6129536833614
            ],
            [
              3419.5253857335774,
              1720.2662382582203
            ],
            [
              3392.204939021147,
              1721.0487853297964
            ],
            [
              3354.4273075720994,
              1732.3444914203137
            ],
            [
              3332.4251951311016,
              1769.324015592225
            ],
            [
              3301.1675114668906,
              1788.1293624285609
            ],
            [
              3282.1040950125316,
              1812.4503897288814
            ],
            [
              3280.9192306121113,
              1816.2976921470836
            ],
            [
              3309.1438096946804,
              1805.824909972027
            ]
          ]
        ]
      },
      "properties": {
        "id": "forest:way:1395397822",
        "tags": {
          "natural": "wood",
          "winter_sports_id": "1228774360",
          "winter_sports_name": "Killington Resort",
          "State": "Vermont",
          "Country": "United States of America",
          "Ski Area": "Killington Resort",
          "region": "north-america/us/vermont"
        },
        "natural": "wood"
      }
    },
    {
      "type": "Feature",
      "geometry": {
        "type": "Polygon",
        "coordinates": [
          [
            [
              3243.1172444201075,
              1868.8274516901001
            ],
            [
              3227.1181968920864,
              1883.9498585639521
            ],
            [
              3205.9565416870173,
              1897.6231992729008
            ],
            [
              3181.2523255326087,
              1906.0340315932408
            ],
            [
              3143.1600657079834,
              1929.1925486605614
            ],
            [
              3107.2876908910694,
              1958.4677041750401
            ],
            [
              3065.2396362078143,
              2000.0821356289089
            ],
            [
              3056.028890500893,
              2004.16027824115
            ],
            [
              3032.686844483367,
              2034.8365076817572
            ],
            [
              3011.72373160196,
              2057.162627797574
            ],
            [
              2983.6786990099354,
              2069.141790139489
            ],
            [
              2954.7758170125308,
              2072.695822264068
            ],
            [
              2936.191511201556,
              2070.9007793273777
            ],
            [
              2943.3849104832625,
              2085.5630549034104
            ],
            [
              2970.8836766468594,
              2118.67100473959
            ],
            [
              3007.9917808127357,
              2140.598335744813
            ],
            [
              3029.567645194358,
              2151.964871122502
            ],
            [
              3057.603840082418,
              2156.379278796725
            ],
            [
              3082.039454415324,
              2150.128182726912
            ],
            [
              3111.5501317052403,
              2140.1223775511608
            ],
            [
              3151.2016039245063,
              2123.262654759921
            ],
            [
              3187.8706551197683,
              2088.6185547048226
            ],
            [
              3232.005070151179,
              2033.8900267546996
            ],
            [
              3277.2335086849052,
              1978.7463546982035
            ],
            [
              3299.193451466388,
              1951.4905999153852
            ],
            [
              3309.4649028943386,
              1923.700871371664
            ],
            [
              3328.8042409549234,
              1889.028737269342
            ],
            [
              3349.2771137574455,
              1852.4418808268383
            ],
            [
              3364.111511390307,
              1807.724564479664
            ],
            [
              3253.938658819068,
              1844.9423215379938
            ],
            [
              3243.1172444201075,
              1868.8274516901001
            ]
          ]
        ]
      },
      "properties": {
        "id": "forest:way:1395397823",
        "tags": {
          "natural": "wood",
          "winter_sports_id": "1228774360",
          "winter_sports_name": "Killington Resort",
          "State": "Vermont",
          "Country": "United States of America",
          "Ski Area": "Killington Resort",
          "region": "north-america/us/vermont"
        },
        "natural": "wood"
      }
    },
    {
      "type": "Feature",
      "geometry": {
        "type": "Polygon",
        "coordinates": [
          [
            [
              3355.313670204603,
              1942.8401451697573
            ],
            [
              3345.033977020881,
              1970.6295936563984
            ],
            [
              3314.2322092793183,
              2004.7736543444917
            ],
            [
              3268.0149094446097,
              2048.2317932238802
            ],
            [
              3216.095637980732,
              2102.3191032307222
            ],
            [
              3174.030232719844,
              2144.5881336703897
            ],
            [
              3170.303641625447,
              2154.413896543905
            ],
            [
              3222.8220392024377,
              2142.6544603677467
            ],
            [
              3263.08162372245,
              2127.5343156475574
            ],
            [
              3303.322150790016,
              2097.0872367145494
            ],
            [
              3328.917608968797,
              2055.246524305083
            ],
            [
              3354.611907971441,
              2001.5384269282222
            ],
            [
              3374.2793293191353,
              1954.571606383659
            ],
            [
              3376.563603266026,
              1909.519483909011
            ],
            [
              3359.77844207047,
              1929.5776039771736
            ],
            [
              3355.313670204603,
              1942.8401451697573
            ]
          ]
        ]
      },
      "properties": {
        "id": "forest:way:1395397824",
        "tags": {
          "natural": "wood",
          "winter_sports_id": "1228774360",
          "winter_sports_name": "Killington Resort",
          "State": "Vermont",
          "Country": "United States of America",
          "Ski Area": "Killington Resort",
          "region": "north-america/us/vermont"
        },
        "natural": "wood"
      }
    },
    {
      "type": "Feature",
      "geometry": {
        "type": "Polygon",
        "coordinates": [
          [
            [
              3156.858751589083,
              2163.1248595528305
            ],
            [
              3154.0990346918115,
              2169.0975011279806
            ],
            [
              3225.9540402484126,
              2187.8509901119396
            ],
            [
              3251.4228961154586,
              2142.5500919325277
            ],
            [
              3156.858751589083,
              2163.1248595528305
            ]
          ]
        ]
      },
      "properties": {
        "id": "forest:way:1395397825",
        "tags": {
          "natural": "wood",
          "winter_sports_id": "1228774360",
          "winter_sports_name": "Killington Resort",
          "State": "Vermont",
          "Country": "United States of America",
          "Ski Area": "Killington Resort",
          "region": "north-america/us/vermont"
        },
        "natural": "wood"
      }
    },
    {
      "type": "Feature",
      "geometry": {
        "type": "Polygon",
        "coordinates": [
          [
            [
              3314.898626833805,
              2142.086721945554
            ],
            [
              3300.4708157628775,
              2138.8899746323004
            ],
            [
              3283.5073665323434,
              2133.2582852095366
            ],
            [
              3269.651716309949,
              2141.313447346911
            ],
            [
              3254.274735854473,
              2173.7128978874534
            ],
            [
              3256.962438408518,
              2178.319209278561
            ],
            [
              3300.3527508639963,
              2176.019796415232
            ],
            [
              3314.898626833805,
              2142.086721945554
            ]
          ]
        ]
      },
      "properties": {
        "id": "forest:way:1395397826",
        "tags": {
          "natural": "wood",
          "winter_sports_id": "1228774360",
          "winter_sports_name": "Killington Resort",
          "State": "Vermont",
          "Country": "United States of America",
          "Ski Area": "Killington Resort",
          "region": "north-america/us/vermont"
        },
        "natural": "wood"
      }
    },
    {
      "type": "Feature",
      "geometry": {
        "type": "Polygon",
        "coordinates": [
          [
            [
              3363.09747893468,
              2097.6036951411515
            ],
            [
              3386.6356957977405,
              2067.800691239536
            ],
            [
              3401.68062872719,
              2039.705001955852
            ],
            [
              3375.7511106630554,
              2021.0968076726422
            ],
            [
              3348.772547115688,
              2058.1546450899914
            ],
            [
              3338.7851352135185,
              2091.3423452535644
            ],
            [
              3319.413034111727,
              2110.909186183475
            ],
            [
              3322.2397560841637,
              2126.9558775685728
            ],
            [
              3337.870969591546,
              2117.436635669321
            ],
            [
              3363.09747893468,
              2097.6036951411515
            ]
          ]
        ]
      },
      "properties": {
        "id": "forest:way:1395397827",
        "tags": {
          "natural": "wood",
          "winter_sports_id": "1228774360",
          "winter_sports_name": "Killington Resort",
          "State": "Vermont",
          "Country": "United States of America",
          "Ski Area": "Killington Resort",
          "region": "north-america/us/vermont"
        },
        "natural": "wood"
      }
    },
    {
      "type": "Feature",
      "geometry": {
        "type": "Polygon",
        "coordinates": [
          [
            [
              2570.1422906782245,
              2183.3469874709845
            ],
            [
              2545.397448028554,
              2136.4988873330876
            ],
            [
              2484.447775446577,
              2147.3950802404433
            ],
            [
              2415.6190892204177,
              2177.954980365932
            ],
            [
              2424.38672480674,
              2206.6734925871715
            ],
            [
              2451.956399285933,
              2245.393788405694
            ],
            [
              2492.311490772525,
              2259.424377588555
            ],
            [
              2528.0571475155884,
              2250.870886946097
            ],
            [
              2562.614600616391,
              2238.407143186778
            ],
            [
              2605.040928004775,
              2255.938859352842
            ],
            [
              2640.0149186182534,
              2260.324691787362
            ],
            [
              2598.9990942017175,
              2222.5355732897297
            ],
            [
              2570.1422906782245,
              2183.3469874709845
            ]
          ]
        ]
      },
      "properties": {
        "id": "forest:way:1395397828",
        "tags": {
          "natural": "wood",
          "winter_sports_id": "1228774360",
          "winter_sports_name": "Killington Resort",
          "State": "Vermont",
          "Country": "United States of America",
          "Ski Area": "Killington Resort",
          "region": "north-america/us/vermont"
        },
        "natural": "wood"
      }
    },
    {
      "type": "Feature",
      "geometry": {
        "type": "Polygon",
        "coordinates": [
          [
            [
              2593.373413791298,
              2189.576809866354
            ],
            [
              2612.5807225166354,
              2216.8502526367083
            ],
            [
              2640.068853018107,
              2242.187637824565
            ],
            [
              2672.940845342935,
              2260.332822023891
            ],
            [
              2706.9482166634407,
              2268.57219774276
            ],
            [
              2736.850821479922,
              2284.4826057394966
            ],
            [
              2774.2969827527413,
              2310.085361913778
            ],
            [
              2797.713958627777,
              2341.7948120888323
            ],
            [
              2831.3192546501523,
              2365.12847476732
            ],
            [
              2917.594887706451,
              2379.0831256043166
            ],
            [
              2978.5842593323905,
              2382.429417227395
            ],
            [
              3008.701316205901,
              2374.1731980741024
            ],
            [
              3044.295993777807,
              2338.8551762364805
            ],
            [
              3075.7112848029938,
              2298.2467197794467
            ],
            [
              3150.0531546521233,
              2255.759142048657
            ],
            [
              3185.1178474044427,
              2224.317685547285
            ],
            [
              3215.7422118858667,
              2197.070376141928
            ],
            [
              3165.841449278756,
              2183.6589952148497
            ],
            [
              3128.1547239017673,
              2167.1057718191296
            ],
            [
              3112.8107960382476,
              2174.043499463238
            ],
            [
              3044.7402560138144,
              2192.091473771259
            ],
            [
              2997.4612425564555,
              2177.8731622099876
            ],
            [
              2944.8436725032516,
              2152.7322230320424
            ],
            [
              2864.3276382848853,
              2150.1560554793105
            ],
            [
              2806.821647035773,
              2129.6319780908525
            ],
            [
              2735.076528999605,
              2090.5913322493434
            ],
            [
              2675.1694580720505,
              2095.045047835447
            ],
            [
              2558.8985538639827,
              2117.4297453137115
            ],
            [
              2569.7138235139428,
              2150.526307989843
            ],
            [
              2593.373413791298,
              2189.576809866354
            ]
          ]
        ]
      },
      "properties": {
        "id": "forest:way:1395397829",
        "tags": {
          "natural": "wood",
          "winter_sports_id": "1228774360",
          "winter_sports_name": "Killington Resort",
          "State": "Vermont",
          "Country": "United States of America",
          "Ski Area": "Killington Resort",
          "region": "north-america/us/vermont"
        },
        "natural": "wood"
      }
    },
    {
      "type": "Feature",
      "geometry": {
        "type": "Polygon",
        "coordinates": [
          [
            [
              2931.20232509356,
              2111.790842412971
            ],
            [
              2934.813879696536,
              2106.274249794893
            ],
            [
              2923.942460506456,
              2091.736378450878
            ],
            [
              2905.4044527317164,
              2071.815243072808
            ],
            [
              2879.1812373753637,
              2064.204363952391
            ],
            [
              2840.3770319476025,
              2057.1258154343814
            ],
            [
              2812.142900171806,
              2059.831336213276
            ],
            [
              2795.3393449587747,
              2072.766014803201
            ],
            [
              2810.143424514681,
              2086.119001674466
            ],
            [
              2835.296841488802,
              2101.4589239330962
            ],
            [
              2858.528059575823,
              2107.6896632714197
            ],
            [
              2904.703828401747,
              2114.5310448352247
            ],
            [
              2931.20232509356,
              2111.790842412971
            ]
          ]
        ]
      },
      "properties": {
        "id": "forest:way:1395397830",
        "tags": {
          "natural": "wood",
          "winter_sports_id": "1228774360",
          "winter_sports_name": "Killington Resort",
          "State": "Vermont",
          "Country": "United States of America",
          "Ski Area": "Killington Resort",
          "region": "north-america/us/vermont"
        },
        "natural": "wood"
      }
    },
    {
      "type": "Feature",
      "geometry": {
        "type": "Polygon",
        "coordinates": [
          [
            [
              2934.958567560534,
              2035.902399272658
            ],
            [
              2988.862765029655,
              2029.1349674649537
            ],
            [
              3023.1932262240443,
              2008.8985489821061
            ],
            [
              3061.2595549144316,
              1962.420899185352
            ],
            [
              3103.0555671139155,
              1922.0889788577333
            ],
            [
              3136.2912020729855,
              1894.4773694127798
            ],
            [
              3138.1793449730612,
              1888.4814950302243
            ],
            [
              2866.2165339755593,
              1997.807216401212
            ],
            [
              2897.568283651606,
              2024.5488152299076
            ],
            [
              2934.958567560534,
              2035.902399272658
            ]
          ]
        ]
      },
      "properties": {
        "id": "forest:way:1395397831",
        "tags": {
          "natural": "wood",
          "winter_sports_id": "1228774360",
          "winter_sports_name": "Killington Resort",
          "State": "Vermont",
          "Country": "United States of America",
          "Ski Area": "Killington Resort",
          "region": "north-america/us/vermont"
        },
        "natural": "wood"
      }
    },
    {
      "type": "Feature",
      "geometry": {
        "type": "Polygon",
        "coordinates": [
          [
            [
              2771.047449868056,
              2375.1842142464593
            ],
            [
              2810.6729076158954,
              2400.2005416890606
            ],
            [
              2854.279614399071,
              2430.0688513871282
            ],
            [
              2879.118318705354,
              2449.2906545149162
            ],
            [
              2886.8935492761666,
              2482.740424918011
            ],
            [
              2905.9416882401565,
              2507.4209670582786
            ],
            [
              2941.6022087001475,
              2518.728710560128
            ],
            [
              2961.6660159080056,
              2513.43896006234
            ],
            [
              2981.873628975707,
              2478.789101690054
            ],
            [
              2993.706506337854,
              2441.1154823107645
            ],
            [
              2963.5586258606054,
              2418.084169369191
            ],
            [
              2922.737416481017,
              2405.5497734881938
            ],
            [
              2877.5014587184414,
              2404.1347070373595
            ],
            [
              2833.1948601305485,
              2392.3750382941216
            ],
            [
              2803.748919987702,
              2383.611677540466
            ],
            [
              2776.6175339902984,
              2353.103780359961
            ],
            [
              2739.1856893983204,
              2310.8744137417525
            ],
            [
              2748.705993032432,
              2343.725739897229
            ],
            [
              2771.047449868056,
              2375.1842142464593
            ]
          ]
        ]
      },
      "properties": {
        "id": "forest:way:1395397832",
        "tags": {
          "natural": "wood",
          "winter_sports_id": "1228774360",
          "winter_sports_name": "Killington Resort",
          "State": "Vermont",
          "Country": "United States of America",
          "Ski Area": "Killington Resort",
          "region": "north-america/us/vermont"
        },
        "natural": "wood"
      }
    },
    {
      "type": "Feature",
      "geometry": {
        "type": "Polygon",
        "coordinates": [
          [
            [
              3036.386742532137,
              2513.9171773856506
            ],
            [
              3064.8365583600244,
              2519.420808026567
            ],
            [
              3062.5202647262486,
              2492.384666009806
            ],
            [
              3052.4909662565915,
              2470.5223989346996
            ],
            [
              3031.4240859826095,
              2456.157302298583
            ],
            [
              3006.9376069407444,
              2448.592082952149
            ],
            [
              2994.1327659443486,
              2473.9362638723105
            ],
            [
              2971.337698364863,
              2516.286096647382
            ],
            [
              3006.7120468773646,
              2513.7714902348816
            ],
            [
              3036.386742532137,
              2513.9171773856506
            ]
          ]
        ]
      },
      "properties": {
        "id": "forest:way:1395397833",
        "tags": {
          "natural": "wood",
          "winter_sports_id": "1228774360",
          "winter_sports_name": "Killington Resort",
          "State": "Vermont",
          "Country": "United States of America",
          "Ski Area": "Killington Resort",
          "region": "north-america/us/vermont"
        },
        "natural": "wood"
      }
    },
    {
      "type": "Feature",
      "geometry": {
        "type": "Polygon",
        "coordinates": [
          [
            [
              2761.622676467523,
              2623.593481826596
            ],
            [
              2784.0202262755483,
              2596.1255972962826
            ],
            [
              2791.1247798235854,
              2557.0366682792082
            ],
            [
              2798.4477162627736,
              2509.740094214678
            ],
            [
              2792.987030078075,
              2503.115215478465
            ],
            [
              2783.1887241814984,
              2513.224232519977
            ],
            [
              2762.5718828955432,
              2555.4103453913704
            ],
            [
              2743.8396164138103,
              2575.6292252326384
            ],
            [
              2704.5564234153135,
              2586.6770687662065
            ],
            [
              2666.997195433476,
              2598.1933014001697
            ],
            [
              2645.7927705136826,
              2597.1962537830696
            ],
            [
              2635.578509754385,
              2590.4562853444368
            ],
            [
              2617.0875627371715,
              2601.612658993341
            ],
            [
              2594.8703460114775,
              2606.2126807319
            ],
            [
              2575.4619307004614,
              2619.078612375073
            ],
            [
              2694.455600775196,
              2705.987096211873
            ],
            [
              2730.3794537689537,
              2658.1616448014975
            ],
            [
              2761.622676467523,
              2623.593481826596
            ]
          ]
        ]
      },
      "properties": {
        "id": "forest:way:1395397834",
        "tags": {
          "natural": "wood",
          "winter_sports_id": "1228774360",
          "winter_sports_name": "Killington Resort",
          "State": "Vermont",
          "Country": "United States of America",
          "Ski Area": "Killington Resort",
          "region": "north-america/us/vermont"
        },
        "natural": "wood"
      }
    },
    {
      "type": "Feature",
      "geometry": {
        "type": "Polygon",
        "coordinates": [
          [
            [
              2592.963341060211,
              2596.225853264332
            ],
            [
              2615.1687834853074,
              2592.0700815990567
            ],
            [
              2636.7170887738466,
              2580.1280392827466
            ],
            [
              2636.44187763019,
              2574.0745595563203
            ],
            [
              2614.0262738744495,
              2553.6176798222587
            ],
            [
              2586.470921198488,
              2547.2728227982298
            ],
            [
              2556.985452685738,
              2548.2233414072543
            ],
            [
              2542.162778362399,
              2551.7084918795153
            ],
            [
              2523.3694459073013,
              2541.717757499777
            ],
            [
              2503.4299076362513,
              2542.0440189307556
            ],
            [
              2483.199289387907,
              2520.7898313673213
            ],
            [
              2474.368204177823,
              2527.034963452257
            ],
            [
              2478.3582633523038,
              2540.0890181530267
            ],
            [
              2567.9382184876595,
              2608.942576793954
            ],
            [
              2576.6315005306387,
              2607.8842712538317
            ],
            [
              2592.963341060211,
              2596.225853264332
            ]
          ]
        ]
      },
      "properties": {
        "id": "forest:way:1395397835",
        "tags": {
          "natural": "wood",
          "winter_sports_id": "1228774360",
          "winter_sports_name": "Killington Resort",
          "State": "Vermont",
          "Country": "United States of America",
          "Ski Area": "Killington Resort",
          "region": "north-america/us/vermont"
        },
        "natural": "wood"
      }
    },
    {
      "type": "Feature",
      "geometry": {
        "type": "Polygon",
        "coordinates": [
          [
            [
              2488.09401923744,
              2695.324803335592
            ],
            [
              2504.261605834705,
              2690.1414431221783
            ],
            [
              2518.6676653145114,
              2669.7959333183244
            ],
            [
              2504.8344045493286,
              2668.5727519178763
            ],
            [
              2470.332790025277,
              2662.89968069084
            ],
            [
              2451.8529840871925,
              2657.2297905990854
            ],
            [
              2435.2912688264623,
              2644.7089169500396
            ],
            [
              2419.914362672833,
              2636.5318687874824
            ],
            [
              2411.610940399114,
              2639.3345457222313
            ],
            [
              2414.1214895335725,
              2642.4131464799866
            ],
            [
              2454.577943666489,
              2668.9609948601574
            ],
            [
              2488.09401923744,
              2695.324803335592
            ]
          ]
        ]
      },
      "properties": {
        "id": "forest:way:1395397836",
        "tags": {
          "natural": "wood",
          "winter_sports_id": "1228774360",
          "winter_sports_name": "Killington Resort",
          "State": "Vermont",
          "Country": "United States of America",
          "Ski Area": "Killington Resort",
          "region": "north-america/us/vermont"
        },
        "natural": "wood"
      }
    },
    {
      "type": "Feature",
      "geometry": {
        "type": "Polygon",
        "coordinates": [
          [
            [
              2547.4070381359197,
              2680.4954399699345
            ],
            [
              2526.4171445575776,
              2671.735581720248
            ],
            [
              2513.448059870978,
              2686.9288772996515
            ],
            [
              2501.4342339959694,
              2698.6910270005465
            ],
            [
              2644.8179134555394,
              2797.0384146189317
            ],
            [
              2664.160335758119,
              2769.9335513571277
            ],
            [
              2547.4070381359197,
              2680.4954399699345
            ]
          ]
        ]
      },
      "properties": {
        "id": "forest:way:1395397837",
        "tags": {
          "natural": "wood",
          "winter_sports_id": "1228774360",
          "winter_sports_name": "Killington Resort",
          "State": "Vermont",
          "Country": "United States of America",
          "Ski Area": "Killington Resort",
          "region": "north-america/us/vermont"
        },
        "natural": "wood"
      }
    },
    {
      "type": "Feature",
      "geometry": {
        "type": "Polygon",
        "coordinates": [
          [
            [
              2792.2393253582995,
              2905.8550496082753
            ],
            [
              2803.22109626804,
              2900.112129697576
            ],
            [
              2787.2916702689836,
              2880.2605839818716
            ],
            [
              2739.004650215269,
              2838.831467294134
            ],
            [
              2694.324613912264,
              2792.319372656755
            ],
            [
              2672.612812609761,
              2777.9271199041978
            ],
            [
              2655.501843791106,
              2802.5016450323164
            ],
            [
              2655.341246973141,
              2808.5435454929247
            ],
            [
              2792.2393253582995,
              2905.8550496082753
            ]
          ]
        ]
      },
      "properties": {
        "id": "forest:way:1395397838",
        "tags": {
          "natural": "wood",
          "winter_sports_id": "1228774360",
          "winter_sports_name": "Killington Resort",
          "State": "Vermont",
          "Country": "United States of America",
          "Ski Area": "Killington Resort",
          "region": "north-america/us/vermont"
        },
        "natural": "wood"
      }
    },
    {
      "type": "Feature",
      "geometry": {
        "type": "Polygon",
        "coordinates": [
          [
            [
              2942.9664297095733,
              2987.999960321933
            ],
            [
              2893.6075954562984,
              2954.7434483421966
            ],
            [
              2840.835692111985,
              2919.2403344688937
            ],
            [
              2821.550746525754,
              2911.391769274138
            ],
            [
              2813.96197934926,
              2919.814561055042
            ],
            [
              2972.18413698941,
              3029.789765938185
            ],
            [
              2979.8341410970315,
              3018.7680280841887
            ],
            [
              2942.9664297095733,
              2987.999960321933
            ]
          ]
        ]
      },
      "properties": {
        "id": "forest:way:1395397839",
        "tags": {
          "natural": "wood",
          "winter_sports_id": "1228774360",
          "winter_sports_name": "Killington Resort",
          "State": "Vermont",
          "Country": "United States of America",
          "Ski Area": "Killington Resort",
          "region": "north-america/us/vermont"
        },
        "natural": "wood"
      }
    },
    {
      "type": "Feature",
      "geometry": {
        "type": "Polygon",
        "coordinates": [
          [
            [
              3048.2579461411806,
              2450.559486085549
            ],
            [
              3065.4990431061015,
              2461.8107421752065
            ],
            [
              3071.965886029415,
              2479.4658293128014
            ],
            [
              3074.475450225873,
              2490.7581414524466
            ],
            [
              3077.805090469308,
              2504.0061935558915
            ],
            [
              3076.4702449541073,
              2521.6757353171706
            ],
            [
              3077.7862140865764,
              2529.268528342247
            ],
            [
              3095.158831657027,
              2543.7576463753358
            ],
            [
              3119.9164759760024,
              2557.7989736050367
            ],
            [
              3144.649341127253,
              2564.2819988634437
            ],
            [
              3156.6156770000234,
              2562.233579303138
            ],
            [
              3209.3491010217695,
              2550.4688255665824
            ],
            [
              3226.3524513203884,
              2546.387527423911
            ],
            [
              3249.836112466408,
              2526.7300712363794
            ],
            [
              3275.2609042775584,
              2515.749183244072
            ],
            [
              3313.9766460090177,
              2517.859956282191
            ],
            [
              3331.893941678456,
              2528.263052609749
            ],
            [
              3339.18884552503,
              2547.240911843255
            ],
            [
              3352.310028798296,
              2558.816486974247
            ],
            [
              3374.178227670025,
              2550.9864612873644
            ],
            [
              3422.1499823015183,
              2547.2986753648147
            ],
            [
              3469.9361765084323,
              2542.094723031856
            ],
            [
              3506.18299282284,
              2531.414760616608
            ],
            [
              3541.445637399447,
              2508.605164449662
            ],
            [
              3575.49771259306,
              2482.7514087855816
            ],
            [
              3597.003340983065,
              2464.33152283635
            ],
            [
              3624.6506194766844,
              2467.22644997295
            ],
            [
              3639.7683568634093,
              2476.910942921415
            ],
            [
              3672.85951401887,
              2454.6997141176835
            ],
            [
              3708.242768841679,
              2435.5730236805975
            ],
            [
              3734.8030873624375,
              2414.487865268253
            ],
            [
              3775.393855121569,
              2370.6712315678596
            ],
            [
              3802.53749319457,
              2327.795507020317
            ],
            [
              3821.5997048161225,
              2279.090930682607
            ],
            [
              3824.605700899265,
              2223.4771900381893
            ],
            [
              3824.346350442851,
              2176.4119772426784
            ],
            [
              3814.61405209871,
              2135.361889517866
            ],
            [
              3800.9768480827333,
              2102.6098524210975
            ],
            [
              3779.2351137952646,
              2073.319973039441
            ],
            [
              3762.4402901754947,
              2053.2317762253806
            ],
            [
              3736.7215866404586,
              2034.6277656462044
            ],
            [
              3703.4267817506334,
              2016.032519865781
            ],
            [
              3688.5386882973835,
              1997.7182239582762
            ],
            [
              3670.058988493751,
              1983.8426382392645
            ],
            [
              3659.966076071956,
              1972.5585841517895
            ],
            [
              3638.801101596211,
              1961.845611010678
            ],
            [
              3611.951503254939,
              1937.176809261553
            ],
            [
              3594.931234696298,
              1925.4966241307557
            ],
            [
              3557.0330911444034,
              1917.1377637479454
            ],
            [
              3527.861526468536,
              1906.2113293372095
            ],
            [
              3506.631059504347,
              1881.904208499007
            ],
            [
              3485.8907388002845,
              1863.4341635024175
            ],
            [
              3456.8225938013056,
              1848.6208014301956
            ],
            [
              3434.0427639422705,
              2004.3025928167626
            ],
            [
              3429.073630510946,
              2044.3260701429099
            ],
            [
              3418.813376786071,
              2071.6824788255617
            ],
            [
              3381.8619489007397,
              2108.685207070783
            ],
            [
              3368.2893518952187,
              2130.3405578145757
            ],
            [
              3338.1573347763624,
              2155.4441737588495
            ],
            [
              3317.180774295237,
              2194.5961182639003
            ],
            [
              3273.981208429206,
              2206.4032521657646
            ],
            [
              3239.2048074492486,
              2210.655208066106
            ],
            [
              3222.412270808476,
              2223.1556814480573
            ],
            [
              3189.2343360021478,
              2265.0057917619124
            ],
            [
              3147.3833907042863,
              2291.0870919739828
            ],
            [
              3101.9705119491555,
              2320.530285797082
            ],
            [
              3070.7241669287905,
              2355.0969393718988
            ],
            [
              3026.4692702648463,
              2406.5888953497633
            ],
            [
              3008.7856742321746,
              2435.904301373288
            ],
            [
              3030.0419793038163,
              2443.16120743379
            ],
            [
              3048.2579461411806,
              2450.559486085549
            ]
          ]
        ]
      },
      "properties": {
        "id": "forest:way:1395397840",
        "tags": {
          "natural": "wood",
          "winter_sports_id": "1228774360",
          "winter_sports_name": "Killington Resort",
          "State": "Vermont",
          "Country": "United States of America",
          "Ski Area": "Killington Resort",
          "region": "north-america/us/vermont"
        },
        "natural": "wood"
      }
    },
    {
      "type": "Feature",
      "geometry": {
        "type": "Polygon",
        "coordinates": [
          [
            [
              3167.132062453893,
              2728.495223466307
            ],
            [
              3231.623990673572,
              2714.2433476606384
            ],
            [
              3266.6510689662537,
              2700.4954231726006
            ],
            [
              3218.0067225940293,
              2656.4636123655364
            ],
            [
              3189.8097450764617,
              2609.0872462103143
            ],
            [
              3164.269464381621,
              2592.0016840035096
            ],
            [
              3134.185092030675,
              2582.9974942700937
            ],
            [
              3097.016598403454,
              2563.4461436383426
            ],
            [
              3044.815206711297,
              2539.182219025679
            ],
            [
              2994.7561805871082,
              2531.802831799723
            ],
            [
              2970.3300950388657,
              2538.0544214267284
            ],
            [
              2923.6638849504525,
              2533.3666509753093
            ],
            [
              2961.9588311334373,
              2592.22494886443
            ],
            [
              3001.5686028397176,
              2617.4532782370225
            ],
            [
              3025.119512770092,
              2676.797407587059
            ],
            [
              3038.6556152845733,
              2721.6152094220743
            ],
            [
              3061.783449488459,
              2747.7053214358166
            ],
            [
              3121.617316554184,
              2729.4383063344285
            ],
            [
              3167.132062453893,
              2728.495223466307
            ]
          ]
        ]
      },
      "properties": {
        "id": "forest:way:1395397841",
        "tags": {
          "natural": "wood",
          "winter_sports_id": "1228774360",
          "winter_sports_name": "Killington Resort",
          "State": "Vermont",
          "Country": "United States of America",
          "Ski Area": "Killington Resort",
          "region": "north-america/us/vermont"
        },
        "natural": "wood"
      }
    },
    {
      "type": "Feature",
      "geometry": {
        "type": "Polygon",
        "coordinates": [
          [
            [
              3190.0386260208907,
              2795.580673522316
            ],
            [
              3238.1770062900614,
              2761.0427233492956
            ],
            [
              3267.5942442369414,
              2746.278302129358
            ],
            [
              3265.9045644167345,
              2712.1344518568367
            ],
            [
              3255.438102816348,
              2714.878410248086
            ],
            [
              3190.4298089446966,
              2732.1393912518397
            ],
            [
              3149.561410290189,
              2737.518513808027
            ],
            [
              3105.6666175731225,
              2742.8283503893763
            ],
            [
              3085.887224069331,
              2753.5267784055322
            ],
            [
              3061.0603787130676,
              2758.47806122154
            ],
            [
              3058.1483576445607,
              2770.481747433543
            ],
            [
              3089.3957203584723,
              2800.6671821726486
            ],
            [
              3107.9908263353864,
              2834.4056207584217
            ],
            [
              3117.5454757848056,
              2866.169354485348
            ],
            [
              3145.0059326795163,
              2843.594485487789
            ],
            [
              3190.0386260208907,
              2795.580673522316
            ]
          ]
        ]
      },
      "properties": {
        "id": "forest:way:1395397842",
        "tags": {
          "natural": "wood",
          "winter_sports_id": "1228774360",
          "winter_sports_name": "Killington Resort",
          "State": "Vermont",
          "Country": "United States of America",
          "Ski Area": "Killington Resort",
          "region": "north-america/us/vermont"
        },
        "natural": "wood"
      }
    },
    {
      "type": "Feature",
      "geometry": {
        "type": "Polygon",
        "coordinates": [
          [
            [
              3338.0669507096754,
              2621.6770594287664
            ],
            [
              3324.7284118905663,
              2569.5172542138025
            ],
            [
              3311.100430389284,
              2544.546552836895
            ],
            [
              3288.375896495534,
              2535.738009360619
            ],
            [
              3271.4586704792455,
              2536.587179942988
            ],
            [
              3254.1655220602406,
              2551.230367970653
            ],
            [
              3231.33596809092,
              2562.713985924609
            ],
            [
              3193.870804256643,
              2570.350936478004
            ],
            [
              3178.986856264877,
              2576.4227010970935
            ],
            [
              3182.2303927836474,
              2584.7115363152698
            ],
            [
              3206.0815120505868,
              2600.029411853291
            ],
            [
              3222.7786924702814,
              2623.781345662661
            ],
            [
              3247.2285750142764,
              2649.0404461557046
            ],
            [
              3265.916955446708,
              2662.9205039031804
            ],
            [
              3285.3746059568366,
              2664.306393724866
            ],
            [
              3297.837726138183,
              2684.500160701573
            ],
            [
              3315.0673288010294,
              2687.971774574369
            ],
            [
              3325.4166931513464,
              2673.5769520746544
            ],
            [
              3338.0669507096754,
              2621.6770594287664
            ]
          ]
        ]
      },
      "properties": {
        "id": "forest:way:1395397843",
        "tags": {
          "natural": "wood",
          "winter_sports_id": "1228774360",
          "winter_sports_name": "Killington Resort",
          "State": "Vermont",
          "Country": "United States of America",
          "Ski Area": "Killington Resort",
          "region": "north-america/us/vermont"
        },
        "natural": "wood"
      }
    },
    {
      "type": "Feature",
      "geometry": {
        "type": "Polygon",
        "coordinates": [
          [
            [
              3385.252053523669,
              2655.312251932919
            ],
            [
              3417.082524593803,
              2631.554655250162
            ],
            [
              3450.4232459894847,
              2599.6351264566183
            ],
            [
              3467.0296209843364,
              2578.060961932875
            ],
            [
              3472.239901514142,
              2561.372947218828
            ],
            [
              3424.3885524709476,
              2568.72020571772
            ],
            [
              3374.0075424413662,
              2573.4217653479427
            ],
            [
              3348.6714538625674,
              2581.38154330384
            ],
            [
              3353.789784039487,
              2600.5125231416896
            ],
            [
              3348.8889886026736,
              2654.3418883215636
            ],
            [
              3332.878550877096,
              2686.290782636963
            ],
            [
              3350.808258360368,
              2679.867174384184
            ],
            [
              3385.252053523669,
              2655.312251932919
            ]
          ]
        ]
      },
      "properties": {
        "id": "forest:way:1395397844",
        "tags": {
          "natural": "wood",
          "winter_sports_id": "1228774360",
          "winter_sports_name": "Killington Resort",
          "State": "Vermont",
          "Country": "United States of America",
          "Ski Area": "Killington Resort",
          "region": "north-america/us/vermont"
        },
        "natural": "wood"
      }
    },
    {
      "type": "Feature",
      "geometry": {
        "type": "Polygon",
        "coordinates": [
          [
            [
              3365.8066308338894,
              2734.872174461372
            ],
            [
              3389.227841558517,
              2741.754609552212
            ],
            [
              3418.6262146683875,
              2744.0508523387834
            ],
            [
              3444.6836035401793,
              2741.7233711797744
            ],
            [
              3475.419110263814,
              2742.3328371103853
            ],
            [
              3497.979167845915,
              2749.4038374833763
            ],
            [
              3526.4470642599044,
              2762.0454064132646
            ],
            [
              3563.2329751705984,
              2771.6528097493574
            ],
            [
              3588.1605586444493,
              2770.8072591274977
            ],
            [
              3615.540030671167,
              2767.659962444566
            ],
            [
              3641.8128946556244,
              2765.127832823433
            ],
            [
              3676.201784104691,
              2767.125138781965
            ],
            [
              3694.726756171556,
              2771.065839709714
            ],
            [
              3713.3848179755732,
              2786.0356155680493
            ],
            [
              3735.860001524794,
              2804.119520851411
            ],
            [
              3764.440431094379,
              2828.8353694127873
            ],
            [
              3783.791155320243,
              2850.5036329505965
            ],
            [
              3793.1517767028417,
              2856.8002559188753
            ],
            [
              3811.931603864883,
              2843.0540079344064
            ],
            [
              3836.2001906713704,
              2818.2402474666014
            ],
            [
              3854.9493158600526,
              2797.8024239614606
            ],
            [
              3873.3281447496265,
              2782.7563327252865
            ],
            [
              3907.0990836217534,
              2759.2640952887014
            ],
            [
              3915.6469071841566,
              2739.2091242447495
            ],
            [
              3931.3405635234667,
              2711.35420092009
            ],
            [
              3914.177179207094,
              2713.2621243251488
            ],
            [
              3882.833581394865,
              2710.9227640228346
            ],
            [
              3842.896980154328,
              2713.732988660224
            ],
            [
              3813.8808971247636,
              2721.592549989
            ],
            [
              3793.5195572444936,
              2721.6924958284944
            ],
            [
              3780.4454738334753,
              2708.394524834119
            ],
            [
              3776.66137645673,
              2679.5848588924855
            ],
            [
              3786.070498764515,
              2651.7727104583755
            ],
            [
              3787.8882343113655,
              2616.4220214094967
            ],
            [
              3783.877564565628,
              2604.233412313275
            ],
            [
              3764.1188835877692,
              2598.092190662399
            ],
            [
              3718.4990086845355,
              2602.9185007791966
            ],
            [
              3680.582788219792,
              2611.3965008240193
            ],
            [
              3662.81724425999,
              2611.355079486035
            ],
            [
              3652.3759541716427,
              2596.8273784592748
            ],
            [
              3650.699701939011,
              2562.250231584534
            ],
            [
              3646.814626102685,
              2529.336781695485
            ],
            [
              3626.0583789848024,
              2495.5390130421147
            ],
            [
              3608.4964708347106,
              2488.167714440264
            ],
            [
              3581.725681790267,
              2500.834142284468
            ],
            [
              3535.803673053393,
              2533.2839431352913
            ],
            [
              3513.3404941813787,
              2547.354948441498
            ],
            [
              3487.4876654505497,
              2558.323520832695
            ],
            [
              3480.9202417274937,
              2577.1425865711644
            ],
            [
              3458.9785614241846,
              2603.7535596694797
            ],
            [
              3430.895871993387,
              2633.223763759248
            ],
            [
              3399.8678378461627,
              2659.592357540503
            ],
            [
              3374.3132913344307,
              2675.7485796660185
            ],
            [
              3347.0585197090404,
              2690.559147601016
            ],
            [
              3327.0486113094958,
              2709.875472568907
            ],
            [
              3341.0788790044608,
              2719.752576984465
            ],
            [
              3365.8066308338894,
              2734.872174461372
            ]
          ]
        ]
      },
      "properties": {
        "id": "forest:way:1395397845",
        "tags": {
          "natural": "wood",
          "winter_sports_id": "1228774360",
          "winter_sports_name": "Killington Resort",
          "State": "Vermont",
          "Country": "United States of America",
          "Ski Area": "Killington Resort",
          "region": "north-america/us/vermont"
        },
        "natural": "wood"
      }
    },
    {
      "type": "Feature",
      "geometry": {
        "type": "Polygon",
        "coordinates": [
          [
            [
              3150.5346424502786,
              3009.723250555806
            ],
            [
              3157.9514843308134,
              3056.534469667822
            ],
            [
              3166.735774451983,
              3060.225201259367
            ],
            [
              3185.070992210647,
              3063.081377125345
            ],
            [
              3195.7597161507,
              3068.3344736136496
            ],
            [
              3204.2283688707976,
              3075.6845718752593
            ],
            [
              3215.003539550351,
              3077.6946192234755
            ],
            [
              3236.453785955906,
              3069.419636583887
            ],
            [
              3272.101529206615,
              3056.5553063452244
            ],
            [
              3295.7228550460422,
              3055.896173739806
            ],
            [
              3316.5016513926676,
              3056.450545553118
            ],
            [
              3343.949984377832,
              3042.5009008403867
            ],
            [
              3370.7800754237687,
              3019.0432052584365
            ],
            [
              3399.4881692329654,
              2998.4476685198024
            ],
            [
              3417.041343620629,
              2990.0692135579884
            ],
            [
              3454.120671023149,
              2980.478304435499
            ],
            [
              3477.480902725598,
              2981.7467228770256
            ],
            [
              3500.3938068737043,
              2983.436736012809
            ],
            [
              3541.173440156621,
              2972.878148681484
            ],
            [
              3570.772567787557,
              2967.6227099364623
            ],
            [
              3599.589033858734,
              2959.323375083506
            ],
            [
              3617.659159153118,
              2959.7173663275316
            ],
            [
              3645.247664608527,
              2944.7945799389854
            ],
            [
              3669.824244743795,
              2924.7343403501436
            ],
            [
              3713.7658356006723,
              2909.5043409708887
            ],
            [
              3740.226702044485,
              2892.073263128288
            ],
            [
              3772.647274244344,
              2878.269377194345
            ],
            [
              3783.8263938388554,
              2865.186680942774
            ],
            [
              3772.750448946841,
              2858.4107285635546
            ],
            [
              3736.8062660241267,
              2825.5066676326096
            ],
            [
              3672.0433588476153,
              2784.930347734131
            ],
            [
              3630.160208084504,
              2779.9208281505853
            ],
            [
              3578.3777433591895,
              2788.4622343527153
            ],
            [
              3529.5970561932772,
              2781.97979393322
            ],
            [
              3464.87689012161,
              2756.077660174109
            ],
            [
              3421.490193944541,
              2758.3759020725265
            ],
            [
              3367.462814501254,
              2753.9107891330495
            ],
            [
              3322.661659837817,
              2728.108208474703
            ],
            [
              3309.4817486840766,
              2735.092054022476
            ],
            [
              3259.676516603213,
              2767.006540321745
            ],
            [
              3204.0748120796634,
              2805.2353630112484
            ],
            [
              3167.804160839063,
              2849.603749651462
            ],
            [
              3139.446984223323,
              2905.8199275312945
            ],
            [
              3144.52017680218,
              2967.250674993731
            ],
            [
              3150.5346424502786,
              3009.723250555806
            ]
          ]
        ]
      },
      "properties": {
        "id": "forest:way:1395397846",
        "tags": {
          "natural": "wood",
          "winter_sports_id": "1228774360",
          "winter_sports_name": "Killington Resort",
          "State": "Vermont",
          "Country": "United States of America",
          "Ski Area": "Killington Resort",
          "region": "north-america/us/vermont"
        },
        "natural": "wood"
      }
    },
    {
      "type": "Feature",
      "geometry": {
        "type": "Polygon",
        "coordinates": [
          [
            [
              3366.3414286705665,
              3128.167716502212
            ],
            [
              3840.5823020813987,
              3126.7708384450525
            ],
            [
              3952.243977281265,
              3126.2254572184756
            ],
            [
              3974.0802468780894,
              3124.0760507164523
            ],
            [
              3993.1896407023305,
              3121.5313627393916
            ],
            [
              4004.961189674563,
              3115.5781186493114
            ],
            [
              4011.8900078207953,
              3098.080675277859
            ],
            [
              4024.500846881303,
              3084.914459561929
            ],
            [
              4043.750343802385,
              3083.1738992594182
            ],
            [
              4051.652518093819,
              3081.796241368167
            ],
            [
              4068.64018787269,
              3069.536487759091
            ],
            [
              4081.6151298386976,
              3060.8703515473753
            ],
            [
              4092.245648897486,
              3061.644243801944
            ],
            [
              4113.724890989601,
              3060.774983178824
            ],
            [
              4124.73028052866,
              3059.6139496993273
            ],
            [
              4117.447798460606,
              3054.4395085368305
            ],
            [
              4102.170798452222,
              3040.526070414111
            ],
            [
              4087.0810165147996,
              3025.6507332269102
            ],
            [
              4073.349608757184,
              3014.0238965013996
            ],
            [
              4063.322841276531,
              3009.0983083983883
            ],
            [
              4049.956717374851,
              3006.13943992462
            ],
            [
              4030.0412542567356,
              3001.682541621849
            ],
            [
              4018.31154278107,
              2990.087217476219
            ],
            [
              4002.608040202991,
              2992.9898200808093
            ],
            [
              3977.759582146653,
              2990.301525944844
            ],
            [
              3942.4010477972915,
              2979.0183449778706
            ],
            [
              3927.276857082732,
              2973.8564629983157
            ],
            [
              3910.8831339930184,
              2967.249103042297
            ],
            [
              3895.6597531981533,
              2952.215053267777
            ],
            [
              3888.6878177406034,
              2940.8584700524807
            ],
            [
              3886.870069631841,
              2924.293821398169
            ],
            [
              3877.00600163138,
              2909.6588993771
            ],
            [
              3865.6330398198916,
              2902.219085244462
            ],
            [
              3845.1818791989936,
              2895.736718921922
            ],
            [
              3831.643312669592,
              2888.950338538736
            ],
            [
              3823.6748023852706,
              2883.746770582162
            ],
            [
              3813.5008525727317,
              2876.461389333941
            ],
            [
              3807.4258295426844,
              2875.9432011898607
            ],
            [
              3790.8573585645063,
              2875.8556263381615
            ],
            [
              3776.297364895465,
              2885.213472414762
            ],
            [
              3763.251589852851,
              2891.399790354073
            ],
            [
              3748.8283061104594,
              2895.648731793277
            ],
            [
              3738.175893465872,
              2901.4211870878935
            ],
            [
              3719.9425877904287,
              2914.370889415033
            ],
            [
              3708.2122722190106,
              2920.5924844462425
            ],
            [
              3681.9665778649505,
              2929.9826204543933
            ],
            [
              3665.8304280263837,
              2940.0098741278052
            ],
            [
              3638.711352278013,
              2959.724308106117
            ],
            [
              3626.162795566255,
              2965.4462499031797
            ],
            [
              3605.7790968023473,
              2964.9014924019575
            ],
            [
              3591.340059681912,
              2969.7505134204403
            ],
            [
              3564.554568821797,
              2976.9927063025534
            ],
            [
              3530.6702697833534,
              2982.1448150184005
            ],
            [
              3507.9544954947196,
              2988.7957365848124
            ],
            [
              3494.550551613909,
              2990.57169856783
            ],
            [
              3481.2352998122806,
              2989.0268613193184
            ],
            [
              3458.8215529782465,
              2988.9062515320256
            ],
            [
              3444.5001196759986,
              2989.3574341302738
            ],
            [
              3418.457403686247,
              2999.943221444264
            ],
            [
              3395.745761252474,
              3010.984793536365
            ],
            [
              3369.275637791492,
              3028.817026271485
            ],
            [
              3349.79662031529,
              3052.7820956204087
            ],
            [
              3337.1613078898517,
              3061.469771304168
            ],
            [
              3320.68779094622,
              3066.6207234309986
            ],
            [
              3304.073854503804,
              3067.955747311935
            ],
            [
              3279.653938382049,
              3067.070879889652
            ],
            [
              3265.621399334632,
              3070.019753589295
            ],
            [
              3240.0838377474574,
              3079.552698862739
            ],
            [
              3222.773579292232,
              3089.438506291248
            ],
            [
              3204.4397731097415,
              3088.3494397671893
            ],
            [
              3191.942284558201,
              3082.7924702437595
            ],
            [
              3181.15815372637,
              3075.969713587314
            ],
            [
              3174.954630893655,
              3076.0377240637317
            ],
            [
              3243.2745366280433,
              3120.9942617397755
            ],
            [
              3251.6668314639246,
              3126.9642120832577
            ],
            [
              3366.3414286705665,
              3128.167716502212
            ]
          ]
        ]
      },
      "properties": {
        "id": "forest:way:1395519996",
        "tags": {
          "natural": "wood",
          "winter_sports_id": "1228774360",
          "winter_sports_name": "Killington Resort",
          "State": "Vermont",
          "Country": "United States of America",
          "Ski Area": "Killington Resort",
          "region": "north-america/us/vermont"
        },
        "natural": "wood"
      }
    },
    {
      "type": "Feature",
      "geometry": {
        "type": "Polygon",
        "coordinates": [
          [
            [
              4128.42720986146,
              3126.2550909770653
            ],
            [
              4295.431794438744,
              3120.7748545659706
            ],
            [
              4528.750617345679,
              3122.5147749977186
            ],
            [
              4525.28059298906,
              3099.5813440512866
            ],
            [
              4518.038660770981,
              3073.367864623666
            ],
            [
              4493.43867718277,
              3025.659641891718
            ],
            [
              4463.828551357263,
              2987.0864538280293
            ],
            [
              4444.31243157119,
              2961.44377966132
            ],
            [
              4437.356574969483,
              2958.545101739466
            ],
            [
              4392.452807051013,
              2965.0308885406703
            ],
            [
              4343.36463110277,
              2975.4836863484234
            ],
            [
              4229.535353629501,
              3021.5115153463557
            ],
            [
              4146.32924913906,
              3060.3040211787447
            ],
            [
              4127.913894766592,
              3065.8677820991725
            ],
            [
              4089.479394830414,
              3067.5385603643954
            ],
            [
              4076.185589999659,
              3071.2279923409224
            ],
            [
              4065.2600480193505,
              3080.260250958614
            ],
            [
              4048.3051893255906,
              3089.18656561058
            ],
            [
              4030.6803021937376,
              3090.570513022132
            ],
            [
              4022.0736437516753,
              3096.2417165143415
            ],
            [
              4015.2535311975516,
              3110.885658370331
            ],
            [
              4009.522179800784,
              3122.8690804382786
            ],
            [
              4011.5523533941014,
              3125.1574564827606
            ],
            [
              4128.42720986146,
              3126.2550909770653
            ]
          ]
        ]
      },
      "properties": {
        "id": "forest:way:1395519997",
        "tags": {
          "natural": "wood",
          "winter_sports_id": "1228774360",
          "winter_sports_name": "Killington Resort",
          "State": "Vermont",
          "Country": "United States of America",
          "Ski Area": "Killington Resort",
          "region": "north-america/us/vermont"
        },
        "natural": "wood"
      }
    },
    {
      "type": "Feature",
      "geometry": {
        "type": "Polygon",
        "coordinates": [
          [
            [
              4645.693410671665,
              3090.4687719549984
            ],
            [
              4640.347321924521,
              3082.6672012647614
            ],
            [
              4627.1352827914525,
              3065.2736057993025
            ],
            [
              4609.879472839297,
              3039.6911486312747
            ],
            [
              4590.622382449568,
              3008.942313719541
            ],
            [
              4572.67471503804,
              2976.9394494397566
            ],
            [
              4560.142514917417,
              2966.388555935584
            ],
            [
              4537.747490182635,
              2956.8397882655263
            ],
            [
              4520.778405537247,
              2952.1271386658773
            ],
            [
              4499.876890162821,
              2950.709942791611
            ],
            [
              4480.617229682859,
              2951.9043415291235
            ],
            [
              4466.867396655376,
              2954.5137903597206
            ],
            [
              4463.271144306171,
              2961.2303839996457
            ],
            [
              4465.64312686678,
              2968.5295844953507
            ],
            [
              4478.859041958465,
              2985.5005796030164
            ],
            [
              4497.871867533191,
              3009.4293377744034
            ],
            [
              4511.860068429727,
              3029.811059517786
            ],
            [
              4527.741628255695,
              3058.7684659408405
            ],
            [
              4536.410697061685,
              3086.2651138193905
            ],
            [
              4542.300265014055,
              3121.3338579619303
            ],
            [
              4647.855417864746,
              3121.1917164064944
            ],
            [
              4645.693410671665,
              3090.4687719549984
            ]
          ]
        ]
      },
      "properties": {
        "id": "forest:way:1395519998",
        "tags": {
          "natural": "wood",
          "winter_sports_id": "1228774360",
          "winter_sports_name": "Killington Resort",
          "State": "Vermont",
          "Country": "United States of America",
          "Ski Area": "Killington Resort",
          "region": "north-america/us/vermont"
        },
        "natural": "wood"
      }
    },
    {
      "type": "Feature",
      "geometry": {
        "type": "Polygon",
        "coordinates": [
          [
            [
              2400.042943864595,
              3140.5473668910563
            ],
            [
              2439.1739163635066,
              3104.6757369339466
            ],
            [
              2463.410748771159,
              3074.4327315920964
            ],
            [
              2462.4826534464955,
              3066.505841553211
            ],
            [
              2440.824016779312,
              3056.5169710740447
            ],
            [
              2398.075066738529,
              3058.016177990474
            ],
            [
              2363.348649168038,
              3042.023546206765
            ],
            [
              2334.476311920909,
              3019.0399692608044
            ],
            [
              2316.352880547405,
              2989.9287799997255
            ],
            [
              2301.588192575844,
              2976.3555639320984
            ],
            [
              2293.815348788514,
              2984.4405933441594
            ],
            [
              2300.478027682635,
              3004.200657825917
            ],
            [
              2322.108627959271,
              3029.2592397117987
            ],
            [
              2335.905694115092,
              3121.895893111825
            ],
            [
              2344.6870621821145,
              3175.6107351137325
            ],
            [
              2368.9228098369204,
              3159.6825635423884
            ],
            [
              2400.042943864595,
              3140.5473668910563
            ]
          ]
        ]
      },
      "properties": {
        "id": "forest:way:1395520732",
        "tags": {
          "natural": "wood",
          "winter_sports_id": "1228774360",
          "winter_sports_name": "Killington Resort",
          "State": "Vermont",
          "Country": "United States of America",
          "Ski Area": "Killington Resort",
          "region": "north-america/us/vermont"
        },
        "natural": "wood"
      }
    },
    {
      "type": "Feature",
      "geometry": {
        "type": "Polygon",
        "coordinates": [
          [
            [
              2636.4547557209153,
              3324.3334447266534
            ],
            [
              2683.0442136427155,
              3312.5683241067454
            ],
            [
              2776.530264125555,
              3277.2104650354013
            ],
            [
              2803.254145796527,
              3265.217790910043
            ],
            [
              2831.5501009160653,
              3205.0754192303866
            ],
            [
              2729.0057871282334,
              3190.521876207553
            ],
            [
              2654.9995227101026,
              3151.3101283945143
            ],
            [
              2626.5703809513943,
              3138.4398758225143
            ],
            [
              2554.236825116328,
              3125.2811780730262
            ],
            [
              2476.0766348106554,
              3175.53106018994
            ],
            [
              2467.7298376903636,
              3266.346407902427
            ],
            [
              2490.261026991997,
              3322.805144247599
            ],
            [
              2545.02771220624,
              3326.9274095315486
            ],
            [
              2636.4547557209153,
              3324.3334447266534
            ]
          ]
        ]
      },
      "properties": {
        "id": "forest:way:1395520733",
        "tags": {
          "natural": "wood",
          "winter_sports_id": "1228774360",
          "winter_sports_name": "Killington Resort",
          "State": "Vermont",
          "Country": "United States of America",
          "Ski Area": "Killington Resort",
          "region": "north-america/us/vermont"
        },
        "natural": "wood"
      }
    },
    {
      "type": "Feature",
      "geometry": {
        "type": "Polygon",
        "coordinates": [
          [
            [
              2210.8769181962125,
              3245.3595911432058
            ],
            [
              2194.6177793418756,
              3247.051274737343
            ],
            [
              2193.3420886197127,
              3254.9641366414726
            ],
            [
              2195.1203070579795,
              3267.9927289588377
            ],
            [
              2211.224953462952,
              3292.526582892053
            ],
            [
              2212.722703962936,
              3306.0812297221273
            ],
            [
              2266.0387266384205,
              3330.8019052892923
            ],
            [
              2284.1680462656077,
              3338.9627949548885
            ],
            [
              2303.915329686366,
              3336.052404782735
            ],
            [
              2322.550319938804,
              3325.154745524749
            ],
            [
              2341.1376594839385,
              3295.972908250056
            ],
            [
              2348.340627356898,
              3274.969163042493
            ],
            [
              2317.348949371488,
              3280.7708575110883
            ],
            [
              2210.8769181962125,
              3245.3595911432058
            ]
          ]
        ]
      },
      "properties": {
        "id": "forest:way:1395520734",
        "tags": {
          "natural": "wood",
          "winter_sports_id": "1228774360",
          "winter_sports_name": "Killington Resort",
          "State": "Vermont",
          "Country": "United States of America",
          "Ski Area": "Killington Resort",
          "region": "north-america/us/vermont"
        },
        "natural": "wood"
      }
    },
    {
      "type": "Feature",
      "geometry": {
        "type": "Polygon",
        "coordinates": [
          [
            [
              2337.052563507692,
              3331.2411977360025
            ],
            [
              2309.348357707262,
              3361.35924476292
            ],
            [
              2299.3987680485006,
              3382.112320471555
            ],
            [
              2310.0827160465997,
              3444.757921550423
            ],
            [
              2314.911481348914,
              3484.919628179632
            ],
            [
              2326.4761546830414,
              3577.041461084038
            ],
            [
              2327.3270708232885,
              3656.0309140002355
            ],
            [
              2322.399066307931,
              3674.994445852004
            ],
            [
              2294.5708051299443,
              3723.836736848578
            ],
            [
              2280.5171739959624,
              3753.2167372507975
            ],
            [
              2281.389911585953,
              3776.0130249317735
            ],
            [
              2294.296102234046,
              3789.570339289494
            ],
            [
              2297.3627370815957,
              3826.751141523011
            ],
            [
              2317.657041560742,
              3828.123264312744
            ],
            [
              2337.138012925978,
              3837.931823402643
            ],
            [
              2390.1975806676783,
              3328.6172601422295
            ],
            [
              2358.625689980807,
              3323.733656734228
            ],
            [
              2337.052563507692,
              3331.2411977360025
            ]
          ]
        ]
      },
      "properties": {
        "id": "forest:way:1395525400",
        "tags": {
          "natural": "wood",
          "winter_sports_id": "1228774360",
          "winter_sports_name": "Killington Resort",
          "State": "Vermont",
          "Country": "United States of America",
          "Ski Area": "Killington Resort",
          "region": "north-america/us/vermont"
        },
        "natural": "wood"
      }
    },
    {
      "type": "Feature",
      "geometry": {
        "type": "Polygon",
        "coordinates": [
          [
            [
              2044.9748234372819,
              3407.6758161075413
            ],
            [
              2081.74923044967,
              3428.300213145092
            ],
            [
              2097.9467772830976,
              3457.2486171582714
            ],
            [
              2093.8138385952916,
              3461.162440060638
            ],
            [
              2063.694327301928,
              3453.5957026788965
            ],
            [
              2031.552964663715,
              3442.1855847965926
            ],
            [
              2025.0828442887869,
              3446.237586528063
            ],
            [
              2027.14612674003,
              3456.439545008354
            ],
            [
              2029.525707368739,
              3462.6265303771943
            ],
            [
              2037.2624538926175,
              3466.843741298653
            ],
            [
              2043.0503573296592,
              3480.3119451561943
            ],
            [
              2087.1382794152014,
              3529.0269225211814
            ],
            [
              2118.492335731047,
              3570.424935261719
            ],
            [
              2170.907500605448,
              3656.7607346475124
            ],
            [
              2209.521172859473,
              3712.0889651421458
            ],
            [
              2243.9698309765663,
              3796.2596272248775
            ],
            [
              2259.4834839971736,
              3826.8797548487782
            ],
            [
              2266.870414470788,
              3828.1315891565755
            ],
            [
              2270.451998696779,
              3821.257968253456
            ],
            [
              2266.9188017494744,
              3802.570061072707
            ],
            [
              2253.832862467156,
              3760.177631395869
            ],
            [
              2283.088398364489,
              3680.6532333819196
            ],
            [
              2298.5757841335144,
              3672.406153297983
            ],
            [
              2305.2515768714948,
              3644.4753156984225
            ],
            [
              2305.0798869071295,
              3611.0835054470226
            ],
            [
              2302.0284625345375,
              3574.236548759043
            ],
            [
              2290.3778710956685,
              3509.6869813296944
            ],
            [
              2286.421657839557,
              3499.023468042724
            ],
            [
              2114.6266244938597,
              3404.0200143363327
            ],
            [
              2022.309633235447,
              3358.89514452219
            ],
            [
              1993.2298665193375,
              3351.9898094562814
            ],
            [
              2017.2458828679519,
              3365.9407994728535
            ],
            [
              2044.9748234372819,
              3407.6758161075413
            ]
          ]
        ]
      },
      "properties": {
        "id": "forest:way:1395525401",
        "tags": {
          "natural": "wood",
          "winter_sports_id": "1228774360",
          "winter_sports_name": "Killington Resort",
          "State": "Vermont",
          "Country": "United States of America",
          "Ski Area": "Killington Resort",
          "region": "north-america/us/vermont"
        },
        "natural": "wood"
      }
    },
    {
      "type": "Feature",
      "geometry": {
        "type": "Polygon",
        "coordinates": [
          [
            [
              2091.246776415035,
              3668.9196721259505
            ],
            [
              2108.11588269996,
              3734.9519684826955
            ],
            [
              2170.945962091326,
              3774.3728028824553
            ],
            [
              2247.112118881196,
              3841.555811694823
            ],
            [
              2212.0440912455088,
              3784.098479853943
            ],
            [
              2196.680645308923,
              3734.7104832921177
            ],
            [
              2121.3301252844976,
              3612.323072275147
            ],
            [
              2094.3204019558616,
              3569.0951756089926
            ],
            [
              2069.957882270799,
              3540.8306431230158
            ],
            [
              2050.0278195801657,
              3524.764832202345
            ],
            [
              2044.5579218823696,
              3543.1806837087497
            ],
            [
              2091.246776415035,
              3668.9196721259505
            ]
          ]
        ]
      },
      "properties": {
        "id": "forest:way:1395525402",
        "tags": {
          "natural": "wood",
          "winter_sports_id": "1228774360",
          "winter_sports_name": "Killington Resort",
          "State": "Vermont",
          "Country": "United States of America",
          "Ski Area": "Killington Resort",
          "region": "north-america/us/vermont"
        },
        "natural": "wood"
      }
    },
    {
      "type": "Feature",
      "geometry": {
        "type": "Polygon",
        "coordinates": [
          [
            [
              2124.1829273171024,
              3813.255434700288
            ],
            [
              2140.077091988176,
              3934.9111015805975
            ],
            [
              2148.1050602701725,
              3953.3957918006927
            ],
            [
              2187.199133430957,
              3950.053442423232
            ],
            [
              2228.924699936877,
              3925.4306192183867
            ],
            [
              2269.764859166811,
              3914.4106404790655
            ],
            [
              2262.3472543678945,
              3871.7128814766183
            ],
            [
              2249.4593265977455,
              3861.123614688404
            ],
            [
              2208.9443435458234,
              3826.995112756267
            ],
            [
              2154.8013631652575,
              3776.0564356790856
            ],
            [
              2128.9361793827266,
              3770.402627667412
            ],
            [
              2121.5640847781906,
              3785.6448933584616
            ],
            [
              2124.1829273171024,
              3813.255434700288
            ]
          ]
        ]
      },
      "properties": {
        "id": "forest:way:1395525403",
        "tags": {
          "natural": "wood",
          "winter_sports_id": "1228774360",
          "winter_sports_name": "Killington Resort",
          "State": "Vermont",
          "Country": "United States of America",
          "Ski Area": "Killington Resort",
          "region": "north-america/us/vermont"
        },
        "natural": "wood"
      }
    },
    {
      "type": "Feature",
      "geometry": {
        "type": "Polygon",
        "coordinates": [
          [
            [
              2232.2899924680823,
              3974.189257272519
            ],
            [
              2248.489298477187,
              3938.775486325845
            ],
            [
              2219.94768851914,
              3949.732794317417
            ],
            [
              2202.6571752439486,
              3959.9327625427395
            ],
            [
              2201.649173364858,
              3971.453747083433
            ],
            [
              2213.175529162283,
              3986.797064786777
            ],
            [
              2219.779531106353,
              3989.2506594359875
            ],
            [
              2232.2899924680823,
              3974.189257272519
            ]
          ]
        ]
      },
      "properties": {
        "id": "forest:way:1395525404",
        "tags": {
          "natural": "wood",
          "winter_sports_id": "1228774360",
          "winter_sports_name": "Killington Resort",
          "State": "Vermont",
          "Country": "United States of America",
          "Ski Area": "Killington Resort",
          "region": "north-america/us/vermont"
        },
        "natural": "wood"
      }
    },
    {
      "type": "Feature",
      "geometry": {
        "type": "Polygon",
        "coordinates": [
          [
            [
              2214.9330373962875,
              4013.07334706001
            ],
            [
              2191.29648992233,
              3971.5237178737298
            ],
            [
              2189.63344247872,
              3961.1655773567036
            ],
            [
              2166.4591743147466,
              3968.2420885842294
            ],
            [
              2168.3484388164943,
              3983.1630670400336
            ],
            [
              2199.314548459137,
              4026.296288867481
            ],
            [
              2208.9779940390727,
              4026.030225458555
            ],
            [
              2214.9330373962875,
              4013.07334706001
            ]
          ]
        ]
      },
      "properties": {
        "id": "forest:way:1395525405",
        "tags": {
          "natural": "wood",
          "winter_sports_id": "1228774360",
          "winter_sports_name": "Killington Resort",
          "State": "Vermont",
          "Country": "United States of America",
          "Ski Area": "Killington Resort",
          "region": "north-america/us/vermont"
        },
        "natural": "wood"
      }
    },
    {
      "type": "Feature",
      "geometry": {
        "type": "Polygon",
        "coordinates": [
          [
            [
              2316.231192296953,
              4125.225534184836
            ],
            [
              2339.011718430207,
              3911.224619540386
            ],
            [
              2329.603821832454,
              3908.852090528235
            ],
            [
              2304.7854285035282,
              3923.4088667305186
            ],
            [
              2288.527563543874,
              3931.5020883372054
            ],
            [
              2283.25867961545,
              3945.9775447687134
            ],
            [
              2277.1508875178406,
              3968.9442758364603
            ],
            [
              2285.1464173889253,
              3984.0717837987468
            ],
            [
              2304.957583968877,
              4014.5838134512305
            ],
            [
              2283.015980850556,
              4018.4139222381637
            ],
            [
              2273.8544578058645,
              4024.1058475086465
            ],
            [
              2265.4632732414175,
              4040.9324937630445
            ],
            [
              2275.5521567334654,
              4075.1431716987863
            ],
            [
              2267.5440191298258,
              4129.568445452489
            ],
            [
              2272.597859432106,
              4203.8236348303035
            ],
            [
              2288.108914209879,
              4189.16428177245
            ],
            [
              2316.231192296953,
              4125.225534184836
            ]
          ]
        ]
      },
      "properties": {
        "id": "forest:way:1395525406",
        "tags": {
          "natural": "wood",
          "winter_sports_id": "1228774360",
          "winter_sports_name": "Killington Resort",
          "State": "Vermont",
          "Country": "United States of America",
          "Ski Area": "Killington Resort",
          "region": "north-america/us/vermont"
        },
        "natural": "wood"
      }
    },
    {
      "type": "Feature",
      "geometry": {
        "type": "Polygon",
        "coordinates": [
          [
            [
              2446.451801098883,
              4221.042723045684
            ],
            [
              2455.454035885632,
              4208.578203713521
            ],
            [
              2467.0942321935436,
              4202.2744013201445
            ],
            [
              2459.694808278,
              4183.272465650924
            ],
            [
              2472.705203374033,
              4173.715236520395
            ],
            [
              2507.8181329773506,
              4167.023685436696
            ],
            [
              2529.101419716375,
              4172.157189302146
            ],
            [
              2586.214997423929,
              4162.749757028185
            ],
            [
              2606.526702151634,
              4147.029476894066
            ],
            [
              2618.0720661357045,
              4134.888392152265
            ],
            [
              2547.1029851705534,
              4127.9116330798715
            ],
            [
              2477.614240724477,
              4132.678306964226
            ],
            [
              2457.382587407599,
              4126.550394676626
            ],
            [
              2431.7895994823193,
              4139.585673816502
            ],
            [
              2411.947778005153,
              4166.5110253840685
            ],
            [
              2419.909619684564,
              4183.493920701556
            ],
            [
              2419.0962143457728,
              4233.27544336766
            ],
            [
              2430.302086853073,
              4224.170360169373
            ],
            [
              2446.451801098883,
              4221.042723045684
            ]
          ]
        ]
      },
      "properties": {
        "id": "forest:way:1395525407",
        "tags": {
          "natural": "wood",
          "winter_sports_id": "1228774360",
          "winter_sports_name": "Killington Resort",
          "State": "Vermont",
          "Country": "United States of America",
          "Ski Area": "Killington Resort",
          "region": "north-america/us/vermont"
        },
        "natural": "wood"
      }
    },
    {
      "type": "Feature",
      "geometry": {
        "type": "Polygon",
        "coordinates": [
          [
            [
              2616.287857177318,
              4120.914733815938
            ],
            [
              2659.9177436259342,
              4121.563547153957
            ],
            [
              2689.4935159373563,
              4133.353264788166
            ],
            [
              2689.9715350646293,
              4166.075397936627
            ],
            [
              2686.2130048174877,
              4199.929656528868
            ],
            [
              2657.6320308737922,
              4215.107476803474
            ],
            [
              2647.4281803589547,
              4226.595076659694
            ],
            [
              2651.7494883524487,
              4245.348684516735
            ],
            [
              2670.8285628792364,
              4268.384772931226
            ],
            [
              2662.3666888042353,
              4283.286312704906
            ],
            [
              2651.5609754779143,
              4301.015253633261
            ],
            [
              2671.499164089095,
              4316.027438281104
            ],
            [
              2681.2726471718634,
              4324.967655871995
            ],
            [
              2720.9603656997206,
              4314.119915736839
            ],
            [
              2719.4090548102977,
              4299.596690738574
            ],
            [
              2709.4071087115444,
              4287.104872989468
            ],
            [
              2717.648390911636,
              4268.663165973499
            ],
            [
              2733.92391618446,
              4251.402153385803
            ],
            [
              2756.330994517193,
              4234.615519626997
            ],
            [
              2787.105818752316,
              4225.898343306035
            ],
            [
              2846.179797903984,
              4220.190798046999
            ],
            [
              2890.691785913543,
              4206.793887839653
            ],
            [
              2920.75382880948,
              4203.026436012238
            ],
            [
              2937.2751896086847,
              4207.178637882695
            ],
            [
              2941.7519066545647,
              4216.733945011161
            ],
            [
              2934.3139764006482,
              4259.24823310785
            ],
            [
              2942.3752525994787,
              4257.895822708495
            ],
            [
              2952.664746227325,
              4237.452770189382
            ],
            [
              2962.4516012084205,
              4196.479273304343
            ],
            [
              2982.564411748317,
              4165.528144182637
            ],
            [
              2999.3991050276672,
              4126.709689240903
            ],
            [
              3013.816353639704,
              4105.59868642129
            ],
            [
              3020.4377317248145,
              4094.6607741229236
            ],
            [
              3037.100767980097,
              4084.1127092624083
            ],
            [
              3046.1512801378267,
              4068.371469362639
            ],
            [
              3053.7593391248956,
              4054.647951196879
            ],
            [
              3076.1967666408746,
              4054.045605824329
            ],
            [
              3114.9178109125933,
              4050.7765253987163
            ],
            [
              3133.2548209102824,
              4052.554670561105
            ],
            [
              3137.4326360172126,
              4046.3642247207463
            ],
            [
              3134.181258843164,
              4033.251515761949
            ],
            [
              3080.742574115633,
              3986.791609211825
            ],
            [
              3055.1661351470975,
              3963.081030856818
            ],
            [
              3036.75564399187,
              3928.9028559727594
            ],
            [
              3017.5391221841564,
              3912.2416924117133
            ],
            [
              2995.302243758575,
              3898.9344551796094
            ],
            [
              2950.892891742522,
              3882.624917089008
            ],
            [
              2937.447306806571,
              3875.731600664556
            ],
            [
              2906.5336280188058,
              3890.201706313528
            ],
            [
              2879.9199388014385,
              3892.071638468653
            ],
            [
              2864.467146321549,
              3889.604105520062
            ],
            [
              2844.1398897665786,
              3875.8258534399793
            ],
            [
              2824.5398758318042,
              3873.2480275621638
            ],
            [
              2809.12434399256,
              3875.7497171526775
            ],
            [
              2781.011052478687,
              3882.3926336327568
            ],
            [
              2770.027436206583,
              3886.7461710171774
            ],
            [
              2751.2952453343896,
              3897.0731365587562
            ],
            [
              2719.3711965430994,
              3897.9466252774
            ],
            [
              2675.071248625987,
              3896.9351442046463
            ],
            [
              2645.29096347827,
              3888.2410073997453
            ],
            [
              2631.579715523403,
              3871.894101447426
            ],
            [
              2630.8753481273307,
              3840.07736185845
            ],
            [
              2627.8366809238214,
              3811.6328857541084
            ],
            [
              2611.1045549763367,
              3792.2826664559543
            ],
            [
              2599.7004107484827,
              3779.953861217946
            ],
            [
              2580.8848646658007,
              3767.594812307507
            ],
            [
              2552.468745466089,
              3720.6041952017695
            ],
            [
              2522.6541141294874,
              3687.336055982858
            ],
            [
              2493.814341380843,
              3669.0315607422963
            ],
            [
              2464.099409419694,
              3618.917112913914
            ],
            [
              2454.9342135939514,
              3646.0037167333066
            ],
            [
              2446.9281674302183,
              3706.9752104878426
            ],
            [
              2442.7181659355992,
              3781.284631301649
            ],
            [
              2438.629654346383,
              3876.5588233815506
            ],
            [
              2433.3620452636387,
              3984.0051988093182
            ],
            [
              2425.401059861295,
              4056.670146885328
            ],
            [
              2477.1695373242255,
              4118.417971568182
            ],
            [
              2547.0453059689607,
              4114.283970932476
            ],
            [
              2616.287857177318,
              4120.914733815938
            ]
          ]
        ]
      },
      "properties": {
        "id": "forest:way:1395525408",
        "tags": {
          "natural": "wood",
          "winter_sports_id": "1228774360",
          "winter_sports_name": "Killington Resort",
          "State": "Vermont",
          "Country": "United States of America",
          "Ski Area": "Killington Resort",
          "region": "north-america/us/vermont"
        },
        "natural": "wood"
      }
    },
    {
      "type": "Feature",
      "geometry": {
        "type": "Polygon",
        "coordinates": [
          [
            [
              2556.818801536341,
              3700.6251522591338
            ],
            [
              2593.8541849091416,
              3760.226195187308
            ],
            [
              2641.699138924014,
              3802.2541893171147
            ],
            [
              2651.701770357322,
              3864.860253812745
            ],
            [
              2666.0681828086963,
              3882.6805979507044
            ],
            [
              2727.9313840699615,
              3889.082819062285
            ],
            [
              2804.3740610908717,
              3865.2314163474366
            ],
            [
              2845.8271546575706,
              3861.577748466283
            ],
            [
              2874.016238992219,
              3878.1771625811234
            ],
            [
              2897.39631275204,
              3876.1544204987586
            ],
            [
              2936.4057964930544,
              3864.5117345266044
            ],
            [
              3034.919564493932,
              3907.81448690407
            ],
            [
              3060.3810305381194,
              3947.059755655937
            ],
            [
              3114.492220849381,
              4005.563123925589
            ],
            [
              3148.593570376048,
              4038.6928255790845
            ],
            [
              3148.213613148313,
              4052.942407873459
            ],
            [
              3174.6401864479994,
              4095.9150030324236
            ],
            [
              3199.762344210292,
              4147.822219343856
            ],
            [
              3222.8716202616924,
              4154.106976324692
            ],
            [
              3237.914544835454,
              4187.951403065585
            ],
            [
              3257.5322802524315,
              4202.234397349879
            ],
            [
              3253.4791556670098,
              4211.617920618504
            ],
            [
              3204.3093106648885,
              4234.035335353576
            ],
            [
              3215.042803507182,
              4242.379565580748
            ],
            [
              3255.0462072816445,
              4223.996677647345
            ],
            [
              3265.784188759746,
              4223.093958327547
            ],
            [
              3267.811496193288,
              4245.454588471912
            ],
            [
              3270.5616439258447,
              4276.125827931799
            ],
            [
              3285.4886060802964,
              4287.671877284534
            ],
            [
              3291.4757351925364,
              4313.216880012304
            ],
            [
              3299.05993018602,
              4323.388882795349
            ],
            [
              3308.2922293619486,
              4316.277577906847
            ],
            [
              3314.1942636234453,
              4300.541556335054
            ],
            [
              3315.7585248530377,
              4259.782448319718
            ],
            [
              3330.5561327018077,
              4240.482761915773
            ],
            [
              3353.0345122209983,
              4236.814901061356
            ],
            [
              3396.2856678877724,
              4275.2139838878065
            ],
            [
              3412.303559165448,
              4281.5768141988665
            ],
            [
              3425.769026563852,
              4241.124423117377
            ],
            [
              3439.7424258940155,
              4234.862345429137
            ],
            [
              3463.89506483241,
              4204.187158069573
            ],
            [
              3485.3252785535296,
              4195.0345666743815
            ],
            [
              3492.026533638709,
              4175.996826109476
            ],
            [
              3481.3495259910123,
              4147.714442609809
            ],
            [
              3471.5946656124434,
              4112.110108709894
            ],
            [
              3465.1626435414655,
              4067.56967773661
            ],
            [
              3442.694218437886,
              4026.402056608349
            ],
            [
              3429.643135516206,
              3989.0426219068468
            ],
            [
              3400.0921762594953,
              3954.565833793953
            ],
            [
              3362.078536390676,
              3898.0346551109105
            ],
            [
              3326.57247138198,
              3854.61892235931
            ],
            [
              3303.428603690001,
              3820.5470354324207
            ],
            [
              3261.1257960905787,
              3790.9544194368646
            ],
            [
              3207.658841864555,
              3751.561554627493
            ],
            [
              3174.2528302462306,
              3718.650235025212
            ],
            [
              3144.2658296149457,
              3682.2625501686707
            ],
            [
              3092.1348440164,
              3628.435448977165
            ],
            [
              3047.658651940408,
              3608.511425328441
            ],
            [
              2961.4684321371606,
              3554.967222865671
            ],
            [
              2917.8546351615805,
              3520.818519842811
            ],
            [
              2886.602005053195,
              3514.295940904878
            ],
            [
              2866.231193743064,
              3492.403082762845
            ],
            [
              2852.417870867648,
              3474.7193177919835
            ],
            [
              2827.522811177885,
              3461.7087704353034
            ],
            [
              2779.3740525573958,
              3463.5174017278478
            ],
            [
              2740.10230586736,
              3472.1977264685556
            ],
            [
              2699.3911970889894,
              3463.046006035991
            ],
            [
              2668.4545466575073,
              3426.402017876506
            ],
            [
              2660.1683375774883,
              3406.720582927577
            ],
            [
              2637.197030294803,
              3397.5630111554638
            ],
            [
              2609.6689377916045,
              3389.7181506315246
            ],
            [
              2579.2646082073916,
              3440.8805213160813
            ],
            [
              2560.212229080731,
              3449.854727493599
            ],
            [
              2530.4611099191243,
              3467.3361377110705
            ],
            [
              2512.0889480509795,
              3477.762287150137
            ],
            [
              2498.8817634446314,
              3508.964898386039
            ],
            [
              2471.339989458793,
              3607.7506226357073
            ],
            [
              2493.4912462161155,
              3646.238696497865
            ],
            [
              2556.818801536341,
              3700.6251522591338
            ]
          ]
        ]
      },
      "properties": {
        "id": "forest:way:1395525409",
        "tags": {
          "natural": "wood",
          "winter_sports_id": "1228774360",
          "winter_sports_name": "Killington Resort",
          "State": "Vermont",
          "Country": "United States of America",
          "Ski Area": "Killington Resort",
          "region": "north-america/us/vermont"
        },
        "natural": "wood"
      }
    },
    {
      "type": "Feature",
      "geometry": {
        "type": "Polygon",
        "coordinates": [
          [
            [
              905.4796145778382,
              1976.725705664605
            ],
            [
              903.668456162326,
              1973.121536293067
            ],
            [
              891.8429145612754,
              1970.4319715751335
            ],
            [
              880.0402666153386,
              1966.564935724251
            ],
            [
              871.0901290535694,
              1963.2508691158146
            ],
            [
              823.6044705176027,
              1959.1566068716347
            ],
            [
              785.6885213170899,
              1952.9358921200037
            ],
            [
              775.4877968641231,
              1951.722978822887
            ],
            [
              770.1584220230579,
              1955.3727609356865
            ],
            [
              772.3752628795337,
              1961.3659720653668
            ],
            [
              776.1659273814876,
              1962.1769415186718
            ],
            [
              791.32745868864,
              1982.96996593941
            ],
            [
              805.2785734382924,
              1995.428969568573
            ],
            [
              811.765764040756,
              2011.0148232355714
            ],
            [
              812.9548316780711,
              2029.062045452185
            ],
            [
              831.5997221583966,
              2035.0094400690868
            ],
            [
              859.1130655714078,
              2029.5648278528824
            ],
            [
              908.4507593653398,
              2017.5815363926813
            ],
            [
              905.6004195529968,
              1990.2436354868114
            ],
            [
              905.4796145778382,
              1976.725705664605
            ]
          ]
        ]
      },
      "properties": {
        "id": "forest:way:1395648395",
        "tags": {
          "natural": "wood",
          "winter_sports_id": "1228774360",
          "winter_sports_name": "Killington Resort",
          "State": "Vermont",
          "Country": "United States of America",
          "Ski Area": "Killington Resort",
          "region": "north-america/us/vermont"
        },
        "natural": "wood"
      }
    },
    {
      "type": "Feature",
      "geometry": {
        "type": "Polygon",
        "coordinates": [
          [
            [
              870.1588505262043,
              2088.904636953026
            ],
            [
              927.8640283433488,
              2039.4425936099142
            ],
            [
              916.9607144211186,
              2028.7195198889822
            ],
            [
              911.7184057706036,
              2029.0594785399735
            ],
            [
              889.1884222435765,
              2035.1017835680395
            ],
            [
              859.7597864936106,
              2041.2071906588972
            ],
            [
              830.9179048793158,
              2042.8158324873075
            ],
            [
              807.4873189348727,
              2047.1787171829492
            ],
            [
              799.1360973551637,
              2065.930859657936
            ],
            [
              821.5222545324359,
              2092.370990113355
            ],
            [
              825.7703038534382,
              2093.9053242439404
            ],
            [
              870.1588505262043,
              2088.904636953026
            ]
          ]
        ]
      },
      "properties": {
        "id": "forest:way:1395648396",
        "tags": {
          "natural": "wood",
          "winter_sports_id": "1228774360",
          "winter_sports_name": "Killington Resort",
          "State": "Vermont",
          "Country": "United States of America",
          "Ski Area": "Killington Resort",
          "region": "north-america/us/vermont"
        },
        "natural": "wood"
      }
    },
    {
      "type": "Feature",
      "geometry": {
        "type": "Polygon",
        "coordinates": [
          [
            [
              828.4199656076962,
              2101.554831353016
            ],
            [
              838.0434390766313,
              2115.8006091304123
            ],
            [
              860.439957166207,
              2096.7066813074052
            ],
            [
              828.4199656076962,
              2101.554831353016
            ]
          ]
        ]
      },
      "properties": {
        "id": "forest:way:1395648397",
        "tags": {
          "natural": "wood",
          "winter_sports_id": "1228774360",
          "winter_sports_name": "Killington Resort",
          "State": "Vermont",
          "Country": "United States of America",
          "Ski Area": "Killington Resort",
          "region": "north-america/us/vermont"
        },
        "natural": "wood"
      }
    },
    {
      "type": "Feature",
      "geometry": {
        "type": "Polygon",
        "coordinates": [
          [
            [
              790.1449100446189,
              2109.3283614572138
            ],
            [
              779.7201369946124,
              2116.645162001252
            ],
            [
              796.5225540790707,
              2147.195092770271
            ],
            [
              812.5125399980461,
              2136.4681709995493
            ],
            [
              790.1449100446189,
              2109.3283614572138
            ]
          ]
        ]
      },
      "properties": {
        "id": "forest:way:1395648398",
        "tags": {
          "natural": "wood",
          "winter_sports_id": "1228774360",
          "winter_sports_name": "Killington Resort",
          "State": "Vermont",
          "Country": "United States of America",
          "Ski Area": "Killington Resort",
          "region": "north-america/us/vermont"
        },
        "natural": "wood"
      }
    },
    {
      "type": "Feature",
      "geometry": {
        "type": "Polygon",
        "coordinates": [
          [
            [
              929.2650146497181,
              2012.9056315589696
            ],
            [
              938.5182519062655,
              2006.847450921312
            ],
            [
              942.3886768585071,
              1999.102752530016
            ],
            [
              951.519780061557,
              1993.6971063343808
            ],
            [
              959.4674534503138,
              1982.6254694238305
            ],
            [
              921.8835621566977,
              1976.9906445546076
            ],
            [
              913.9330239119008,
              1992.1633523115888
            ],
            [
              917.4024459907087,
              1999.6566420299932
            ],
            [
              918.4374521166319,
              2010.964695589617
            ],
            [
              923.1662649995415,
              2012.6451100027189
            ],
            [
              929.2650146497181,
              2012.9056315589696
            ]
          ]
        ]
      },
      "properties": {
        "id": "forest:way:1395648399",
        "tags": {
          "natural": "wood",
          "winter_sports_id": "1228774360",
          "winter_sports_name": "Killington Resort",
          "State": "Vermont",
          "Country": "United States of America",
          "Ski Area": "Killington Resort",
          "region": "north-america/us/vermont"
        },
        "natural": "wood"
      }
    },
    {
      "type": "Feature",
      "geometry": {
        "type": "Polygon",
        "coordinates": [
          [
            [
              957.9590779101709,
              2014.772229607217
            ],
            [
              965.3732546170941,
              2002.797429270111
            ],
            [
              968.9245112773497,
              1994.5997789334506
            ],
            [
              967.7092095060507,
              1990.1443736851215
            ],
            [
              963.627565337345,
              1989.0366680566221
            ],
            [
              958.2040690345457,
              1992.8838817272335
            ],
            [
              952.6827664986486,
              2000.1405567340553
            ],
            [
              943.8967554654228,
              2009.311851981096
            ],
            [
              933.9655852693832,
              2015.3521840069443
            ],
            [
              930.8781517794123,
              2018.8163325395435
            ],
            [
              934.1588475930039,
              2029.1832203930244
            ],
            [
              937.8696455858881,
              2031.4925871966407
            ],
            [
              947.8385053245584,
              2024.019533764571
            ],
            [
              957.9590779101709,
              2014.772229607217
            ]
          ]
        ]
      },
      "properties": {
        "id": "forest:way:1395648400",
        "tags": {
          "natural": "wood",
          "winter_sports_id": "1228774360",
          "winter_sports_name": "Killington Resort",
          "State": "Vermont",
          "Country": "United States of America",
          "Ski Area": "Killington Resort",
          "region": "north-america/us/vermont"
        },
        "natural": "wood"
      }
    },
    {
      "type": "Feature",
      "geometry": {
        "type": "Polygon",
        "coordinates": [
          [
            [
              779.9421329051256,
              2154.2722147144377
            ],
            [
              780.9974093438359,
              2148.2316669439897
            ],
            [
              770.5972469936823,
              2137.7221162868664
            ],
            [
              768.3131231389707,
              2137.361977804452
            ],
            [
              767.7525978282792,
              2139.6367432605475
            ],
            [
              775.0859846832464,
              2156.823019584641
            ],
            [
              778.3024248180445,
              2155.818414020352
            ],
            [
              779.9421329051256,
              2154.2722147144377
            ]
          ]
        ]
      },
      "properties": {
        "id": "forest:way:1395648401",
        "tags": {
          "natural": "wood",
          "winter_sports_id": "1228774360",
          "winter_sports_name": "Killington Resort",
          "State": "Vermont",
          "Country": "United States of America",
          "Ski Area": "Killington Resort",
          "region": "north-america/us/vermont"
        },
        "natural": "wood"
      }
    },
    {
      "type": "Feature",
      "geometry": {
        "type": "Polygon",
        "coordinates": [
          [
            [
              2620.5673206569627,
              2002.5793789438903
            ],
            [
              2577.9923527695937,
              1998.7920487876981
            ],
            [
              2532.5698775975034,
              2001.5645836368203
            ],
            [
              2511.0796408428578,
              2007.3068299032748
            ],
            [
              2515.735469793901,
              2033.0154650555924
            ],
            [
              2527.922282658983,
              2051.2774823028594
            ],
            [
              2536.065934188431,
              2058.4734960645437
            ],
            [
              2571.903701357194,
              2064.7379325637594
            ],
            [
              2614.932486806647,
              2063.891542852856
            ],
            [
              2662.4982834641123,
              2055.5193835701793
            ],
            [
              2709.980431656004,
              2037.842686037533
            ],
            [
              2668.715209280723,
              2022.4640575796366
            ],
            [
              2620.5673206569627,
              2002.5793789438903
            ]
          ]
        ]
      },
      "properties": {
        "id": "forest:way:1395648402",
        "tags": {
          "natural": "wood",
          "winter_sports_id": "1228774360",
          "winter_sports_name": "Killington Resort",
          "State": "Vermont",
          "Country": "United States of America",
          "Ski Area": "Killington Resort",
          "region": "north-america/us/vermont"
        },
        "natural": "wood"
      }
    },
    {
      "type": "Feature",
      "geometry": {
        "type": "Polygon",
        "coordinates": [
          [
            [
              2804.17893092148,
              1981.2082751188427
            ],
            [
              2758.901591808768,
              1966.0558258192614
            ],
            [
              2732.3279170055175,
              1949.7337609333917
            ],
            [
              2726.512263186625,
              1955.2252049613744
            ],
            [
              2752.3267128102016,
              2000.1018599560484
            ],
            [
              2765.513736019493,
              2018.390933940187
            ],
            [
              2817.4546830536565,
              1995.854332152754
            ],
            [
              2804.17893092148,
              1981.2082751188427
            ]
          ]
        ]
      },
      "properties": {
        "id": "forest:way:1395648403",
        "tags": {
          "natural": "wood",
          "winter_sports_id": "1228774360",
          "winter_sports_name": "Killington Resort",
          "State": "Vermont",
          "Country": "United States of America",
          "Ski Area": "Killington Resort",
          "region": "north-america/us/vermont"
        },
        "natural": "wood"
      }
    },
    {
      "type": "Feature",
      "geometry": {
        "type": "Polygon",
        "coordinates": [
          [
            [
              2786.4611279551173,
              2045.522204726003
            ],
            [
              2839.9665136428084,
              2027.0174155104905
            ],
            [
              2822.9832675559446,
              2013.6064044944942
            ],
            [
              2775.6806842036312,
              2037.2665844624862
            ],
            [
              2778.5425775352633,
              2042.3218850381672
            ],
            [
              2786.4611279551173,
              2045.522204726003
            ]
          ]
        ]
      },
      "properties": {
        "id": "forest:way:1395648404",
        "tags": {
          "natural": "wood",
          "winter_sports_id": "1228774360",
          "winter_sports_name": "Killington Resort",
          "State": "Vermont",
          "Country": "United States of America",
          "Ski Area": "Killington Resort",
          "region": "north-america/us/vermont"
        },
        "natural": "wood"
      }
    },
    {
      "type": "Feature",
      "geometry": {
        "type": "Polygon",
        "coordinates": [
          [
            [
              1065.7373871951131,
              2389.721872950904
            ],
            [
              1056.630141741014,
              2370.3212414206937
            ],
            [
              1035.0586300519062,
              2337.2443052111194
            ],
            [
              1017.1254474588204,
              2309.52023467049
            ],
            [
              1003.5534046888351,
              2302.027604445815
            ],
            [
              995.0519664649619,
              2302.5484137153253
            ],
            [
              988.496625769767,
              2315.346000106074
            ],
            [
              999.0280871700961,
              2330.66068251431
            ],
            [
              1039.0730923274532,
              2378.3055746378377
            ],
            [
              1059.7462777462788,
              2395.1989326262847
            ],
            [
              1064.1343621239066,
              2393.247284430079
            ],
            [
              1065.7373871951131,
              2389.721872950904
            ]
          ]
        ]
      },
      "properties": {
        "id": "forest:way:1395878816",
        "tags": {
          "natural": "wood",
          "winter_sports_id": "1228774360",
          "winter_sports_name": "Killington Resort",
          "State": "Vermont",
          "Country": "United States of America",
          "Ski Area": "Killington Resort",
          "region": "north-america/us/vermont"
        },
        "natural": "wood"
      }
    },
    {
      "type": "Feature",
      "geometry": {
        "type": "Polygon",
        "coordinates": [
          [
            [
              1089.8742474900791,
              2403.8835750194266
            ],
            [
              1087.9408334408654,
              2391.4403877817094
            ],
            [
              1082.3215648676269,
              2390.158719269559
            ],
            [
              1073.3812473556027,
              2392.935144610703
            ],
            [
              1069.7125331613934,
              2410.498856958002
            ],
            [
              1077.3277015766362,
              2422.158116862178
            ],
            [
              1087.306046235375,
              2429.945238955319
            ],
            [
              1089.1938753033755,
              2422.659645261243
            ],
            [
              1089.8742474900791,
              2403.8835750194266
            ]
          ]
        ]
      },
      "properties": {
        "id": "forest:way:1395878817",
        "tags": {
          "natural": "wood",
          "winter_sports_id": "1228774360",
          "winter_sports_name": "Killington Resort",
          "State": "Vermont",
          "Country": "United States of America",
          "Ski Area": "Killington Resort",
          "region": "north-america/us/vermont"
        },
        "natural": "wood"
      }
    },
    {
      "type": "Feature",
      "geometry": {
        "type": "Polygon",
        "coordinates": [
          [
            [
              3361.5006660799263,
              4259.31413297262
            ],
            [
              3348.286173508619,
              4251.670315140858
            ],
            [
              3332.3368634954095,
              4255.134581928141
            ],
            [
              3322.7358952267095,
              4267.281943593174
            ],
            [
              3322.880127788987,
              4289.403395445086
            ],
            [
              3323.458450104692,
              4322.484093355946
            ],
            [
              3315.1230364238145,
              4333.198145389557
            ],
            [
              3298.1781593837077,
              4337.369457252324
            ],
            [
              3284.5884023025865,
              4325.336681847461
            ],
            [
              3274.7563793439185,
              4300.7671755841
            ],
            [
              3271.458143348689,
              4287.308576343581
            ],
            [
              3265.3783326328266,
              4286.412792087533
            ],
            [
              3266.760269174236,
              4307.844826147892
            ],
            [
              3256.046805345337,
              4316.30596044939
            ],
            [
              3260.2130076464964,
              4342.924895428121
            ],
            [
              3256.957760265097,
              4364.4665950210765
            ],
            [
              3253.4909513008315,
              4384.55778285116
            ],
            [
              3246.5576188921696,
              4397.498853184283
            ],
            [
              3235.9522421866423,
              4392.836827824824
            ],
            [
              3228.67542592925,
              4372.959140712395
            ],
            [
              3228.198497319245,
              4354.2187103377655
            ],
            [
              3232.9438854177715,
              4340.974731772207
            ],
            [
              3230.0911729186773,
              4310.511948891915
            ],
            [
              3224.7323381785536,
              4282.894275369123
            ],
            [
              3209.5694677490974,
              4265.962723465636
            ],
            [
              3204.7482570406282,
              4263.88910409715
            ],
            [
              3206.3166793043492,
              4278.035066692159
            ],
            [
              3215.146195046371,
              4294.797657982446
            ],
            [
              3218.7860978916287,
              4313.611347317696
            ],
            [
              3222.9477763255127,
              4340.708047673106
            ],
            [
              3223.297567365342,
              4373.293583797291
            ],
            [
              3225.657710916479,
              4400.729898468591
            ],
            [
              3268.004580175504,
              4443.9872715156525
            ],
            [
              3273.0574200737756,
              4448.6831939788535
            ],
            [
              3278.3974781982834,
              4452.744872145355
            ],
            [
              3329.994376523653,
              4487.96345133055
            ],
            [
              3399.2854078507517,
              4703.322745966725
            ],
            [
              3437.755001011421,
              4729.088306444697
            ],
            [
              3485.91058106313,
              4752.992675686255
            ],
            [
              3511.544579314883,
              4770.449314169586
            ],
            [
              3545.9006289383397,
              4799.564800548367
            ],
            [
              3574.185131818638,
              4836.542760212906
            ],
            [
              3599.532895143493,
              4864.684178397059
            ],
            [
              3636.871448658756,
              4882.465430192649
            ],
            [
              3684.755504587665,
              4900.762405808084
            ],
            [
              3713.1050039166585,
              4899.9648435348645
            ],
            [
              3743.7403027857654,
              4895.505237225443
            ],
            [
              3746.4551796320593,
              4893.825552695431
            ],
            [
              3748.738161187386,
              4888.055978645571
            ],
            [
              3751.523810378392,
              4878.940130372532
            ],
            [
              3753.6258022072725,
              4869.497644148767
            ],
            [
              3754.542146799038,
              4863.151787391864
            ],
            [
              3744.306473316741,
              4827.889120435342
            ],
            [
              3727.4613750124117,
              4817.502074955031
            ],
            [
              3703.5343937118305,
              4815.628194568679
            ],
            [
              3695.1029493993847,
              4828.117521489039
            ],
            [
              3711.409789149184,
              4835.389160203747
            ],
            [
              3708.5518373072846,
              4849.272407424636
            ],
            [
              3687.8800053439336,
              4853.676399208605
            ],
            [
              3657.509849980357,
              4848.218187795021
            ],
            [
              3628.680566294235,
              4831.931428433396
            ],
            [
              3623.9110993949,
              4800.772444559261
            ],
            [
              3621.725093076937,
              4789.232800804079
            ],
            [
              3606.675903194584,
              4790.775404009968
            ],
            [
              3583.5264039637987,
              4764.648883262649
            ],
            [
              3571.1995018740417,
              4743.479819570668
            ],
            [
              3563.0832895500353,
              4725.157485986128
            ],
            [
              3557.720652003889,
              4706.508652270772
            ],
            [
              3550.7135669452837,
              4683.536824232899
            ],
            [
              3544.818922357168,
              4662.739820639603
            ],
            [
              3537.7638672791654,
              4634.3095604311675
            ],
            [
              3528.01132398576,
              4611.653392964974
            ],
            [
              3520.602322599152,
              4596.462062709965
            ],
            [
              3508.8453554734588,
              4575.697383507155
            ],
            [
              3494.5664624349447,
              4546.885207412764
            ],
            [
              3487.2718508584658,
              4527.406824759208
            ],
            [
              3479.4412210464943,
              4513.182353693992
            ],
            [
              3475.9380958232796,
              4505.297570352443
            ],
            [
              3462.469029328553,
              4497.535544466227
            ],
            [
              3456.5129616629565,
              4486.273155001923
            ],
            [
              3450.6593417472905,
              4463.921349138953
            ],
            [
              3430.703282749513,
              4406.126974907704
            ],
            [
              3425.2877459201263,
              4389.4330114182085
            ],
            [
              3412.8448458685307,
              4357.74701521825
            ],
            [
              3402.653125194134,
              4329.433252872899
            ],
            [
              3401.1930782332784,
              4303.686699878424
            ],
            [
              3403.059062964865,
              4292.766636305489
            ],
            [
              3379.878976162523,
              4274.642517579719
            ],
            [
              3361.5006660799263,
              4259.31413297262
            ]
          ]
        ]
      },
      "properties": {
        "id": "forest:way:1395879726",
        "tags": {
          "natural": "wood",
          "winter_sports_id": "1228774360",
          "winter_sports_name": "Killington Resort",
          "State": "Vermont",
          "Country": "United States of America",
          "Ski Area": "Killington Resort",
          "region": "north-america/us/vermont"
        },
        "natural": "wood"
      }
    },
    {
      "type": "Feature",
      "geometry": {
        "type": "Polygon",
        "coordinates": [
          [
            [
              2875.094564141822,
              3303.206647324376
            ],
            [
              2890.71051415673,
              3322.6500270031393
            ],
            [
              2909.752912689233,
              3334.404648971744
            ],
            [
              2934.1806559363613,
              3335.866375626065
            ],
            [
              2943.1840299328323,
              3331.0157523509115
            ],
            [
              2983.462032352574,
              3312.793926266022
            ],
            [
              3029.463742443593,
              3281.59879092779
            ],
            [
              3077.384779358399,
              3259.302099495195
            ],
            [
              3095.124716534163,
              3249.3273724159226
            ],
            [
              3146.799668133841,
              3227.3868240984157
            ],
            [
              3192.0405985579127,
              3204.4859782094136
            ],
            [
              3207.193899704027,
              3190.6859145183116
            ],
            [
              3199.709174632211,
              3189.141495505348
            ],
            [
              3154.362415925716,
              3195.712515952997
            ],
            [
              3071.150215336471,
              3190.538333268836
            ],
            [
              3012.789313492598,
              3180.9478623438627
            ],
            [
              2962.691594001837,
              3173.989753816277
            ],
            [
              2899.915685580694,
              3168.5617238990963
            ],
            [
              2877.9781334778527,
              3184.860417963937
            ],
            [
              2857.2154532513814,
              3207.0810294775292
            ],
            [
              2843.224215106806,
              3227.6146934879944
            ],
            [
              2826.792295699124,
              3249.139295312576
            ],
            [
              2821.4815683355555,
              3266.9475843049586
            ],
            [
              2853.8594707087614,
              3282.813528534025
            ],
            [
              2875.094564141822,
              3303.206647324376
            ]
          ]
        ]
      },
      "properties": {
        "id": "forest:way:1395879727",
        "tags": {
          "natural": "wood",
          "winter_sports_id": "1228774360",
          "winter_sports_name": "Killington Resort",
          "State": "Vermont",
          "Country": "United States of America",
          "Ski Area": "Killington Resort",
          "region": "north-america/us/vermont"
        },
        "natural": "wood"
      }
    },
    {
      "type": "Feature",
      "geometry": {
        "type": "MultiPolygon",
        "coordinates": [
          [
            [
              [
                2859.6512383711524,
                3303.0623466884717
              ],
              [
                2834.706633873866,
                3286.4272284554318
              ],
              [
                2815.4272175239166,
                3274.466471195221
              ],
              [
                2772.2159996879054,
                3291.8666034592316
              ],
              [
                2723.238571131602,
                3308.0911326343194
              ],
              [
                2700.5321910122875,
                3324.7922577410936
              ],
              [
                2673.4346617859555,
                3330.5069225365296
              ],
              [
                2645.578876805608,
                3339.535824513063
              ],
              [
                2629.693224978051,
                3350.8724659485742
              ],
              [
                2615.3000142253004,
                3372.8962989402935
              ],
              [
                2625.796920224675,
                3388.7019709227607
              ],
              [
                2641.067414814257,
                3391.997608723119
              ],
              [
                2668.0840860003373,
                3397.817315925844
              ],
              [
                2673.260327831027,
                3412.3812957443297
              ],
              [
                2685.934653087519,
                3429.800969921984
              ],
              [
                2697.7390471133403,
                3446.530680915341
              ],
              [
                2721.094465201837,
                3455.8098333589733
              ],
              [
                2746.184084571665,
                3458.4777320269495
              ],
              [
                2778.2064188298536,
                3451.5606871629134
              ],
              [
                2817.0923140986124,
                3446.1601442834362
              ],
              [
                2858.6637548501603,
                3465.460619999096
              ],
              [
                2881.333906167536,
                3475.600138087757
              ],
              [
                2886.338432340184,
                3496.5949317561463
              ],
              [
                2915.326029697084,
                3503.5795705094934
              ],
              [
                2973.5716383011313,
                3548.620976159349
              ],
              [
                3025.661352518131,
                3582.8402804136276
              ],
              [
                3078.095894929138,
                3611.9788442337885
              ],
              [
                3095.34552181093,
                3616.4286220809445
              ],
              [
                3136.6850395760266,
                3661.020992522128
              ],
              [
                3161.9779546300415,
                3689.6479160115123
              ],
              [
                3194.001317915856,
                3724.45618486125
              ],
              [
                3218.742244161316,
                3748.634005029686
              ],
              [
                3247.815144558903,
                3768.7151492675766
              ],
              [
                3287.490094077075,
                3792.4025101205334
              ],
              [
                3313.2836561346194,
                3810.3958737831563
              ],
              [
                3349.2426908318885,
                3847.7440472906455
              ],
              [
                3373.592100647511,
                3886.5496743712574
              ],
              [
                3401.823205198045,
                3938.1183243673295
              ],
              [
                3407.811535914778,
                3947.5920690512285
              ],
              [
                3431.0683431167854,
                3968.6302301436663
              ],
              [
                3452.148802144802,
                3996.4790379758924
              ],
              [
                3461.9775871189777,
                4020.259594564326
              ],
              [
                3481.6991930815857,
                4056.9526095716283
              ],
              [
                3489.0169541502837,
                4116.387771163136
              ],
              [
                3493.0968453945825,
                4147.116902815178
              ],
              [
                3502.049602420535,
                4170.429564815015
              ],
              [
                3498.1289849469904,
                4192.064555079676
              ],
              [
                3490.3665728839114,
                4207.60625055898
              ],
              [
                3467.689653125708,
                4214.769388399087
              ],
              [
                3444.734167487244,
                4248.988682987168
              ],
              [
                3428.0129806889454,
                4299.790492386557
              ],
              [
                3423.6968077913625,
                4344.710696272552
              ],
              [
                3440.992517167586,
                4397.5325239291415
              ],
              [
                3462.2750863166293,
                4467.321451646276
              ],
              [
                3470.643023788114,
                4487.728738085367
              ],
              [
                3494.5200659476686,
                4510.551014455035
              ],
              [
                3513.1096118338173,
                4556.305571855977
              ],
              [
                3541.2972989031114,
                4609.641117994674
              ],
              [
                3557.501120977686,
                4653.1091936910525
              ],
              [
                3566.8291893769056,
                4703.717907235958
              ],
              [
                3592.7062944923528,
                4760.0928937438875
              ],
              [
                3611.734653582913,
                4781.230021405965
              ],
              [
                3625.937916343333,
                4782.943557826802
              ],
              [
                3605.23447925027,
                4741.122140926309
              ],
              [
                3582.90975522215,
                4718.563183078542
              ],
              [
                3584.934737830772,
                4701.101017658599
              ],
              [
                3557.381968272617,
                4624.041847956367
              ],
              [
                3539.7700211677,
                4583.414772558957
              ],
              [
                3530.4687625623774,
                4531.484231661074
              ],
              [
                3541.885927589028,
                4512.705949934199
              ],
              [
                3573.448755419464,
                4506.22521690093
              ],
              [
                3594.573462970555,
                4523.872787690721
              ],
              [
                3619.4674503823044,
                4545.602892100811
              ],
              [
                3597.0133304718183,
                4499.669371448457
              ],
              [
                3584.234115541796,
                4343.8223537364975
              ],
              [
                3612.7970343210036,
                4233.691438798793
              ],
              [
                3611.4030638249824,
                4216.898405140266
              ],
              [
                3615.012502419646,
                4162.523239044473
              ],
              [
                3628.293873754679,
                4136.559434714727
              ],
              [
                3636.9165148478933,
                4056.8467870801687
              ],
              [
                3636.178570984979,
                4054.5677905380726
              ],
              [
                3632.659844414098,
                4046.1514297360554
              ],
              [
                3628.533385779592,
                4038.2835642145947
              ],
              [
                3485.2830509681953,
                3792.895203512162
              ],
              [
                3480.0320615059463,
                3784.888370877132
              ],
              [
                3474.1489027498756,
                3777.761564362794
              ],
              [
                3264.982580316835,
                3552.324772361666
              ],
              [
                3259.623311502044,
                3547.1000709719956
              ],
              [
                3253.9208570208866,
                3542.60291542951
              ],
              [
                3247.926084084087,
                3538.873421018943
              ],
              [
                3062.574575004168,
                3437.9581685829908
              ],
              [
                3280.13536590233,
                3322.1381867472082
              ],
              [
                4168.189021716826,
                3291.960338632576
              ],
              [
                4163.669585123425,
                3274.6660320665687
              ],
              [
                4156.339966542437,
                3261.6212518122047
              ],
              [
                4145.481965269777,
                3254.2836285568774
              ],
              [
                4159.944351517479,
                3230.186242569238
              ],
              [
                4183.357649360667,
                3239.0830972082913
              ],
              [
                4186.47419216705,
                3291.3402109425515
              ],
              [
                4246.149164542323,
                3289.3167273523286
              ],
              [
                4246.21201714396,
                3289.1275716535747
              ],
              [
                4246.8735460116295,
                3253.0233901413158
              ],
              [
                4261.569085197756,
                3231.9889268018305
              ],
              [
                4279.238473433536,
                3237.3643772443756
              ],
              [
                4292.095293968567,
                3250.2574970070273
              ],
              [
                4298.948495490011,
                3281.0505377463996
              ],
              [
                4299.817688459647,
                3287.4973677229136
              ],
              [
                4513.659292593133,
                3280.2524278061464
              ],
              [
                4524.599794738693,
                3228.0351249771193
              ],
              [
                4528.958818513784,
                3191.4189206287265
              ],
              [
                4532.808506043861,
                3139.4955356903374
              ],
              [
                4376.122776347795,
                3140.801022947766
              ],
              [
                4266.789876590134,
                3140.3125924719498
              ],
              [
                4113.428447483224,
                3143.547258382663
              ],
              [
                3966.4573723024223,
                3149.101625068113
              ],
              [
                3922.694934577332,
                3154.654069768265
              ],
              [
                3801.395773967146,
                3153.5527643542737
              ],
              [
                3649.7319886981277,
                3151.0305935638025
              ],
              [
                3609.5676293324213,
                3159.7488164417446
              ],
              [
                3523.7401193963597,
                3164.490950750187
              ],
              [
                3433.0472810365027,
                3167.5816043475643
              ],
              [
                3333.437857969897,
                3171.0468254806474
              ],
              [
                3317.5466388632776,
                3179.503157325089
              ],
              [
                3299.452140451176,
                3190.0346962474287
              ],
              [
                3272.3953956363257,
                3191.1467491025105
              ],
              [
                3245.297715278459,
                3193.4915108736604
              ],
              [
                3217.919725913205,
                3218.157618169673
              ],
              [
                3174.1143632242456,
                3236.8842300800607
              ],
              [
                3134.0865032507572,
                3252.044075243175
              ],
              [
                3089.3942906996235,
                3269.5249997228384
              ],
              [
                3055.4669215563918,
                3286.3705323645845
              ],
              [
                3016.180541043286,
                3308.274973428808
              ],
              [
                2980.3321681484813,
                3328.137246005237
              ],
              [
                2947.222407851368,
                3337.347305576317
              ],
              [
                2930.8001768209506,
                3342.7339289383963
              ],
              [
                2914.1612403264735,
                3344.7360693970695
              ],
              [
                2901.3071648891782,
                3335.9025229923427
              ],
              [
                2884.939002940664,
                3323.485566086136
              ],
              [
                2859.6512383711524,
                3303.0623466884717
              ]
            ]
          ],
          [
            [
              [
                4280.19718536397,
                3258.8187385601923
              ],
              [
                4278.546299878624,
                3251.7278952542692
              ],
              [
                4270.267240292975,
                3251.2057129545137
              ],
              [
                4264.69370321196,
                3264.2157009243965
              ],
              [
                4258.932751713903,
                3288.8833254622295
              ],
              [
                4286.479688667576,
                3287.949484867044
              ],
              [
                4280.19718536397,
                3258.8187385601923
              ]
            ]
          ],
          [
            [
              [
                4653.391168456292,
                3235.7862659376115
              ],
              [
                4663.836405536509,
                3213.104556955397
              ],
              [
                4658.950269941357,
                3189.099308603443
              ],
              [
                4646.467404618394,
                3139.1820811852813
              ],
              [
                4605.3129852202255,
                3138.998462818563
              ],
              [
                4550.99826141051,
                3137.227812170051
              ],
              [
                4542.896116279415,
                3221.4911864269525
              ],
              [
                4534.423043562798,
                3279.549317471683
              ],
              [
                4636.382256104262,
                3276.0976699199528
              ],
              [
                4653.391168456292,
                3235.7862659376115
              ]
            ]
          ]
        ]
      },
      "properties": {
        "id": "forest:way:1395879728",
        "tags": {
          "natural": "wood",
          "winter_sports_id": "1228774360",
          "winter_sports_name": "Killington Resort",
          "State": "Vermont",
          "Country": "United States of America",
          "Ski Area": "Killington Resort",
          "region": "north-america/us/vermont"
        },
        "natural": "wood"
      }
    },
    {
      "type": "Feature",
      "geometry": {
        "type": "Polygon",
        "coordinates": [
          [
            [
              3870.3389622796094,
              2889.018865493126
            ],
            [
              3893.8411481907824,
              2921.2016599299386
            ],
            [
              3907.3117198521504,
              2951.03761929553
            ],
            [
              3932.750018884195,
              2962.466240439564
            ],
            [
              3980.0864163473016,
              2975.1815562983975
            ],
            [
              4046.1297972257016,
              2964.8135551493615
            ],
            [
              4089.2039053187473,
              2954.864317034371
            ],
            [
              4136.9592301619705,
              2951.6427825102583
            ],
            [
              4184.648546668468,
              2951.187307617627
            ],
            [
              4255.142226243741,
              2930.882083941251
            ],
            [
              4306.174714282271,
              2909.366355626844
            ],
            [
              4347.643007424078,
              2881.348033173941
            ],
            [
              4378.931503921165,
              2856.524441352114
            ],
            [
              4395.040725756669,
              2826.792201029137
            ],
            [
              4412.934555790038,
              2808.200111925602
            ],
            [
              4443.32477927662,
              2790.988303997554
            ],
            [
              4458.938921945402,
              2766.777899440378
            ],
            [
              4475.377205264522,
              2737.7437554625794
            ],
            [
              4483.021751620225,
              2712.29687753506
            ],
            [
              4511.135473647504,
              2702.2930675670505
            ],
            [
              4548.691269417759,
              2690.131160473451
            ],
            [
              4597.339799042093,
              2692.827440943569
            ],
            [
              4639.361902725301,
              2709.2057201247662
            ],
            [
              4667.27418810816,
              2719.325435096398
            ],
            [
              4676.611709902994,
              2721.654838912189
            ],
            [
              4672.673631384154,
              2712.535146486014
            ],
            [
              4660.359801503131,
              2691.7424226375297
            ],
            [
              4637.5648853319,
              2672.4018943980336
            ],
            [
              4606.511668118765,
              2662.553581272252
            ],
            [
              4579.361975932494,
              2662.5132101075724
            ],
            [
              4535.850660575554,
              2663.0782168470323
            ],
            [
              4483.881826701225,
              2654.4025802006945
            ],
            [
              4447.718582044938,
              2640.2610048623756
            ],
            [
              4430.624450660893,
              2629.0433283746243
            ],
            [
              4407.453656849102,
              2610.738300334662
            ],
            [
              4381.154620108078,
              2605.1754700420424
            ],
            [
              4342.454685167177,
              2607.6047230772674
            ],
            [
              4305.815751581453,
              2611.478787678294
            ],
            [
              4247.395219843718,
              2635.5751148927957
            ],
            [
              4166.683304306935,
              2673.634264813736
            ],
            [
              4111.458706536563,
              2695.7389916153625
            ],
            [
              4075.7814778796164,
              2715.589228552766
            ],
            [
              4038.302056812099,
              2724.6437370330095
            ],
            [
              3998.859166498063,
              2715.951734722592
            ],
            [
              3973.244793941034,
              2710.7644934384152
            ],
            [
              3950.2848506356822,
              2710.4942964836955
            ],
            [
              3927.4371508790646,
              2745.2486504940316
            ],
            [
              3913.5694723802153,
              2769.151273628697
            ],
            [
              3894.1006988817826,
              2781.4672906901687
            ],
            [
              3869.178172886488,
              2802.640066737309
            ],
            [
              3838.1828874849016,
              2829.552176915109
            ],
            [
              3802.8407660969533,
              2862.594415653497
            ],
            [
              3839.0595092497533,
              2874.6556073985994
            ],
            [
              3870.3389622796094,
              2889.018865493126
            ]
          ]
        ]
      },
      "properties": {
        "id": "forest:way:1395881734",
        "tags": {
          "natural": "wood",
          "winter_sports_id": "1228774360",
          "winter_sports_name": "Killington Resort",
          "State": "Vermont",
          "Country": "United States of America",
          "Ski Area": "Killington Resort",
          "region": "north-america/us/vermont"
        },
        "natural": "wood"
      }
    },
    {
      "type": "Feature",
      "geometry": {
        "type": "Polygon",
        "coordinates": [
          [
            [
              4194.847947136615,
              3024.971586531028
            ],
            [
              4242.484092706232,
              3000.5857519274577
            ],
            [
              4295.334703098633,
              2975.9955737814307
            ],
            [
              4330.786952429917,
              2964.809762294404
            ],
            [
              4342.035605864017,
              2960.610244665295
            ],
            [
              4338.41535946331,
              2952.8774812333286
            ],
            [
              4322.698392720893,
              2928.8820440247655
            ],
            [
              4316.714103826438,
              2918.662920120172
            ],
            [
              4291.714138751966,
              2929.4401037869975
            ],
            [
              4247.111257015611,
              2944.8820546297356
            ],
            [
              4185.429575898452,
              2960.911141231656
            ],
            [
              4142.868465209729,
              2964.9717596545815
            ],
            [
              4102.125713913934,
              2965.9693354004994
            ],
            [
              4076.6263866989175,
              2969.7873995583504
            ],
            [
              4032.511720837676,
              2979.6977238692343
            ],
            [
              4035.4755022783065,
              2986.0234167026356
            ],
            [
              4064.1557417429285,
              2993.382610615343
            ],
            [
              4083.7040434329538,
              3004.3094773879275
            ],
            [
              4108.787707520067,
              3029.2555422689766
            ],
            [
              4123.134789785021,
              3038.998391733505
            ],
            [
              4134.4982625421835,
              3043.4597531789914
            ],
            [
              4158.908789366484,
              3041.691132496111
            ],
            [
              4194.847947136615,
              3024.971586531028
            ]
          ]
        ]
      },
      "properties": {
        "id": "forest:way:1395881735",
        "tags": {
          "natural": "wood",
          "winter_sports_id": "1228774360",
          "winter_sports_name": "Killington Resort",
          "State": "Vermont",
          "Country": "United States of America",
          "Ski Area": "Killington Resort",
          "region": "north-america/us/vermont"
        },
        "natural": "wood"
      }
    },
    {
      "type": "Feature",
      "geometry": {
        "type": "Polygon",
        "coordinates": [
          [
            [
              4688.443321598112,
              3161.6725660534576
            ],
            [
              4697.495089723612,
              3135.5635180408135
            ],
            [
              4661.64611721586,
              3135.9779035523534
            ],
            [
              4662.174717907677,
              3155.0645522484556
            ],
            [
              4667.692466001376,
              3182.610069738701
            ],
            [
              4675.566755638691,
              3187.6787923015654
            ],
            [
              4679.906413062708,
              3181.5491297785193
            ],
            [
              4688.443321598112,
              3161.6725660534576
            ]
          ]
        ]
      },
      "properties": {
        "id": "forest:way:1395881736",
        "tags": {
          "natural": "wood",
          "winter_sports_id": "1228774360",
          "winter_sports_name": "Killington Resort",
          "State": "Vermont",
          "Country": "United States of America",
          "Ski Area": "Killington Resort",
          "region": "north-america/us/vermont"
        },
        "natural": "wood"
      }
    },
    {
      "type": "Feature",
      "geometry": {
        "type": "Polygon",
        "coordinates": [
          [
            [
              4512.158390810364,
              2873.1830330137163
            ],
            [
              4530.305294333608,
              2872.5367740504444
            ],
            [
              4522.310975093278,
              2903.186890662648
            ],
            [
              4526.3387590789935,
              2936.0271547501907
            ],
            [
              4549.601317147026,
              2941.54240684025
            ],
            [
              4583.8014346155105,
              2961.6559329796582
            ],
            [
              4614.263709680177,
              3008.766263906844
            ],
            [
              4643.218923003995,
              3055.4472459303215
            ],
            [
              4658.096773234662,
              3091.9803179986775
            ],
            [
              4664.534814534127,
              3119.239359933883
            ],
            [
              4700.088562503108,
              3117.1943330168724
            ],
            [
              4703.059051229851,
              3105.2261107945815
            ],
            [
              4713.169588939403,
              3052.0595652591437
            ],
            [
              4738.05234954285,
              2983.496607724577
            ],
            [
              4759.513236096478,
              2901.6599168544635
            ],
            [
              4776.1592569401255,
              2816.3038539187983
            ],
            [
              4778.162026378908,
              2770.065920099616
            ],
            [
              4748.106286470662,
              2763.989320293069
            ],
            [
              4696.304529580055,
              2752.4378235964105
            ],
            [
              4671.117692921311,
              2734.0665024714544
            ],
            [
              4629.52994221088,
              2721.667546872981
            ],
            [
              4583.465565218939,
              2707.259123359807
            ],
            [
              4552.446785009233,
              2709.059929713607
            ],
            [
              4529.707321006688,
              2726.1322205979377
            ],
            [
              4501.733586187358,
              2769.416377287358
            ],
            [
              4463.7142429216765,
              2792.8472384316847
            ],
            [
              4414.479779849993,
              2826.146960985847
            ],
            [
              4396.15699134476,
              2847.4839127045125
            ],
            [
              4382.589267485426,
              2874.594663936645
            ],
            [
              4364.726751948474,
              2892.9320296645164
            ],
            [
              4332.85348032054,
              2912.7718318980187
            ],
            [
              4349.246676015551,
              2935.040470931679
            ],
            [
              4371.415793758002,
              2953.3184800278395
            ],
            [
              4505.224400319974,
              2934.715372459963
            ],
            [
              4512.158390810364,
              2873.1830330137163
            ]
          ]
        ]
      },
      "properties": {
        "id": "forest:way:1395881737",
        "tags": {
          "natural": "wood",
          "winter_sports_id": "1228774360",
          "winter_sports_name": "Killington Resort",
          "State": "Vermont",
          "Country": "United States of America",
          "Ski Area": "Killington Resort",
          "region": "north-america/us/vermont"
        },
        "natural": "wood"
      }
    },
    {
      "type": "Feature",
      "geometry": {
        "type": "Polygon",
        "coordinates": [
          [
            [
              3834.069448958733,
              1849.7538514472544
            ],
            [
              3760.3439144302392,
              1821.4189508166164
            ],
            [
              3674.810362709686,
              1818.443489192985
            ],
            [
              3536.163734067697,
              1797.0456559285522
            ],
            [
              3504.486182353925,
              1784.0629719654098
            ],
            [
              3477.3783510461217,
              1808.6577459452674
            ],
            [
              3482.5191807044903,
              1842.693713605404
            ],
            [
              3507.0569641718175,
              1870.4900367213413
            ],
            [
              3536.976881559822,
              1896.9519789852202
            ],
            [
              3575.9406584870303,
              1910.4740105224773
            ],
            [
              3604.735824930365,
              1914.0217887712643
            ],
            [
              3655.411418301752,
              1958.0326627558097
            ],
            [
              3770.081091223401,
              2042.9441256886348
            ],
            [
              3823.028057801421,
              2106.4339428683743
            ],
            [
              3838.386991722393,
              2169.618799591437
            ],
            [
              3837.1872541866032,
              2266.6930362721905
            ],
            [
              3820.3007447150303,
              2325.536518074572
            ],
            [
              3797.143551168032,
              2358.560319341719
            ],
            [
              3758.4764043372124,
              2411.975522006862
            ],
            [
              3716.934101924184,
              2442.7629847303033
            ],
            [
              3686.4702020108234,
              2462.7546769715846
            ],
            [
              3655.6131630382733,
              2484.469831914641
            ],
            [
              3667.2919183438644,
              2503.165146923624
            ],
            [
              3672.0260151332477,
              2560.508463796228
            ],
            [
              3678.0980156173464,
              2580.787784360349
            ],
            [
              3725.1990198350977,
              2576.145282530226
            ],
            [
              3783.7279210103443,
              2573.898262044415
            ],
            [
              3804.4537786046276,
              2592.4912909502164
            ],
            [
              3807.351993620163,
              2627.2456983756274
            ],
            [
              3793.884799166699,
              2675.433081724681
            ],
            [
              3797.9404783956707,
              2692.8800099119544
            ],
            [
              3801.1497227005893,
              2703.024376913905
            ],
            [
              3814.030687033781,
              2703.01330218371
            ],
            [
              3831.9177030866267,
              2697.6012226194143
            ],
            [
              3878.2762413109886,
              2695.029474885203
            ],
            [
              3901.5555858523585,
              2696.3416100712493
            ],
            [
              3929.06265655905,
              2695.688607459888
            ],
            [
              3948.1100958184106,
              2686.1511101452634
            ],
            [
              3970.0106667585205,
              2687.0820223884657
            ],
            [
              3992.831500601489,
              2692.550097811036
            ],
            [
              4021.756879006047,
              2704.0723861483857
            ],
            [
              4050.004380323109,
              2701.705863788724
            ],
            [
              4071.368596534361,
              2696.732105004601
            ],
            [
              4116.814277658472,
              2676.0988479452208
            ],
            [
              4155.802687136573,
              2662.58386370074
            ],
            [
              4191.997898612521,
              2649.3387625953183
            ],
            [
              4263.306371239363,
              2611.716793476604
            ],
            [
              4311.865969335078,
              2591.857400732115
            ],
            [
              4355.610093618976,
              2582.6279050987214
            ],
            [
              4416.8812810267555,
              2594.6753475265577
            ],
            [
              4449.541254459298,
              2622.604627387598
            ],
            [
              4465.602714288165,
              2633.783511920832
            ],
            [
              4499.1037921736715,
              2643.0077926637605
            ],
            [
              4536.16559077811,
              2649.5492719719186
            ],
            [
              4573.10350636323,
              2647.774018444121
            ],
            [
              4621.151445691823,
              2646.9866077126935
            ],
            [
              4666.925506657222,
              2665.89993893262
            ],
            [
              4695.067420881591,
              2706.5351495072246
            ],
            [
              4704.392165012774,
              2734.872107950039
            ],
            [
              4725.777771116118,
              2742.0379889775068
            ],
            [
              4747.396301513654,
              2740.5409144554287
            ],
            [
              4779.245450132643,
              2746.5990548264235
            ],
            [
              4786.465026935097,
              2749.905296580866
            ],
            [
              4797.092799802194,
              2730.085077755153
            ],
            [
              4792.767394907423,
              2709.851522703655
            ],
            [
              4779.316621262347,
              2666.487820480019
            ],
            [
              4762.946622459684,
              2602.2393557811156
            ],
            [
              4755.8136240844615,
              2556.9672317979857
            ],
            [
              4724.887163144886,
              2516.2569240462035
            ],
            [
              4697.462995632319,
              2513.7857754137367
            ],
            [
              4669.526543952641,
              2530.3733886685222
            ],
            [
              4652.850524490466,
              2542.0621723094955
            ],
            [
              4614.637861410272,
              2552.4831592356786
            ],
            [
              4583.4378292708425,
              2561.0032378835604
            ],
            [
              4550.60077289294,
              2591.6861613811925
            ],
            [
              4520.928659692057,
              2595.0459958342835
            ],
            [
              4486.226581976516,
              2578.5094069233164
            ],
            [
              4480.209870728664,
              2543.3262313399464
            ],
            [
              4475.872396768304,
              2510.2665546769276
            ],
            [
              4446.787629835424,
              2504.973239914514
            ],
            [
              4401.246692441287,
              2529.0695272134617
            ],
            [
              4379.044732054812,
              2565.2291343891993
            ],
            [
              4354.7642540122615,
              2575.3252546684816
            ],
            [
              4304.841451298911,
              2581.265859284438
            ],
            [
              4272.329313578899,
              2586.640118108131
            ],
            [
              4277.331695657689,
              2568.74668208044
            ],
            [
              4298.495259251096,
              2545.384967030026
            ],
            [
              4307.536959680612,
              2558.4535545492545
            ],
            [
              4328.6179250176065,
              2564.3651243243366
            ],
            [
              4368.82412387582,
              2556.9747010124847
            ],
            [
              4380.780436932691,
              2526.430758174509
            ],
            [
              4429.684765343671,
              2493.766468035057
            ],
            [
              4471.38489430747,
              2483.0935121895745
            ],
            [
              4491.620118755032,
              2494.039953496307
            ],
            [
              4499.673764827894,
              2544.1934234593064
            ],
            [
              4529.94456196262,
              2531.480081276037
            ],
            [
              4575.623874797369,
              2541.0318117383868
            ],
            [
              4624.469274892588,
              2536.4424316007644
            ],
            [
              4675.720047470182,
              2506.9660878982395
            ],
            [
              4701.874944686657,
              2492.0644573010504
            ],
            [
              4745.782236085506,
              2502.9479002114385
            ],
            [
              4773.005875093862,
              2538.7016967730597
            ],
            [
              4785.438766606967,
              2607.012207726948
            ],
            [
              4800.712837867904,
              2672.9651192892343
            ],
            [
              4807.665059835999,
              2712.3306727763265
            ],
            [
              4867.993241380318,
              2694.5368162430823
            ],
            [
              4860.394881684915,
              2666.5905996579677
            ],
            [
              4847.338055003551,
              2621.5034859888256
            ],
            [
              4836.31937544723,
              2604.2129866536707
            ],
            [
              4822.822724744445,
              2575.763596910052
            ],
            [
              4802.820497985231,
              2542.9713191725314
            ],
            [
              4791.733856851701,
              2515.2870477559045
            ],
            [
              4766.368900368689,
              2487.896785579622
            ],
            [
              4751.1494084196165,
              2471.5382449859753
            ],
            [
              4730.671385768219,
              2456.4165485193953
            ],
            [
              4692.763130764826,
              2442.571319562383
            ],
            [
              4669.501708461787,
              2440.5567529601976
            ],
            [
              4632.010542743024,
              2449.95230650343
            ],
            [
              4594.265573217068,
              2455.873534925282
            ],
            [
              4553.6114165409235,
              2453.7477669725195
            ],
            [
              4522.670089090476,
              2439.3904491765425
            ],
            [
              4482.998538264306,
              2426.532723225653
            ],
            [
              4440.153223945526,
              2427.8054129760712
            ],
            [
              4420.481485645985,
              2421.7312775244936
            ],
            [
              4400.995710272691,
              2408.7267847750336
            ],
            [
              4389.994006604771,
              2390.7484696973115
            ],
            [
              4365.941033603507,
              2327.328724682331
            ],
            [
              4349.578442906961,
              2275.5632779421285
            ],
            [
              4340.899006078951,
              2248.978118404746
            ],
            [
              4330.138772839913,
              2221.981495018117
            ],
            [
              4316.079662273638,
              2201.1427140226588
            ],
            [
              4299.000503340387,
              2176.0661748368293
            ],
            [
              4267.696596713038,
              2149.563472936861
            ],
            [
              4242.02752576326,
              2120.433404231444
            ],
            [
              4196.93946639623,
              2088.704509214498
            ],
            [
              4139.635144909495,
              2058.037889623083
            ],
            [
              4063.7956552015385,
              2005.0244142245501
            ],
            [
              4015.4222909683594,
              1965.9289180161431
            ],
            [
              3972.1081823055865,
              1945.6969774244353
            ],
            [
              3913.418935176218,
              1901.8136941157281
            ],
            [
              3834.069448958733,
              1849.7538514472544
            ]
          ]
        ]
      },
      "properties": {
        "id": "forest:way:1395881738",
        "tags": {
          "natural": "wood",
          "winter_sports_id": "1228774360",
          "winter_sports_name": "Killington Resort",
          "State": "Vermont",
          "Country": "United States of America",
          "Ski Area": "Killington Resort",
          "region": "north-america/us/vermont"
        },
        "natural": "wood"
      }
    },
    {
      "type": "Feature",
      "geometry": {
        "type": "Polygon",
        "coordinates": [
          [
            [
              4939.779111172422,
              2896.107467956841
            ],
            [
              4995.607655164204,
              2952.99428126961
            ],
            [
              5066.433250244358,
              2982.2326291101053
            ],
            [
              5109.4688897172455,
              2985.1705427207053
            ],
            [
              5129.388424710021,
              2973.281339068897
            ],
            [
              5132.093872069963,
              2965.1850856198
            ],
            [
              5094.379528289777,
              2963.4574107509106
            ],
            [
              5027.507361858385,
              2946.0399476252496
            ],
            [
              4989.224483747501,
              2912.34336749278
            ],
            [
              4961.634683530079,
              2865.0973850805312
            ],
            [
              4935.963502712431,
              2826.061230983585
            ],
            [
              4893.171990515082,
              2801.1132591795176
            ],
            [
              4857.4323299167445,
              2791.993413463235
            ],
            [
              4846.747902743635,
              2791.705915734172
            ],
            [
              4887.1631630216725,
              2838.940862237476
            ],
            [
              4939.779111172422,
              2896.107467956841
            ]
          ]
        ]
      },
      "properties": {
        "id": "forest:way:1395881739",
        "tags": {
          "natural": "wood",
          "winter_sports_id": "1228774360",
          "winter_sports_name": "Killington Resort",
          "State": "Vermont",
          "Country": "United States of America",
          "Ski Area": "Killington Resort",
          "region": "north-america/us/vermont"
        },
        "natural": "wood"
      }
    },
    {
      "type": "Feature",
      "geometry": {
        "type": "Polygon",
        "coordinates": [
          [
            [
              4839.239210884436,
              3031.1433243807405
            ],
            [
              4818.054383355542,
              3116.499416942708
            ],
            [
              5110.659077605582,
              3113.0084198489785
            ],
            [
              5126.834436223493,
              3041.377829303965
            ],
            [
              5130.01389297843,
              2989.625418750569
            ],
            [
              5105.949809412123,
              2996.790407688357
            ],
            [
              5060.726427362068,
              2995.9275579536334
            ],
            [
              5003.982889299048,
              2972.7480205828324
            ],
            [
              4960.060318288626,
              2936.7657336704433
            ],
            [
              4916.683085420402,
              2893.7073959941044
            ],
            [
              4875.8179676106665,
              2850.005652019754
            ],
            [
              4844.554164953879,
              2806.9070760477334
            ],
            [
              4835.277131875162,
              2794.231471323408
            ],
            [
              4824.696098863962,
              2790.401270433329
            ],
            [
              4815.000693638925,
              2792.974625043571
            ],
            [
              4811.980249197106,
              2799.284194896929
            ],
            [
              4840.938289645826,
              2888.467908252962
            ],
            [
              4839.239210884436,
              3031.1433243807405
            ]
          ]
        ]
      },
      "properties": {
        "id": "forest:way:1395881740",
        "tags": {
          "natural": "wood",
          "winter_sports_id": "1228774360",
          "winter_sports_name": "Killington Resort",
          "State": "Vermont",
          "Country": "United States of America",
          "Ski Area": "Killington Resort",
          "region": "north-america/us/vermont"
        },
        "natural": "wood"
      }
    },
    {
      "type": "Feature",
      "geometry": {
        "type": "Polygon",
        "coordinates": [
          [
            [
              4822.579226748669,
              3027.860860434361
            ],
            [
              4828.08721318969,
              2968.713269765489
            ],
            [
              4827.349900101661,
              2903.3735981723294
            ],
            [
              4818.748794753221,
              2852.371225407347
            ],
            [
              4802.699348082417,
              2826.3761482769623
            ],
            [
              4793.584494883777,
              2807.6698037022725
            ],
            [
              4778.047996503185,
              2895.3008045991883
            ],
            [
              4754.235461018165,
              2985.8990980619565
            ],
            [
              4730.670841494692,
              3053.78612565808
            ],
            [
              4720.270363853429,
              3096.1082386374474
            ],
            [
              4714.327202912304,
              3118.321869389154
            ],
            [
              4798.440031626844,
              3117.383246176876
            ],
            [
              4822.579226748669,
              3027.860860434361
            ]
          ]
        ]
      },
      "properties": {
        "id": "forest:way:1395881741",
        "tags": {
          "natural": "wood",
          "winter_sports_id": "1228774360",
          "winter_sports_name": "Killington Resort",
          "State": "Vermont",
          "Country": "United States of America",
          "Ski Area": "Killington Resort",
          "region": "north-america/us/vermont"
        },
        "natural": "wood"
      }
    },
    {
      "type": "Feature",
      "geometry": {
        "type": "Polygon",
        "coordinates": [
          [
            [
              5180.6860028278315,
              2880.935320816934
            ],
            [
              5192.394089758978,
              2829.768507153727
            ],
            [
              5186.791173121077,
              2812.934569087811
            ],
            [
              5175.565241989563,
              2820.275729914196
            ],
            [
              5170.546557529713,
              2831.571394697763
            ],
            [
              5166.457094501588,
              2835.57900300622
            ],
            [
              5153.840865694336,
              2836.9018229814246
            ],
            [
              5138.730039510061,
              2851.395711660385
            ],
            [
              5109.823033111985,
              2866.243692593649
            ],
            [
              5074.200239993865,
              2865.9951817803085
            ],
            [
              5021.704157114145,
              2843.9858720200136
            ],
            [
              4987.536716571893,
              2816.079695550725
            ],
            [
              4952.62657781539,
              2762.9571559587494
            ],
            [
              4929.391398954089,
              2726.1095107859
            ],
            [
              4883.48270259914,
              2711.0363121526316
            ],
            [
              4848.090202664025,
              2715.407756433822
            ],
            [
              4820.68821054243,
              2727.452163872309
            ],
            [
              4805.710181497387,
              2754.3797346660867
            ],
            [
              4819.772101586335,
              2761.5045176893473
            ],
            [
              4871.9807076822035,
              2767.532917493023
            ],
            [
              4923.653183992836,
              2793.7756718583405
            ],
            [
              4965.257226974587,
              2836.4306049430743
            ],
            [
              5005.989687389927,
              2898.234870929271
            ],
            [
              5033.222218875773,
              2932.3452096190304
            ],
            [
              5084.317959079286,
              2953.249929981306
            ],
            [
              5125.666180926957,
              2952.5858268719167
            ],
            [
              5153.816053778399,
              2939.1512954002246
            ],
            [
              5167.336888139253,
              2913.5966998767108
            ],
            [
              5180.6860028278315,
              2880.935320816934
            ]
          ]
        ]
      },
      "properties": {
        "id": "forest:way:1395881742",
        "tags": {
          "natural": "wood",
          "winter_sports_id": "1228774360",
          "winter_sports_name": "Killington Resort",
          "State": "Vermont",
          "Country": "United States of America",
          "Ski Area": "Killington Resort",
          "region": "north-america/us/vermont"
        },
        "natural": "wood"
      }
    },
    {
      "type": "Feature",
      "geometry": {
        "type": "Polygon",
        "coordinates": [
          [
            [
              5171.006437291391,
              3078.5350522268564
            ],
            [
              5162.938185742241,
              3020.4553636191413
            ],
            [
              5148.943452389329,
              2987.5014801789075
            ],
            [
              5137.772848186898,
              3034.025854012929
            ],
            [
              5121.55628950207,
              3115.869555477053
            ],
            [
              5172.948216656223,
              3114.6429066611454
            ],
            [
              5171.006437291391,
              3078.5350522268564
            ]
          ]
        ]
      },
      "properties": {
        "id": "forest:way:1395881745",
        "tags": {
          "natural": "wood",
          "winter_sports_id": "1228774360",
          "winter_sports_name": "Killington Resort",
          "State": "Vermont",
          "Country": "United States of America",
          "Ski Area": "Killington Resort",
          "region": "north-america/us/vermont"
        },
        "natural": "wood"
      }
    },
    {
      "type": "Feature",
      "geometry": {
        "type": "Polygon",
        "coordinates": [
          [
            [
              5203.493748444947,
              3081.222595094703
            ],
            [
              5204.133862765622,
              3048.7965598627925
            ],
            [
              5196.22562360845,
              3004.558713885024
            ],
            [
              5187.018480640254,
              2957.573925856501
            ],
            [
              5174.4537949428195,
              2950.6554052252322
            ],
            [
              5160.683822845109,
              2954.5966474907473
            ],
            [
              5155.948883080506,
              2978.065136395395
            ],
            [
              5167.7070546847535,
              3006.5129355741665
            ],
            [
              5181.980073220446,
              3059.991775451228
            ],
            [
              5182.365334606264,
              3113.0962339593098
            ],
            [
              5202.638180367532,
              3112.953722107224
            ],
            [
              5203.493748444947,
              3081.222595094703
            ]
          ]
        ]
      },
      "properties": {
        "id": "forest:way:1395881747",
        "tags": {
          "natural": "wood",
          "winter_sports_id": "1228774360",
          "winter_sports_name": "Killington Resort",
          "State": "Vermont",
          "Country": "United States of America",
          "Ski Area": "Killington Resort",
          "region": "north-america/us/vermont"
        },
        "natural": "wood"
      }
    },
    {
      "type": "Feature",
      "geometry": {
        "type": "Polygon",
        "coordinates": [
          [
            [
              5204.248122603749,
              2944.5231921421364
            ],
            [
              5217.381646350841,
              2916.2685300558805
            ],
            [
              5238.823652478517,
              2874.58930083178
            ],
            [
              5262.907776882988,
              2816.698606710881
            ],
            [
              5291.3669323795475,
              2760.6931990217417
            ],
            [
              5337.346762967762,
              2742.5609626965597
            ],
            [
              5388.153703763732,
              2742.1758345691487
            ],
            [
              5408.799344070023,
              2762.972615035251
            ],
            [
              5425.994193296065,
              2813.174303459935
            ],
            [
              5442.022571287234,
              2824.610386803746
            ],
            [
              5459.365157158347,
              2787.6670468430966
            ],
            [
              5475.673862478114,
              2756.419817253016
            ],
            [
              5493.131065012538,
              2698.7954776678234
            ],
            [
              5504.031362538342,
              2671.3590390924364
            ],
            [
              5521.6210131772095,
              2674.0347392186522
            ],
            [
              5531.710431320476,
              2709.5181161733344
            ],
            [
              5537.132204508525,
              2770.4055607132614
            ],
            [
              5548.307772456552,
              2847.2866784548387
            ],
            [
              5563.7900073115015,
              2928.2520809471607
            ],
            [
              5571.491681204061,
              2982.443547528237
            ],
            [
              5565.113087229314,
              3030.2305303495377
            ],
            [
              5557.260544110206,
              3072.198128607124
            ],
            [
              5571.209338020417,
              3073.2974256798625
            ],
            [
              5581.147566900356,
              3041.7116162022576
            ],
            [
              5605.345335562946,
              3040.375952884555
            ],
            [
              5631.601561704418,
              3043.2528554890305
            ],
            [
              5659.709700743551,
              3017.9489234844223
            ],
            [
              5687.830924075679,
              2992.467618965544
            ],
            [
              5684.549385067658,
              2945.675495396368
            ],
            [
              5663.256750193308,
              2913.612352831289
            ],
            [
              5637.998802928836,
              2880.3528960896656
            ],
            [
              5622.94437741919,
              2852.6153501113877
            ],
            [
              5613.871140622534,
              2818.7041699513793
            ],
            [
              5598.012662290013,
              2719.9896544627845
            ],
            [
              5578.08080225077,
              2630.934866338037
            ],
            [
              5572.104941853788,
              2592.1592765962705
            ],
            [
              5568.697408485459,
              2591.233843195252
            ],
            [
              5491.6903582166415,
              2575.783277988434
            ],
            [
              5484.580608172808,
              2574.8652732456103
            ],
            [
              5477.4271551859565,
              2574.9500889619812
            ],
            [
              5470.3044259118615,
              2576.036842653528
            ],
            [
              5463.286527250544,
              2578.114227592945
            ],
            [
              5456.446475209785,
              2581.1606304524466
            ],
            [
              5373.029947460047,
              2624.8234699107707
            ],
            [
              5316.13830937515,
              2628.2141835233197
            ],
            [
              5308.757107738173,
              2629.1918390942737
            ],
            [
              5305.420575040509,
              2630.127406220883
            ],
            [
              5287.836992528755,
              2655.332325396128
            ],
            [
              5243.3625204454875,
              2723.0429323306307
            ],
            [
              5214.6769816611195,
              2781.1652954341844
            ],
            [
              5200.839379637386,
              2797.4862245880067
            ],
            [
              5199.265229037148,
              2844.4915414862335
            ],
            [
              5190.2609980681445,
              2884.627835566178
            ],
            [
              5173.132059412426,
              2921.199644946493
            ],
            [
              5163.783913306193,
              2938.1529251988977
            ],
            [
              5193.098352352972,
              2948.623932047747
            ],
            [
              5204.248122603749,
              2944.5231921421364
            ]
          ]
        ]
      },
      "properties": {
        "id": "forest:way:1395881748",
        "tags": {
          "natural": "wood",
          "winter_sports_id": "1228774360",
          "winter_sports_name": "Killington Resort",
          "State": "Vermont",
          "Country": "United States of America",
          "Ski Area": "Killington Resort",
          "region": "north-america/us/vermont"
        },
        "natural": "wood"
      }
    },
    {
      "type": "Feature",
      "geometry": {
        "type": "Polygon",
        "coordinates": [
          [
            [
              5266.593527400051,
              3081.5571636604145
            ],
            [
              5282.557043553912,
              3054.3681472698227
            ],
            [
              5308.011205475894,
              3025.312320187688
            ],
            [
              5311.589288025745,
              3016.9062333768234
            ],
            [
              5281.277520964271,
              3022.76836656034
            ],
            [
              5240.6087679018965,
              3017.114531673491
            ],
            [
              5211.253874867456,
              3009.9543321039528
            ],
            [
              5211.626067807898,
              3052.4551919084042
            ],
            [
              5217.869706016383,
              3080.85444151517
            ],
            [
              5225.884014619398,
              3099.8874460663646
            ],
            [
              5236.429043759941,
              3104.4286807281896
            ],
            [
              5251.770832752809,
              3100.2854802599177
            ],
            [
              5266.593527400051,
              3081.5571636604145
            ]
          ]
        ]
      },
      "properties": {
        "id": "forest:way:1395881749",
        "tags": {
          "natural": "wood",
          "winter_sports_id": "1228774360",
          "winter_sports_name": "Killington Resort",
          "State": "Vermont",
          "Country": "United States of America",
          "Ski Area": "Killington Resort",
          "region": "north-america/us/vermont"
        },
        "natural": "wood"
      }
    },
    {
      "type": "Feature",
      "geometry": {
        "type": "Polygon",
        "coordinates": [
          [
            [
              5267.984836059972,
              2994.3456371063367
            ],
            [
              5322.9889917447,
              2990.072099720128
            ],
            [
              5338.933036287548,
              2973.4970516450703
            ],
            [
              5370.599576565204,
              2928.8153038322926
            ],
            [
              5414.253159363056,
              2868.4856443898752
            ],
            [
              5431.260865054326,
              2851.4171176822856
            ],
            [
              5438.209857220994,
              2837.211378616281
            ],
            [
              5424.229133298737,
              2829.4983743755147
            ],
            [
              5404.189427069738,
              2803.3162190895528
            ],
            [
              5395.279080924811,
              2773.499949324876
            ],
            [
              5388.308715248713,
              2759.174141404219
            ],
            [
              5354.224377952982,
              2756.9539658250287
            ],
            [
              5317.21440275386,
              2765.891826431267
            ],
            [
              5294.342194605735,
              2795.895355904475
            ],
            [
              5265.289325260441,
              2850.8621985549107
            ],
            [
              5240.054223072249,
              2910.111158938147
            ],
            [
              5214.522231808514,
              2951.0354569368064
            ],
            [
              5196.802956086234,
              2965.473393236287
            ],
            [
              5218.7037268477725,
              2990.9270845064893
            ],
            [
              5267.984836059972,
              2994.3456371063367
            ]
          ]
        ]
      },
      "properties": {
        "id": "forest:way:1395881750",
        "tags": {
          "natural": "wood",
          "winter_sports_id": "1228774360",
          "winter_sports_name": "Killington Resort",
          "State": "Vermont",
          "Country": "United States of America",
          "Ski Area": "Killington Resort",
          "region": "north-america/us/vermont"
        },
        "natural": "wood"
      }
    },
    {
      "type": "Feature",
      "geometry": {
        "type": "Polygon",
        "coordinates": [
          [
            [
              5258.272012450383,
              3169.4264821596444
            ],
            [
              5265.82928672561,
              3181.1449753213674
            ],
            [
              5275.250339633552,
              3182.4438633089885
            ],
            [
              5282.085758857313,
              3172.4251076113433
            ],
            [
              5292.918429244892,
              3150.7327847313136
            ],
            [
              5301.595607412863,
              3130.8162230867893
            ],
            [
              5247.556874120841,
              3138.261320010759
            ],
            [
              5258.272012450383,
              3169.4264821596444
            ]
          ]
        ]
      },
      "properties": {
        "id": "forest:way:1395881751",
        "tags": {
          "natural": "wood",
          "winter_sports_id": "1228774360",
          "winter_sports_name": "Killington Resort",
          "State": "Vermont",
          "Country": "United States of America",
          "Ski Area": "Killington Resort",
          "region": "north-america/us/vermont"
        },
        "natural": "wood"
      }
    },
    {
      "type": "Feature",
      "geometry": {
        "type": "Polygon",
        "coordinates": [
          [
            [
              5357.583998524351,
              3041.254385884851
            ],
            [
              5353.933343489072,
              3040.377854032442
            ],
            [
              5347.265088440501,
              3054.0688557913527
            ],
            [
              5334.842851539026,
              3086.1769938273355
            ],
            [
              5335.180860939785,
              3102.680086459033
            ],
            [
              5358.535030538915,
              3103.565922773443
            ],
            [
              5360.115329219378,
              3074.0327817006037
            ],
            [
              5357.583998524351,
              3041.254385884851
            ]
          ]
        ]
      },
      "properties": {
        "id": "forest:way:1395881752",
        "tags": {
          "natural": "wood",
          "winter_sports_id": "1228774360",
          "winter_sports_name": "Killington Resort",
          "State": "Vermont",
          "Country": "United States of America",
          "Ski Area": "Killington Resort",
          "region": "north-america/us/vermont"
        },
        "natural": "wood"
      }
    },
    {
      "type": "Feature",
      "geometry": {
        "type": "Polygon",
        "coordinates": [
          [
            [
              5334.743403209723,
              3060.5330756967887
            ],
            [
              5348.165566738462,
              3030.2747023524716
            ],
            [
              5358.826483362704,
              3024.538307180628
            ],
            [
              5366.0294754893985,
              3030.2343850368634
            ],
            [
              5367.79124380264,
              3062.2028847299516
            ],
            [
              5367.2076397504425,
              3103.2775866938755
            ],
            [
              5485.005410569254,
              3098.0884453058243
            ],
            [
              5485.69765010546,
              3072.454756868072
            ],
            [
              5488.819687580573,
              3034.593994120136
            ],
            [
              5495.189889035071,
              3012.514696095139
            ],
            [
              5507.406279175193,
              2997.9288947898895
            ],
            [
              5527.451348678442,
              2975.4409418115392
            ],
            [
              5557.299934420618,
              2959.2419622885063
            ],
            [
              5552.0409192394,
              2930.3131989408284
            ],
            [
              5539.400521554868,
              2882.8571613542736
            ],
            [
              5529.782990876352,
              2830.514603802003
            ],
            [
              5523.230661423644,
              2771.719504003413
            ],
            [
              5513.036990290391,
              2701.822684154846
            ],
            [
              5507.028867694433,
              2700.6156646050513
            ],
            [
              5501.1688652148005,
              2723.2311190795153
            ],
            [
              5492.27563237946,
              2760.6803882857785
            ],
            [
              5479.278240462067,
              2794.606680519879
            ],
            [
              5460.302916036919,
              2816.3456554571167
            ],
            [
              5449.293803563225,
              2844.8350925408304
            ],
            [
              5440.161805881653,
              2862.1273028450087
            ],
            [
              5417.9481576408725,
              2887.1688939137384
            ],
            [
              5397.244409092818,
              2914.618699701503
            ],
            [
              5370.844162744121,
              2958.653321336955
            ],
            [
              5359.6397567825625,
              2984.525691555813
            ],
            [
              5338.25297014683,
              3008.278310279362
            ],
            [
              5317.24941803352,
              3037.28738896735
            ],
            [
              5289.935021044919,
              3076.3294221013784
            ],
            [
              5277.117146341479,
              3093.7780254688114
            ],
            [
              5277.108118177275,
              3103.992036117241
            ],
            [
              5315.457217230229,
              3103.715065569617
            ],
            [
              5320.215984598501,
              3092.8511828817427
            ],
            [
              5334.743403209723,
              3060.5330756967887
            ]
          ]
        ]
      },
      "properties": {
        "id": "forest:way:1395881753",
        "tags": {
          "natural": "wood",
          "winter_sports_id": "1228774360",
          "winter_sports_name": "Killington Resort",
          "State": "Vermont",
          "Country": "United States of America",
          "Ski Area": "Killington Resort",
          "region": "north-america/us/vermont"
        },
        "natural": "wood"
      }
    },
    {
      "type": "Feature",
      "geometry": {
        "type": "Polygon",
        "coordinates": [
          [
            [
              5543.020724262111,
              3050.184520511888
            ],
            [
              5549.990095039713,
              3016.095501350239
            ],
            [
              5558.790454228991,
              2981.789202367887
            ],
            [
              5543.347483619233,
              2979.793759411201
            ],
            [
              5516.455077655497,
              3003.152606549673
            ],
            [
              5499.991153468378,
              3029.393988016993
            ],
            [
              5495.4364743778715,
              3061.992219285108
            ],
            [
              5492.85516872257,
              3089.397678019479
            ],
            [
              5492.0903988807695,
              3098.279780062847
            ],
            [
              5541.088422165718,
              3082.8535735569894
            ],
            [
              5543.020724262111,
              3050.184520511888
            ]
          ]
        ]
      },
      "properties": {
        "id": "forest:way:1395881754",
        "tags": {
          "natural": "wood",
          "winter_sports_id": "1228774360",
          "winter_sports_name": "Killington Resort",
          "State": "Vermont",
          "Country": "United States of America",
          "Ski Area": "Killington Resort",
          "region": "north-america/us/vermont"
        },
        "natural": "wood"
      }
    },
    {
      "type": "Feature",
      "geometry": {
        "type": "Polygon",
        "coordinates": [
          [
            [
              5337.634632282192,
              3138.3350450154394
            ],
            [
              5336.987435017945,
              3152.4441588865593
            ],
            [
              5341.708518607658,
              3181.8805902851745
            ],
            [
              5348.010686159367,
              3182.0506538236514
            ],
            [
              5352.693494551233,
              3164.127010322176
            ],
            [
              5356.925385159091,
              3133.8874053452164
            ],
            [
              5348.1207947982475,
              3129.1928776958957
            ],
            [
              5337.634632282192,
              3138.3350450154394
            ]
          ]
        ]
      },
      "properties": {
        "id": "forest:way:1395881755",
        "tags": {
          "natural": "wood",
          "winter_sports_id": "1228774360",
          "winter_sports_name": "Killington Resort",
          "State": "Vermont",
          "Country": "United States of America",
          "Ski Area": "Killington Resort",
          "region": "north-america/us/vermont"
        },
        "natural": "wood"
      }
    },
    {
      "type": "Feature",
      "geometry": {
        "type": "Polygon",
        "coordinates": [
          [
            [
              5358.146564109833,
              3176.3112158495933
            ],
            [
              5352.380581092206,
              3214.6230361443013
            ],
            [
              5354.930704758619,
              3227.2512863706797
            ],
            [
              5362.147555743344,
              3232.4253648091108
            ],
            [
              5377.554021437536,
              3235.4530889261514
            ],
            [
              5386.053083230392,
              3232.0146866496652
            ],
            [
              5400.722004453302,
              3223.7746371366084
            ],
            [
              5423.1010453108465,
              3202.1385569218546
            ],
            [
              5442.684329372947,
              3177.281642173417
            ],
            [
              5458.574014243553,
              3152.8474270142615
            ],
            [
              5471.455861803261,
              3133.0445908261463
            ],
            [
              5366.179117506719,
              3131.514104439877
            ],
            [
              5358.146564109833,
              3176.3112158495933
            ]
          ]
        ]
      },
      "properties": {
        "id": "forest:way:1395881756",
        "tags": {
          "natural": "wood",
          "winter_sports_id": "1228774360",
          "winter_sports_name": "Killington Resort",
          "State": "Vermont",
          "Country": "United States of America",
          "Ski Area": "Killington Resort",
          "region": "north-america/us/vermont"
        },
        "natural": "wood"
      }
    },
    {
      "type": "Feature",
      "geometry": {
        "type": "Polygon",
        "coordinates": [
          [
            [
              5173.5568457612535,
              3243.0320565337315
            ],
            [
              5169.35813387495,
              3291.8515814328566
            ],
            [
              5183.508182416437,
              3299.2486663758755
            ],
            [
              5189.210712592816,
              3301.8448580820113
            ],
            [
              5201.231432026485,
              3306.5302539216354
            ],
            [
              5202.0786176751135,
              3305.3088573943824
            ],
            [
              5211.292469623266,
              3294.820677115582
            ],
            [
              5224.568164884113,
              3289.4213554700837
            ],
            [
              5238.832064164919,
              3276.7242345828563
            ],
            [
              5252.649102012161,
              3261.136424707249
            ],
            [
              5263.00977852568,
              3246.7558102197945
            ],
            [
              5268.78659608122,
              3217.6026085512713
            ],
            [
              5269.734414307983,
              3201.9233401911333
            ],
            [
              5263.406817380688,
              3193.1166720008478
            ],
            [
              5249.674397316994,
              3176.5190689899027
            ],
            [
              5241.361336793401,
              3163.4798129918054
            ],
            [
              5232.669333696249,
              3154.609412691556
            ],
            [
              5218.8352822063025,
              3151.3576884269714
            ],
            [
              5206.499807759188,
              3141.344311297871
            ],
            [
              5202.185664941324,
              3135.726296529174
            ],
            [
              5198.857935290202,
              3132.7579090846702
            ],
            [
              5181.546983827953,
              3131.7687984220684
            ],
            [
              5176.326070437091,
              3179.253774567507
            ],
            [
              5173.5568457612535,
              3243.0320565337315
            ]
          ]
        ]
      },
      "properties": {
        "id": "forest:way:1395881757",
        "tags": {
          "natural": "wood",
          "winter_sports_id": "1228774360",
          "winter_sports_name": "Killington Resort",
          "State": "Vermont",
          "Country": "United States of America",
          "Ski Area": "Killington Resort",
          "region": "north-america/us/vermont"
        },
        "natural": "wood"
      }
    },
    {
      "type": "Feature",
      "geometry": {
        "type": "Polygon",
        "coordinates": [
          [
            [
              4658.586034370703,
              3272.9371242299676
            ],
            [
              4657.643352290499,
              3275.3781092548743
            ],
            [
              4750.8561830953695,
              3272.224211473018
            ],
            [
              4764.157036691671,
              3232.196153271012
            ],
            [
              4794.990063885343,
              3139.9639859842137
            ],
            [
              4713.829968368402,
              3138.3145610541105
            ],
            [
              4658.586034370703,
              3272.9371242299676
            ]
          ]
        ]
      },
      "properties": {
        "id": "forest:way:1395881758",
        "tags": {
          "natural": "wood",
          "winter_sports_id": "1228774360",
          "winter_sports_name": "Killington Resort",
          "State": "Vermont",
          "Country": "United States of America",
          "Ski Area": "Killington Resort",
          "region": "north-america/us/vermont"
        },
        "natural": "wood"
      }
    },
    {
      "type": "Feature",
      "geometry": {
        "type": "MultiPolygon",
        "coordinates": [
          [
            [
              [
                5491.179991728743,
                3369.694830671884
              ],
              [
                5527.990263641812,
                3301.6788168828934
              ],
              [
                5519.106254979968,
                3284.9892911612988
              ],
              [
                5517.632601799094,
                3267.1995372874662
              ],
              [
                5522.250940381433,
                3240.916098680347
              ],
              [
                5530.766999854357,
                3206.95776017569
              ],
              [
                5518.295838599093,
                3202.28621303197
              ],
              [
                5498.562379581854,
                3241.365494053811
              ],
              [
                5482.923422905034,
                3281.633510957472
              ],
              [
                5480.575204095221,
                3312.9687102604657
              ],
              [
                5468.297946738894,
                3332.5210947776213
              ],
              [
                5457.659435624024,
                3326.376444960013
              ],
              [
                5453.78901725437,
                3302.842457433231
              ],
              [
                5455.504605488619,
                3269.5117836259305
              ],
              [
                5457.644874481601,
                3245.8733525071293
              ],
              [
                5464.428456669557,
                3217.447672889568
              ],
              [
                5470.708475288586,
                3192.420567422174
              ],
              [
                5474.1056085888995,
                3167.9936036160216
              ],
              [
                5474.299239963759,
                3155.73948276788
              ],
              [
                5454.7762636927655,
                3185.8328957231715
              ],
              [
                5439.014248466119,
                3217.206041482277
              ],
              [
                5431.485853813472,
                3237.331293253228
              ],
              [
                5425.385494071408,
                3260.496033029631
              ],
              [
                5431.7657363709295,
                3275.7173868287355
              ],
              [
                5420.295815924066,
                3294.9804434953257
              ],
              [
                5400.924185153446,
                3334.1475406708196
              ],
              [
                5383.421736480785,
                3360.016566605307
              ],
              [
                5376.195482591866,
                3362.0777708664536
              ],
              [
                5376.987848333549,
                3346.4832210671157
              ],
              [
                5385.184825143544,
                3322.819312149659
              ],
              [
                5384.622929734644,
                3294.5731998719275
              ],
              [
                5383.499502851162,
                3280.249571820721
              ],
              [
                5373.630104092299,
                3296.165965088643
              ],
              [
                5361.451711114845,
                3327.624873107299
              ],
              [
                5351.086280314601,
                3347.8625785131007
              ],
              [
                5344.231206658995,
                3349.933834474534
              ],
              [
                5340.696389746969,
                3341.1802156195045
              ],
              [
                5339.8288623431,
                3317.071593008004
              ],
              [
                5339.258308455697,
                3282.256568402052
              ],
              [
                5339.612058446277,
                3248.2000480107963
              ],
              [
                5336.837142214761,
                3204.1004779068753
              ],
              [
                5329.204259459977,
                3186.2112871902063
              ],
              [
                5323.698901588912,
                3173.269908124581
              ],
              [
                5327.178644553642,
                3156.2362965494394
              ],
              [
                5325.93847524561,
                3146.2330947918817
              ],
              [
                5320.76958786184,
                3141.770076310262
              ],
              [
                5301.917330546188,
                3154.8100678082556
              ],
              [
                5288.436793656088,
                3192.635937550105
              ],
              [
                5272.807377159712,
                3246.964517949149
              ],
              [
                5244.9015576659,
                3287.6134542953223
              ],
              [
                5222.833508061245,
                3300.7447399133816
              ],
              [
                5210.826093078125,
                3310.2700491147116
              ],
              [
                5323.901987833087,
                3354.3459888594225
              ],
              [
                5326.517356156139,
                3355.369851323776
              ],
              [
                5331.155840117019,
                3356.9497970175
              ],
              [
                5477.82837017125,
                3399.5848673954606
              ],
              [
                5491.179991728743,
                3369.694830671884
              ]
            ]
          ],
          [
            [
              [
                5165.504738834919,
                3270.034446567297
              ],
              [
                5163.6769057750935,
                3239.8870401903987
              ],
              [
                5163.2556630662875,
                3206.387626254931
              ],
              [
                5165.006525017321,
                3185.772928661667
              ],
              [
                5168.079976116074,
                3132.5727643789724
              ],
              [
                5107.804347139783,
                3134.1379834264517
              ],
              [
                5075.172682263772,
                3189.264701026492
              ],
              [
                5055.579581293394,
                3220.535418992862
              ],
              [
                5046.6041381792165,
                3264.0099277291447
              ],
              [
                5114.022233353346,
                3262.9294521054253
              ],
              [
                5139.103214084171,
                3276.0356641747057
              ],
              [
                5165.112453093519,
                3289.6321167750284
              ],
              [
                5165.504738834919,
                3270.034446567297
              ]
            ]
          ]
        ]
      },
      "properties": {
        "id": "forest:way:1395881758",
        "tags": {
          "natural": "wood",
          "winter_sports_id": "1228774360",
          "winter_sports_name": "Killington Resort",
          "State": "Vermont",
          "Country": "United States of America",
          "Ski Area": "Killington Resort",
          "region": "north-america/us/vermont"
        },
        "natural": "wood"
      }
    },
    {
      "type": "Feature",
      "geometry": {
        "type": "Polygon",
        "coordinates": [
          [
            [
              5481.100221291534,
              3196.6468581007794
            ],
            [
              5469.264642097638,
              3239.9074010839686
            ],
            [
              5465.986311645131,
              3272.4956569653004
            ],
            [
              5469.671117222984,
              3274.195657212287
            ],
            [
              5484.100684607052,
              3253.589941257611
            ],
            [
              5527.8942411271855,
              3152.474406096153
            ],
            [
              5516.62838554848,
              3135.164833981544
            ],
            [
              5485.1461668112315,
              3135.6371999122202
            ],
            [
              5485.64561945654,
              3156.912825274281
            ],
            [
              5481.100221291534,
              3196.6468581007794
            ]
          ]
        ]
      },
      "properties": {
        "id": "forest:way:1395882601",
        "tags": {
          "natural": "wood",
          "winter_sports_id": "1228774360",
          "winter_sports_name": "Killington Resort",
          "State": "Vermont",
          "Country": "United States of America",
          "Ski Area": "Killington Resort",
          "region": "north-america/us/vermont"
        },
        "natural": "wood"
      }
    },
    {
      "type": "Feature",
      "geometry": {
        "type": "Polygon",
        "coordinates": [
          [
            [
              5362.701034988975,
              3296.5934416800737
            ],
            [
              5369.207090457436,
              3283.520497865975
            ],
            [
              5380.021442926605,
              3264.606447062455
            ],
            [
              5348.403992588632,
              3259.9408514853567
            ],
            [
              5350.921328057069,
              3301.910607561469
            ],
            [
              5357.239521337673,
              3302.081118674949
            ],
            [
              5362.701034988975,
              3296.5934416800737
            ]
          ]
        ]
      },
      "properties": {
        "id": "forest:way:1395882602",
        "tags": {
          "natural": "wood",
          "winter_sports_id": "1228774360",
          "winter_sports_name": "Killington Resort",
          "State": "Vermont",
          "Country": "United States of America",
          "Ski Area": "Killington Resort",
          "region": "north-america/us/vermont"
        },
        "natural": "wood"
      }
    },
    {
      "type": "Feature",
      "geometry": {
        "type": "Polygon",
        "coordinates": [
          [
            [
              5398.648050115793,
              3313.4686128562316
            ],
            [
              5405.052251737798,
              3303.8718042112887
            ],
            [
              5414.2217821140075,
              3284.568851553835
            ],
            [
              5416.644197694724,
              3262.4384959572926
            ],
            [
              5423.378408259829,
              3222.3745207050815
            ],
            [
              5434.314208175987,
              3204.9531733840704
            ],
            [
              5441.807585970033,
              3192.4071000255644
            ],
            [
              5429.82673333108,
              3205.165456363
            ],
            [
              5403.652496132883,
              3232.7787225125358
            ],
            [
              5387.6990505869035,
              3244.929756355472
            ],
            [
              5392.0070651684655,
              3263.9296511523426
            ],
            [
              5395.041555361357,
              3287.029785144143
            ],
            [
              5390.452563900384,
              3315.2368921199813
            ],
            [
              5395.112988026347,
              3315.195973722264
            ],
            [
              5398.648050115793,
              3313.4686128562316
            ]
          ]
        ]
      },
      "properties": {
        "id": "forest:way:1395882603",
        "tags": {
          "natural": "wood",
          "winter_sports_id": "1228774360",
          "winter_sports_name": "Killington Resort",
          "State": "Vermont",
          "Country": "United States of America",
          "Ski Area": "Killington Resort",
          "region": "north-america/us/vermont"
        },
        "natural": "wood"
      }
    },
    {
      "type": "Feature",
      "geometry": {
        "type": "Polygon",
        "coordinates": [
          [
            [
              4774.869224039372,
              3271.411929973401
            ],
            [
              4946.119397169794,
              3265.621604995802
            ],
            [
              5032.427550592343,
              3264.2372150458395
            ],
            [
              5033.727233454469,
              3252.645598584786
            ],
            [
              5046.698189466959,
              3204.0022671250626
            ],
            [
              5068.83109409397,
              3171.37729723379
            ],
            [
              5093.636622175924,
              3132.177929124795
            ],
            [
              4813.464468425838,
              3137.926916331053
            ],
            [
              4774.869224039372,
              3271.411929973401
            ]
          ]
        ]
      },
      "properties": {
        "id": "forest:way:1395882604",
        "tags": {
          "natural": "wood",
          "winter_sports_id": "1228774360",
          "winter_sports_name": "Killington Resort",
          "State": "Vermont",
          "Country": "United States of America",
          "Ski Area": "Killington Resort",
          "region": "north-america/us/vermont"
        },
        "natural": "wood"
      }
    },
    {
      "type": "Feature",
      "geometry": {
        "type": "Polygon",
        "coordinates": [
          [
            [
              3566.5698874767404,
              927.8496023444459
            ],
            [
              3572.1059580710717,
              920.4841353213415
            ],
            [
              3566.5384182636626,
              882.1355317588896
            ],
            [
              3556.2422504230635,
              832.4018785851076
            ],
            [
              3549.6798857211834,
              795.604978476651
            ],
            [
              3539.6180643975968,
              772.4853170718998
            ],
            [
              3524.758684069151,
              752.3607369819656
            ],
            [
              3504.1873607060406,
              746.4878997886553
            ],
            [
              3500.1588548104046,
              756.0831808364019
            ],
            [
              3512.7561890928773,
              778.3368465267122
            ],
            [
              3518.5329432879807,
              809.1665651164949
            ],
            [
              3508.547436814988,
              818.291635020636
            ],
            [
              3494.379399282392,
              819.4806082416326
            ],
            [
              3480.313879161491,
              805.0233872197568
            ],
            [
              3465.925480938866,
              790.8576700929552
            ],
            [
              3456.5156136191217,
              778.7142614768818
            ],
            [
              3452.927066202159,
              783.6310650967062
            ],
            [
              3458.533517230535,
              797.2400978785008
            ],
            [
              3469.197689338005,
              833.2127355830744
            ],
            [
              3471.5947074819123,
              861.1402962412685
            ],
            [
              3461.016896134126,
              892.4671443384141
            ],
            [
              3451.329278248828,
              902.5449553988874
            ],
            [
              3443.573074224987,
              910.4736784473062
            ],
            [
              3499.570123154903,
              919.4813189208508
            ],
            [
              3566.5698874767404,
              927.8496023444459
            ]
          ]
        ]
      },
      "properties": {
        "id": "forest:way:1395882605",
        "tags": {
          "natural": "wood",
          "winter_sports_id": "1228774360",
          "winter_sports_name": "Killington Resort",
          "State": "Vermont",
          "Country": "United States of America",
          "Ski Area": "Killington Resort",
          "region": "north-america/us/vermont"
        },
        "natural": "wood"
      }
    },
    {
      "type": "Feature",
      "geometry": {
        "type": "Polygon",
        "coordinates": [
          [
            [
              3624.2918489099247,
              966.3239993220195
            ],
            [
              3648.501197730424,
              1000.7804787354544
            ],
            [
              3661.7858873622026,
              1020.8522097012028
            ],
            [
              3695.183258925914,
              1017.365475282073
            ],
            [
              3718.3476596050896,
              1020.1740082455799
            ],
            [
              3741.9906145617133,
              1028.9527025409043
            ],
            [
              3771.5100660561584,
              1029.4194383407012
            ],
            [
              3807.111597264535,
              1025.3697779737413
            ],
            [
              3847.71401777782,
              1034.2800100659952
            ],
            [
              3892.2251295510214,
              1049.863638249226
            ],
            [
              3941.4972539754817,
              1074.9777192883193
            ],
            [
              3975.5345913072815,
              1094.3606529217213
            ],
            [
              4033.9061540899565,
              1108.437895718962
            ],
            [
              4082.206275188946,
              1111.2982828766108
            ],
            [
              4121.686369860079,
              1103.2751899352297
            ],
            [
              4155.43569168204,
              1086.6518610743806
            ],
            [
              4176.907107759849,
              1070.6333297202364
            ],
            [
              4192.463244223618,
              1052.9003442851827
            ],
            [
              3613.060722595663,
              951.6198537852615
            ],
            [
              3624.2918489099247,
              966.3239993220195
            ]
          ]
        ]
      },
      "properties": {
        "id": "forest:way:1395882606",
        "tags": {
          "natural": "wood",
          "winter_sports_id": "1228774360",
          "winter_sports_name": "Killington Resort",
          "State": "Vermont",
          "Country": "United States of America",
          "Ski Area": "Killington Resort",
          "region": "north-america/us/vermont"
        },
        "natural": "wood"
      }
    },
    {
      "type": "Feature",
      "geometry": {
        "type": "Polygon",
        "coordinates": [
          [
            [
              3729.675289558829,
              1751.978968965821
            ],
            [
              3706.659920935519,
              1721.9329447112978
            ],
            [
              3691.479166076635,
              1693.085571304895
            ],
            [
              3681.5416173140984,
              1652.3970853285864
            ],
            [
              3676.5741482963786,
              1617.3430409217253
            ],
            [
              3671.899744483526,
              1578.5735289342701
            ],
            [
              3677.9074813245097,
              1552.6375724477693
            ],
            [
              3694.3145206021145,
              1535.6153824757785
            ],
            [
              3728.859065860859,
              1532.0262406589463
            ],
            [
              3770.778112390777,
              1540.2155989147723
            ],
            [
              3810.382271293085,
              1538.918338932097
            ],
            [
              3857.868794381735,
              1544.9008921161294
            ],
            [
              3927.615694756387,
              1543.0325069120154
            ],
            [
              3963.3392039695755,
              1532.2184267248958
            ],
            [
              3962.5386127217207,
              1518.0706258360296
            ],
            [
              3953.5640916634584,
              1515.085180701688
            ],
            [
              3921.1693192698294,
              1511.6730757867917
            ],
            [
              3891.9068864361616,
              1508.9228783631697
            ],
            [
              3859.9025138336,
              1505.7104614647105
            ],
            [
              3813.4715833048103,
              1489.5420394856483
            ],
            [
              3776.0415941701503,
              1484.1287825750187
            ],
            [
              3743.9998633187497,
              1476.8703035507351
            ],
            [
              3719.3800788585795,
              1466.3204442942515
            ],
            [
              3685.94658085634,
              1454.012479939498
            ],
            [
              3643.9076511358144,
              1426.4037237195298
            ],
            [
              3612.1702119667316,
              1407.7395979342982
            ],
            [
              3578.5686966012,
              1384.7690580291674
            ],
            [
              3539.4396386793815,
              1351.3036655439064
            ],
            [
              3517.8234473612392,
              1331.08751915209
            ],
            [
              3437.5589849916287,
              1259.0694426978007
            ],
            [
              3378.334621533868,
              1222.7793356645852
            ],
            [
              3342.7987087380607,
              1197.4689315259457
            ],
            [
              3322.381510782521,
              1195.5573841873556
            ],
            [
              3309.9182677945355,
              1198.881652363576
            ],
            [
              3304.23333045037,
              1217.3020789977163
            ],
            [
              3308.5949520777212,
              1225.4873679578304
            ],
            [
              3326.2498118932126,
              1239.5064996117726
            ],
            [
              3348.015329495771,
              1265.360917548649
            ],
            [
              3352.7429536161944,
              1282.8364557204768
            ],
            [
              3362.07606352726,
              1322.3633886594325
            ],
            [
              3364.6466548350872,
              1323.498930315487
            ],
            [
              3383.3554277352523,
              1332.2114743581042
            ],
            [
              3403.2112839863403,
              1332.4411070737988
            ],
            [
              3425.0439189904137,
              1338.5029927678406
            ],
            [
              3428.137680983986,
              1348.7884936677292
            ],
            [
              3426.8573144994443,
              1356.512127077207
            ],
            [
              3429.3368106717244,
              1372.2606006637216
            ],
            [
              3438.768188634189,
              1373.8793357852846
            ],
            [
              3452.4182185187237,
              1366.3302053343505
            ],
            [
              3468.1688311859034,
              1371.4741553189233
            ],
            [
              3472.266315565794,
              1389.5442724023014
            ],
            [
              3467.085875177989,
              1406.299785150215
            ],
            [
              3453.540354406927,
              1415.6855358853936
            ],
            [
              3434.3969778495375,
              1413.5853176172823
            ],
            [
              3421.2334770719754,
              1395.6400863369927
            ],
            [
              3413.743989965762,
              1389.9608875224367
            ],
            [
              3397.411530432524,
              1389.3695278838277
            ],
            [
              3376.686501111719,
              1399.0195757029578
            ],
            [
              3388.7660531954607,
              1421.5704676434398
            ],
            [
              3403.473910380155,
              1437.0338869756088
            ],
            [
              3414.603221622645,
              1472.1853558244184
            ],
            [
              3416.092524730717,
              1496.587695941329
            ],
            [
              3415.311614517006,
              1537.3564356295392
            ],
            [
              3408.194976073806,
              1574.9219104787335
            ],
            [
              3413.158766062581,
              1600.7840263340622
            ],
            [
              3422.0364058102714,
              1605.8889941927046
            ],
            [
              3428.9758731421316,
              1591.9145211307332
            ],
            [
              3446.23430488701,
              1552.0411936976016
            ],
            [
              3496.0619724487187,
              1509.658503943123
            ],
            [
              3540.8975310545648,
              1582.565252569504
            ],
            [
              3553.4376562688267,
              1592.069445911795
            ],
            [
              3589.044428344001,
              1591.0309271337464
            ],
            [
              3626.227696480928,
              1605.9615722624585
            ],
            [
              3636.349454356241,
              1616.1904416736215
            ],
            [
              3643.605783012579,
              1643.8812126656994
            ],
            [
              3637.438295219792,
              1665.2226975439116
            ],
            [
              3621.8411454766756,
              1695.481601539068
            ],
            [
              3666.3530819336884,
              1705.4401270151138
            ],
            [
              3694.257419942296,
              1723.3130699545145
            ],
            [
              3715.640610706876,
              1760.9398709582165
            ],
            [
              3740.7627126162406,
              1778.3385434197262
            ],
            [
              3745.62538928492,
              1773.7893966725096
            ],
            [
              3729.675289558829,
              1751.978968965821
            ]
          ]
        ]
      },
      "properties": {
        "id": "forest:way:1395882607",
        "tags": {
          "natural": "wood",
          "winter_sports_id": "1228774360",
          "winter_sports_name": "Killington Resort",
          "State": "Vermont",
          "Country": "United States of America",
          "Ski Area": "Killington Resort",
          "region": "north-america/us/vermont"
        },
        "natural": "wood"
      }
    },
    {
      "type": "Feature",
      "geometry": {
        "type": "Polygon",
        "coordinates": [
          [
            [
              1420.6923872643383,
              3649.380712633021
            ],
            [
              1446.943853996112,
              3638.6040483731776
            ],
            [
              1485.366746692569,
              3618.223980486393
            ],
            [
              1499.0733762629097,
              3609.4946150034666
            ],
            [
              1486.3780364504782,
              3601.334893990308
            ],
            [
              1440.605080645415,
              3623.332483205013
            ],
            [
              1392.9294225373305,
              3654.104799767025
            ],
            [
              1404.8617691673571,
              3653.8529914701357
            ],
            [
              1420.6923872643383,
              3649.380712633021
            ]
          ]
        ]
      },
      "properties": {
        "id": "forest:way:1395883414",
        "tags": {
          "natural": "wood",
          "winter_sports_id": "1228774360",
          "winter_sports_name": "Killington Resort",
          "State": "Vermont",
          "Country": "United States of America",
          "Ski Area": "Killington Resort",
          "region": "north-america/us/vermont"
        },
        "natural": "wood"
      }
    },
    {
      "type": "Feature",
      "geometry": {
        "type": "Polygon",
        "coordinates": [
          [
            [
              3441.2143621279392,
              1055.7860197201371
            ],
            [
              3536.5925405096496,
              1088.2403395688161
            ],
            [
              3584.883290323429,
              1101.1331231687218
            ],
            [
              3596.946338961716,
              1095.2645919090137
            ],
            [
              3607.9122173349606,
              1072.106215116568
            ],
            [
              3640.5582380379783,
              1031.721785414964
            ],
            [
              3650.601872839732,
              1023.7432456249371
            ],
            [
              3619.782568038674,
              986.0537605164573
            ],
            [
              3590.786222447292,
              948.1463757362217
            ],
            [
              3446.4459266728954,
              927.5330094443634
            ],
            [
              3388.9907980069984,
              928.0674554882571
            ],
            [
              3327.038870208198,
              942.1419662684202
            ],
            [
              3252.9611562042264,
              974.4547015484422
            ],
            [
              3251.4555354700424,
              982.1501232963055
            ],
            [
              3288.951057611732,
              1002.4885287312791
            ],
            [
              3441.2143621279392,
              1055.7860197201371
            ]
          ]
        ]
      },
      "properties": {
        "id": "forest:way:1395883415",
        "tags": {
          "natural": "wood",
          "winter_sports_id": "1228774360",
          "winter_sports_name": "Killington Resort",
          "State": "Vermont",
          "Country": "United States of America",
          "Ski Area": "Killington Resort",
          "region": "north-america/us/vermont"
        },
        "natural": "wood"
      }
    },
    {
      "type": "Feature",
      "geometry": {
        "type": "Polygon",
        "coordinates": [
          [
            [
              3269.30975662556,
              1030.8398799253628
            ],
            [
              3263.000917788595,
              1053.8783702561632
            ],
            [
              3239.3795944603626,
              1066.3969681253657
            ],
            [
              3234.2247517004143,
              1075.5400185482576
            ],
            [
              3251.674915223848,
              1080.8954225284979
            ],
            [
              3296.591782350908,
              1104.0102458260953
            ],
            [
              3315.905986191123,
              1126.6982734054327
            ],
            [
              3298.626485519577,
              1144.031544610858
            ],
            [
              3273.2672792724334,
              1154.1807850915939
            ],
            [
              3272.143715707469,
              1157.2406092183664
            ],
            [
              3303.9090515082935,
              1169.1795875942335
            ],
            [
              3342.708731231396,
              1189.0307683991268
            ],
            [
              3471.8499106332893,
              1274.7110398560762
            ],
            [
              3519.5802750108996,
              1318.530768708326
            ],
            [
              3598.74990279926,
              1386.1194008924067
            ],
            [
              3669.7060069435975,
              1431.8499536467716
            ],
            [
              3767.651708513149,
              1474.6795537369326
            ],
            [
              3807.852063149563,
              1480.4002446727827
            ],
            [
              3854.900499990792,
              1495.5292757339776
            ],
            [
              3896.796947860741,
              1501.851597162895
            ],
            [
              3968.812058144249,
              1507.902164668776
            ],
            [
              3998.836405152688,
              1497.8804437974468
            ],
            [
              4025.099676247104,
              1473.5762017490342
            ],
            [
              4033.6826521805488,
              1453.4777994314209
            ],
            [
              4056.281947825919,
              1467.0756435887888
            ],
            [
              4074.647884771228,
              1469.5458370186388
            ],
            [
              4088.776999977068,
              1449.8627744596452
            ],
            [
              4094.515198242385,
              1405.1032236190513
            ],
            [
              4111.505702811643,
              1374.1935056876391
            ],
            [
              4148.468758755946,
              1359.3679102621973
            ],
            [
              4159.064533864264,
              1344.9585649510846
            ],
            [
              4177.4828775234055,
              1313.5315276216716
            ],
            [
              4187.2229711638065,
              1267.4566155308858
            ],
            [
              4158.737618711311,
              1261.8919636644423
            ],
            [
              4168.025984455715,
              1211.5703460993245
            ],
            [
              4189.01052854443,
              1179.6452464805916
            ],
            [
              4204.830745009007,
              1139.39050212875
            ],
            [
              4215.211809621076,
              1090.5097411321476
            ],
            [
              4248.539029114065,
              1063.4280213192105
            ],
            [
              4270.173027207027,
              1060.3401725944132
            ],
            [
              4230.949304561713,
              1053.3537428332493
            ],
            [
              4201.368569879211,
              1067.5321038579568
            ],
            [
              4120.989876245963,
              1115.1044671284035
            ],
            [
              4074.7004312315257,
              1128.557977114804
            ],
            [
              4029.72796091286,
              1124.8086571097374
            ],
            [
              3935.5675758012803,
              1094.324768345803
            ],
            [
              3879.8053195877,
              1069.659522424452
            ],
            [
              3823.989511823398,
              1046.9828010080382
            ],
            [
              3797.947997426847,
              1045.4418089194223
            ],
            [
              3752.8163890502183,
              1047.6251904936507
            ],
            [
              3702.967685273965,
              1034.9896598188207
            ],
            [
              3661.7391334624263,
              1039.5341647649184
            ],
            [
              3632.0500007016817,
              1068.4052262492478
            ],
            [
              3611.207135160337,
              1105.7039387915283
            ],
            [
              3595.036328445305,
              1116.5753331389278
            ],
            [
              3555.872658583452,
              1107.3382604829967
            ],
            [
              3508.3830828556092,
              1091.6662617530674
            ],
            [
              3458.1350056399824,
              1072.8089884286746
            ],
            [
              3380.3459045052296,
              1045.0261732041836
            ],
            [
              3318.7266290173866,
              1027.2781983539462
            ],
            [
              3262.6266047497047,
              1004.5875765942037
            ],
            [
              3242.798540323158,
              996.6124879186973
            ],
            [
              3258.7952387338737,
              1017.4113813182339
            ],
            [
              3269.30975662556,
              1030.8398799253628
            ]
          ]
        ]
      },
      "properties": {
        "id": "forest:way:1395883416",
        "tags": {
          "natural": "wood",
          "winter_sports_id": "1228774360",
          "winter_sports_name": "Killington Resort",
          "State": "Vermont",
          "Country": "United States of America",
          "Ski Area": "Killington Resort",
          "region": "north-america/us/vermont"
        },
        "natural": "wood"
      }
    },
    {
      "type": "Feature",
      "geometry": {
        "type": "Polygon",
        "coordinates": [
          [
            [
              4303.011380338692,
              1057.230472004041
            ],
            [
              4338.62469638593,
              1062.997952375561
            ],
            [
              4376.626936467132,
              1068.840816336684
            ],
            [
              4412.07306931389,
              1085.0517542650923
            ],
            [
              4427.519530894933,
              1084.6770477322862
            ],
            [
              4438.516476631281,
              1096.597784511745
            ],
            [
              4439.215872870409,
              1119.3010677210987
            ],
            [
              4432.133144718478,
              1134.6045160824433
            ],
            [
              4417.43258703989,
              1150.837254232727
            ],
            [
              4394.95771391422,
              1146.1330867288634
            ],
            [
              4387.232983101974,
              1151.949876902625
            ],
            [
              4377.615268788766,
              1163.8955094767734
            ],
            [
              4344.769468608196,
              1183.8651720173657
            ],
            [
              4325.450512760202,
              1197.9291853383183
            ],
            [
              4310.310030124616,
              1202.8692213334143
            ],
            [
              4310.297502792324,
              1206.047604658641
            ],
            [
              4323.865495615406,
              1207.0338361300528
            ],
            [
              4347.576036807033,
              1208.4254784993827
            ],
            [
              4368.498688276741,
              1208.053035927005
            ],
            [
              4387.71352814557,
              1205.4008488776162
            ],
            [
              4410.452425086172,
              1199.3533359291032
            ],
            [
              4428.552912738873,
              1194.2817678498104
            ],
            [
              4462.336759114522,
              1181.8065650612116
            ],
            [
              4477.461518253316,
              1172.3428729129955
            ],
            [
              4489.564271338517,
              1159.9083515200764
            ],
            [
              4497.263090632041,
              1142.4208388198167
            ],
            [
              4500.401118743466,
              1133.2467569336295
            ],
            [
              4503.121843236266,
              1108.623546780087
            ],
            [
              4510.60226851108,
              1083.9280399726704
            ],
            [
              4519.53086636879,
              1058.849065975286
            ],
            [
              4523.660213162075,
              1028.095171830617
            ],
            [
              4528.543586312677,
              1009.7874771337956
            ],
            [
              4528.511675838847,
              1009.455580001697
            ],
            [
              4526.943233220489,
              1000.2604087460786
            ],
            [
              4524.723176563741,
              991.3371686041355
            ],
            [
              4521.87295243924,
              982.7720704926178
            ],
            [
              4518.420096088317,
              974.6478653401136
            ],
            [
              4514.397965456941,
              967.0430445736274
            ],
            [
              4509.845418961253,
              960.0310817500576
            ],
            [
              4504.806440089014,
              953.6797226704657
            ],
            [
              4499.329712467152,
              948.0503308214247
            ],
            [
              4493.468149493798,
              943.1972944950685
            ],
            [
              4487.278383085621,
              939.1675012726337
            ],
            [
              4480.8202164820395,
              935.9998850123957
            ],
            [
              4474.156046391581,
              933.7250496558845
            ],
            [
              4467.350260070874,
              932.3649735348299
            ],
            [
              4452.422383783269,
              930.4103127382696
            ],
            [
              4429.042630568612,
              937.2852634405717
            ],
            [
              4401.667679137434,
              949.299090789631
            ],
            [
              4333.688179325662,
              997.0683145094663
            ],
            [
              4300.100385464262,
              1017.5740508111194
            ],
            [
              4266.034764250508,
              1032.709997090511
            ],
            [
              4284.904152874253,
              1046.5753393853083
            ],
            [
              4303.011380338692,
              1057.230472004041
            ]
          ]
        ]
      },
      "properties": {
        "id": "forest:way:1408228617",
        "tags": {
          "natural": "wood",
          "winter_sports_id": "1228774360",
          "winter_sports_name": "Killington Resort",
          "State": "Vermont",
          "Country": "United States of America",
          "Ski Area": "Killington Resort",
          "region": "north-america/us/vermont"
        },
        "natural": "wood"
      }
    }
  ]
}