{
"type": "FeatureCollection",
"name": "ski_areas",
"crs": { "type": "name", "properties": { "name": "urn:ogc:def:crs:OGC:1.3:CRS84" } },
"features": [
{ "type": "Feature", "properties": { "winter_sports_id": 608654682, "winter_sports_type": "way", "name": "AfriSki", "country": "Lesotho", "state": "Butha-Buthe", "total_area_ha": 19.48, "total_area_acres": 48.0, "skiable_terrain_ha": 2.35, "skiable_terrain_acres": 6.0, "total_lifts": 2, "longest_lift_mi": 0.55, "downhill_trails": 1, "longest_trail_mi": 0.0, "avg_trail_mi": 0.0, "trails_novice": 0, "trails_easy": 1, "trails_intermediate": 0, "trails_advanced": 0, "trails_expert": 0, "trails_freeride": 0, "trails_extreme": 0, "gladed_terrain": "No", "snow_park": "No", "sledding_tubing": "No", "lift_types": "t-bar: 2", "resort_type": "downhill ski resort", "region": "africa" }, "geometry": { "type": "Point", "coordinates": [ 28.723223, -28.819983 ] } },
{ "type": "Feature", "properties": { "winter_sports_id": 608655628, "winter_sports_type": "way", "name": "Tiffindell", "country": "South Africa", "state": "Eastern Cape", "total_area_ha": 6.2, "total_area_acres": 15.0, "skiable_terrain_ha": 4.62, "skiable_terrain_acres": 11.0, "total_lifts": 6, "longest_lift_mi": 0.4, "downhill_trails": 17, "longest_trail_mi": 0.01, "avg_trail_mi": 0.01, "trails_novice": 1, "trails_easy": 1, "trails_intermediate": 9, "trails_advanced": 0, "trails_expert": 0, "trails_freeride": 2, "trails_extreme": 0, "gladed_terrain": "No", "snow_park": "No", "sledding_tubing": "No", "lift_types": "platter: 3, rope tow: 3", "resort_type": "downhill ski resort", "region": "africa" }, "geometry": { "type": "Point", "coordinates": [ 27.926648, -30.650434 ] } },
{ "type": "Feature", "properties": { "winter_sports_id": 752031202, "winter_sports_type": "way", "name": "Habri ski resort", "country": "Morocco", "state": "Meknès - Tafilalet", "total_area_ha": 4.11, "total_area_acres": 10.0, "skiable_terrain_ha": 2.18, "skiable_terrain_acres": 5.0, "total_lifts": 1, "longest_lift_mi": 0.24, "downhill_trails": 2, "longest_trail_mi": 0.0, "avg_trail_mi": 0.0, "trails_novice": 0, "trails_easy": 0, "trails_intermediate": 2, "trails_advanced": 0, "trails_expert": 0, "trails_freeride": 0, "trails_extreme": 0, "gladed_terrain": "No", "snow_park": "No", "sledding_tubing": "No", "lift_types": "drag lift: 1", "resort_type": "downhill ski resort", "region": "africa" }, "geometry": { "type": "Point", "coordinates": [ -5.141063, 33.363712 ] } },
{ "type": "Feature", "properties": { "winter_sports_id": 752031203, "winter_sports_type": "way", "name": "Michlifen ski resort", "country": "Morocco", "state": "Meknès - Tafilalet", "total_area_ha": 25.99, "total_area_acres": 64.0, "skiable_terrain_ha": 3.46, "skiable_terrain_acres": 9.0, "total_lifts": 2, "longest_lift_mi": 0.27, "downhill_trails": 3, "longest_trail_mi": 0.0, "avg_trail_mi": 0.0, "trails_novice": 0, "trails_easy": 0, "trails_intermediate": 2, "trails_advanced": 1, "trails_expert": 0, "trails_freeride": 0, "trails_extreme": 0, "gladed_terrain": "No", "snow_park": "No", "sledding_tubing": "No", "lift_types": "drag lift: 2", "resort_type": "downhill ski resort", "region": "africa" }, "geometry": { "type": "Point", "coordinates": [ -5.080543, 33.411407 ] } },
{ "type": "Feature", "properties": { "winter_sports_id": 814240135, "winter_sports_type": "way", "name": "Oukaimden ski resort", "country": "Morocco", "state": "Marrakech - Tensift - Al Haouz", "total_area_ha": 163.02, "total_area_acres": 403.0, "skiable_terrain_ha": 65.97, "skiable_terrain_acres": 163.0, "total_lifts": 6, "longest_lift_mi": 0.94, "downhill_trails": 24, "longest_trail_mi": 0.0, "avg_trail_mi": 0.0, "trails_novice": 0, "trails_easy": 0, "trails_intermediate": 15, "trails_advanced": 7, "trails_expert": 2, "trails_freeride": 0, "trails_extreme": 0, "gladed_terrain": "No", "snow_park": "No", "sledding_tubing": "No", "lift_types": "chair lift: 1, drag lift: 5", "resort_type": "downhill ski resort", "region": "africa" }, "geometry": { "type": "Point", "coordinates": [ -7.858614, 31.190216 ] } },
{ "type": "Feature", "properties": { "winter_sports_id": 664735488, "winter_sports_type": "way", "name": "Ծաղկաձոր լեռնադահուկային առողջարան", "country": "Armenia", "state": "Kotayk", "total_area_ha": 510.41, "total_area_acres": 1261.0, "skiable_terrain_ha": 260.83, "skiable_terrain_acres": 645.0, "total_lifts": 5, "longest_lift_mi": 0.98, "downhill_trails": 32, "longest_trail_mi": 0.0, "avg_trail_mi": 0.0, "trails_novice": 2, "trails_easy": 18, "trails_intermediate": 2, "trails_advanced": 10, "trails_expert": 0, "trails_freeride": 0, "trails_extreme": 0, "gladed_terrain": "No", "snow_park": "No", "sledding_tubing": "No", "lift_types": "chair lift: 5", "resort_type": "downhill ski resort", "region": "asia/armenia" }, "geometry": { "type": "Point", "coordinates": [ 44.673871, 40.531311 ] } },
{ "type": "Feature", "properties": { "winter_sports_id": 314688853, "winter_sports_type": "way", "name": "Şahdağ Xizək Kompleksi", "country": "Azerbaijan", "state": "Qusar", "total_area_ha": 342.03, "total_area_acres": 845.0, "skiable_terrain_ha": 201.52, "skiable_terrain_acres": 498.0, "total_lifts": 9, "longest_lift_mi": 1.09, "downhill_trails": 18, "longest_trail_mi": 0.02, "avg_trail_mi": 0.01, "trails_novice": 0, "trails_easy": 0, "trails_intermediate": 8, "trails_advanced": 0, "trails_expert": 0, "trails_freeride": 0, "trails_extreme": 0, "gladed_terrain": "No", "snow_park": "No", "sledding_tubing": "No", "lift_types": "chair lift: 5, gondola: 3, platter: 1", "resort_type": "downhill ski resort", "region": "asia/azerbaijan" }, "geometry": { "type": "Point", "coordinates": [ 48.142487, 41.310306 ] } },
{ "type": "Feature", "properties": { "winter_sports_id": 1150933778, "winter_sports_type": "way", "name": "天柱山滑雪胜地", "country": "China", "state": "Anhui", "total_area_ha": 7.13, "total_area_acres": 18.0, "skiable_terrain_ha": 0.0, "skiable_terrain_acres": 0.0, "total_lifts": 0, "longest_lift_mi": 0.0, "downhill_trails": 0, "longest_trail_mi": 0.0, "avg_trail_mi": 0.0, "trails_novice": 0, "trails_easy": 0, "trails_intermediate": 0, "trails_advanced": 0, "trails_expert": 0, "trails_freeride": 0, "trails_extreme": 0, "gladed_terrain": "No", "snow_park": "No", "sledding_tubing": "No", "lift_types": null, "resort_type": "not a downhill ski resort", "region": "asia/china/anhui" }, "geometry": { "type": "Point", "coordinates": [ 116.428947, 30.776499 ] } },
{ "type": "Feature", "properties": { "winter_sports_id": 1359291270, "winter_sports_type": "way", "name": "岳西大别山滑雪乐园", "country": "China", "state": "Anhui", "total_area_ha": 2.15, "total_area_acres": 5.0, "skiable_terrain_ha": 0.11, "skiable_terrain_acres": 0.0, "total_lifts": 1, "longest_lift_mi": 0.08, "downhill_trails": 1, "longest_trail_mi": 0.0, "avg_trail_mi": 0.0, "trails_novice": 1, "trails_easy": 0, "trails_intermediate": 0, "trails_advanced": 0, "trails_expert": 0, "trails_freeride": 0, "trails_extreme": 0, "gladed_terrain": "No", "snow_park": "No", "sledding_tubing": "No", "lift_types": "magic carpet: 1", "resort_type": "downhill ski resort", "region": "asia/china/anhui" }, "geometry": { "type": "Point", "coordinates": [ 116.406797, 30.985147 ] } },
{ "type": "Feature", "properties": { "winter_sports_id": 1359291271, "winter_sports_type": "way", "name": "华佗百草园滑雪场", "country": "China", "state": "Anhui", "total_area_ha": 3.35, "total_area_acres": 8.0, "skiable_terrain_ha": 0.0, "skiable_terrain_acres": 0.0, "total_lifts": 0, "longest_lift_mi": 0.0, "downhill_trails": 0, "longest_trail_mi": 0.0, "avg_trail_mi": 0.0, "trails_novice": 0, "trails_easy": 0, "trails_intermediate": 0, "trails_advanced": 0, "trails_expert": 0, "trails_freeride": 0, "trails_extreme": 0, "gladed_terrain": "No", "snow_park": "No", "sledding_tubing": "No", "lift_types": null, "resort_type": "not a downhill ski resort", "region": "asia/china/anhui" }, "geometry": { "type": "Point", "coordinates": [ 115.707984, 33.799201 ] } },
{ "type": "Feature", "properties": { "winter_sports_id": 1359300436, "winter_sports_type": "way", "name": "桃花冲滑雪世界", "country": "China", "state": "Anhui", "total_area_ha": 2.7, "total_area_acres": 7.0, "skiable_terrain_ha": 1.29, "skiable_terrain_acres": 3.0, "total_lifts": 0, "longest_lift_mi": 0.0, "downhill_trails": 2, "longest_trail_mi": 0.17, "avg_trail_mi": 0.13, "trails_novice": 0, "trails_easy": 0, "trails_intermediate": 0, "trails_advanced": 0, "trails_expert": 0, "trails_freeride": 0, "trails_extreme": 0, "gladed_terrain": "No", "snow_park": "No", "sledding_tubing": "No", "lift_types": null, "resort_type": "downhill ski resort", "region": "asia/china/anhui" }, "geometry": { "type": "Point", "coordinates": [ 116.053823, 30.96593 ] } },
{ "type": "Feature", "properties": { "winter_sports_id": 46999143, "winter_sports_type": "way", "name": "Nanshan Ski Resort", "country": "China", "state": "Beijing", "total_area_ha": 41.21, "total_area_acres": 102.0, "skiable_terrain_ha": 20.72, "skiable_terrain_acres": 51.0, "total_lifts": 22, "longest_lift_mi": 0.55, "downhill_trails": 30, "longest_trail_mi": 0.16, "avg_trail_mi": 0.1, "trails_novice": 0, "trails_easy": 17, "trails_intermediate": 10, "trails_advanced": 2, "trails_expert": 1, "trails_freeride": 0, "trails_extreme": 0, "gladed_terrain": "No", "snow_park": "No", "sledding_tubing": "No", "lift_types": "chair lift: 3, drag lift: 4, magic carpet: 15", "resort_type": "downhill ski resort", "region": "asia/china/beijing" }, "geometry": { "type": "Point", "coordinates": [ 116.856486, 40.329966 ] } },
{ "type": "Feature", "properties": { "winter_sports_id": 549563446, "winter_sports_type": "way", "name": "军都山滑雪场", "country": "China", "state": "Beijing", "total_area_ha": 56.01, "total_area_acres": 138.0, "skiable_terrain_ha": 9.38, "skiable_terrain_acres": 23.0, "total_lifts": 11, "longest_lift_mi": 0.52, "downhill_trails": 8, "longest_trail_mi": 0.19, "avg_trail_mi": 0.14, "trails_novice": 1, "trails_easy": 3, "trails_intermediate": 3, "trails_advanced": 1, "trails_expert": 0, "trails_freeride": 0, "trails_extreme": 0, "gladed_terrain": "No", "snow_park": "No", "sledding_tubing": "No", "lift_types": "drag lift: 1, gondola: 2, magic carpet: 8", "resort_type": "downhill ski resort", "region": "asia/china/beijing" }, "geometry": { "type": "Point", "coordinates": [ 116.325558, 40.238046 ] } },
{ "type": "Feature", "properties": { "winter_sports_id": 756859588, "winter_sports_type": "way", "name": "怀北国际滑雪场", "country": "China", "state": "Beijing", "total_area_ha": 37.21, "total_area_acres": 92.0, "skiable_terrain_ha": 14.0, "skiable_terrain_acres": 35.0, "total_lifts": 8, "longest_lift_mi": 0.41, "downhill_trails": 13, "longest_trail_mi": 0.08, "avg_trail_mi": 0.08, "trails_novice": 1, "trails_easy": 2, "trails_intermediate": 8, "trails_advanced": 2, "trails_expert": 0, "trails_freeride": 0, "trails_extreme": 0, "gladed_terrain": "No", "snow_park": "No", "sledding_tubing": "No", "lift_types": "chair lift: 3, magic carpet: 5", "resort_type": "downhill ski resort", "region": "asia/china/beijing" }, "geometry": { "type": "Point", "coordinates": [ 116.651081, 40.446522 ] } },
{ "type": "Feature", "properties": { "winter_sports_id": 958363389, "winter_sports_type": "way", "name": "万科石京龙滑雪场", "country": "China", "state": "Beijing", "total_area_ha": 32.81, "total_area_acres": 81.0, "skiable_terrain_ha": 4.86, "skiable_terrain_acres": 12.0, "total_lifts": 7, "longest_lift_mi": 0.54, "downhill_trails": 10, "longest_trail_mi": 0.18, "avg_trail_mi": 0.11, "trails_novice": 2, "trails_easy": 3, "trails_intermediate": 4, "trails_advanced": 1, "trails_expert": 0, "trails_freeride": 0, "trails_extreme": 0, "gladed_terrain": "No", "snow_park": "No", "sledding_tubing": "No", "lift_types": "chair lift: 2, magic carpet: 4, platter: 1", "resort_type": "downhill ski resort", "region": "asia/china/beijing" }, "geometry": { "type": "Point", "coordinates": [ 115.962463, 40.526525 ] } },
{ "type": "Feature", "properties": { "winter_sports_id": 976963312, "winter_sports_type": "way", "name": "首钢滑雪大跳台", "country": "China", "state": "Beijing", "total_area_ha": 3.43, "total_area_acres": 8.0, "skiable_terrain_ha": 0.0, "skiable_terrain_acres": 0.0, "total_lifts": 0, "longest_lift_mi": 0.0, "downhill_trails": 0, "longest_trail_mi": 0.0, "avg_trail_mi": 0.0, "trails_novice": 0, "trails_easy": 0, "trails_intermediate": 0, "trails_advanced": 0, "trails_expert": 0, "trails_freeride": 0, "trails_extreme": 0, "gladed_terrain": "No", "snow_park": "No", "sledding_tubing": "No", "lift_types": null, "resort_type": "not a downhill ski resort", "region": "asia/china/beijing" }, "geometry": { "type": "Point", "coordinates": [ 116.145296, 39.910104 ] } },
{ "type": "Feature", "properties": { "winter_sports_id": 992613791, "winter_sports_type": "way", "name": "雁栖欢乐冰雪季", "country": "China", "state": "Beijing", "total_area_ha": 1.13, "total_area_acres": 3.0, "skiable_terrain_ha": 0.0, "skiable_terrain_acres": 0.0, "total_lifts": 0, "longest_lift_mi": 0.0, "downhill_trails": 0, "longest_trail_mi": 0.0, "avg_trail_mi": 0.0, "trails_novice": 0, "trails_easy": 0, "trails_intermediate": 0, "trails_advanced": 0, "trails_expert": 0, "trails_freeride": 0, "trails_extreme": 0, "gladed_terrain": "No", "snow_park": "No", "sledding_tubing": "No", "lift_types": null, "resort_type": "not a downhill ski resort", "region": "asia/china/beijing" }, "geometry": { "type": "Point", "coordinates": [ 116.651689, 40.363122 ] } },
{ "type": "Feature", "properties": { "winter_sports_id": 997113561, "winter_sports_type": "way", "name": "国家高山滑雪中心", "country": "China", "state": "Beijing", "total_area_ha": 533.95, "total_area_acres": 1319.0, "skiable_terrain_ha": 242.11, "skiable_terrain_acres": 598.0, "total_lifts": 9, "longest_lift_mi": 1.14, "downhill_trails": 20, "longest_trail_mi": 0.03, "avg_trail_mi": 0.03, "trails_novice": 0, "trails_easy": 8, "trails_intermediate": 3, "trails_advanced": 2, "trails_expert": 5, "trails_freeride": 0, "trails_extreme": 0, "gladed_terrain": "No", "snow_park": "No", "sledding_tubing": "No", "lift_types": "chair lift: 4, drag lift: 2, gondola: 3", "resort_type": "downhill ski resort", "region": "asia/china/beijing" }, "geometry": { "type": "Point", "coordinates": [ 115.801916, 40.541983 ] } },
{ "type": "Feature", "properties": { "winter_sports_id": 998811773, "winter_sports_type": "way", "name": "云佛山滑雪场", "country": "China", "state": "Beijing", "total_area_ha": 7.72, "total_area_acres": 19.0, "skiable_terrain_ha": 2.59, "skiable_terrain_acres": 6.0, "total_lifts": 7, "longest_lift_mi": 0.33, "downhill_trails": 6, "longest_trail_mi": 0.14, "avg_trail_mi": 0.12, "trails_novice": 0, "trails_easy": 2, "trails_intermediate": 2, "trails_advanced": 1, "trails_expert": 0, "trails_freeride": 0, "trails_extreme": 0, "gladed_terrain": "No", "snow_park": "No", "sledding_tubing": "No", "lift_types": "drag lift: 5, gondola: 2", "resort_type": "downhill ski resort", "region": "asia/china/beijing" }, "geometry": { "type": "Point", "coordinates": [ 116.876001, 40.471564 ] } },
{ "type": "Feature", "properties": { "winter_sports_id": 1028662039, "winter_sports_type": "way", "name": "北京渔阳国际滑雪场", "country": "China", "state": "Beijing", "total_area_ha": 0.63, "total_area_acres": 2.0, "skiable_terrain_ha": 11.65, "skiable_terrain_acres": 29.0, "total_lifts": 11, "longest_lift_mi": 0.75, "downhill_trails": 9, "longest_trail_mi": 0.29, "avg_trail_mi": 0.23, "trails_novice": 1, "trails_easy": 3, "trails_intermediate": 2, "trails_advanced": 3, "trails_expert": 0, "trails_freeride": 0, "trails_extreme": 0, "gladed_terrain": "No", "snow_park": "No", "sledding_tubing": "No", "lift_types": "chair lift: 2, magic carpet: 9", "resort_type": "downhill ski resort", "region": "asia/china/beijing" }, "geometry": { "type": "Point", "coordinates": [ 117.14093, 40.078258 ] } },
{ "type": "Feature", "properties": { "winter_sports_id": 1030939452, "winter_sports_type": "way", "name": "温泉冰雪体育公园", "country": "China", "state": "Beijing", "total_area_ha": 56.73, "total_area_acres": 140.0, "skiable_terrain_ha": 4.59, "skiable_terrain_acres": 11.0, "total_lifts": 7, "longest_lift_mi": 0.19, "downhill_trails": 9, "longest_trail_mi": 0.23, "avg_trail_mi": 0.13, "trails_novice": 0, "trails_easy": 4, "trails_intermediate": 4, "trails_advanced": 0, "trails_expert": 0, "trails_freeride": 0, "trails_extreme": 0, "gladed_terrain": "No", "snow_park": "No", "sledding_tubing": "No", "lift_types": "magic carpet: 7", "resort_type": "downhill ski resort", "region": "asia/china/beijing" }, "geometry": { "type": "Point", "coordinates": [ 116.151136, 40.034467 ] } },
{ "type": "Feature", "properties": { "winter_sports_id": 1035930707, "winter_sports_type": "way", "name": "国家雪车雪橇中心", "country": "China", "state": "Beijing", "total_area_ha": 26.35, "total_area_acres": 65.0, "skiable_terrain_ha": 66.29, "skiable_terrain_acres": 164.0, "total_lifts": 1, "longest_lift_mi": 1.41, "downhill_trails": 1, "longest_trail_mi": 0.0, "avg_trail_mi": 0.0, "trails_novice": 0, "trails_easy": 1, "trails_intermediate": 0, "trails_advanced": 0, "trails_expert": 0, "trails_freeride": 0, "trails_extreme": 0, "gladed_terrain": "No", "snow_park": "No", "sledding_tubing": "No", "lift_types": "gondola: 1", "resort_type": "downhill ski resort", "region": "asia/china/beijing" }, "geometry": { "type": "Point", "coordinates": [ 115.780671, 40.520767 ] } },
{ "type": "Feature", "properties": { "winter_sports_id": 1051962579, "winter_sports_type": "way", "name": "北京奥森四季滑雪场", "country": "China", "state": "Beijing", "total_area_ha": 2.08, "total_area_acres": 5.0, "skiable_terrain_ha": 0.0, "skiable_terrain_acres": 0.0, "total_lifts": 0, "longest_lift_mi": 0.0, "downhill_trails": 0, "longest_trail_mi": 0.0, "avg_trail_mi": 0.0, "trails_novice": 0, "trails_easy": 0, "trails_intermediate": 0, "trails_advanced": 0, "trails_expert": 0, "trails_freeride": 0, "trails_extreme": 0, "gladed_terrain": "No", "snow_park": "No", "sledding_tubing": "No", "lift_types": null, "resort_type": "not a downhill ski resort", "region": "asia/china/beijing" }, "geometry": { "type": "Point", "coordinates": [ 116.377109, 40.010965 ] } },
{ "type": "Feature", "properties": { "winter_sports_id": 1081726428, "winter_sports_type": "way", "name": "广宁冰雪嘉年华", "country": "China", "state": "Beijing", "total_area_ha": 1.11, "total_area_acres": 3.0, "skiable_terrain_ha": 0.0, "skiable_terrain_acres": 0.0, "total_lifts": 0, "longest_lift_mi": 0.0, "downhill_trails": 0, "longest_trail_mi": 0.0, "avg_trail_mi": 0.0, "trails_novice": 0, "trails_easy": 0, "trails_intermediate": 0, "trails_advanced": 0, "trails_expert": 0, "trails_freeride": 0, "trails_extreme": 0, "gladed_terrain": "No", "snow_park": "No", "sledding_tubing": "No", "lift_types": null, "resort_type": "not a downhill ski resort", "region": "asia/china/beijing" }, "geometry": { "type": "Point", "coordinates": [ 116.133285, 39.927799 ] } },
{ "type": "Feature", "properties": { "winter_sports_id": 1125982668, "winter_sports_type": "way", "name": "云居滑雪场", "country": "China", "state": "Beijing", "total_area_ha": 12.11, "total_area_acres": 30.0, "skiable_terrain_ha": 6.0, "skiable_terrain_acres": 15.0, "total_lifts": 1, "longest_lift_mi": 0.21, "downhill_trails": 6, "longest_trail_mi": 0.09, "avg_trail_mi": 0.09, "trails_novice": 0, "trails_easy": 1, "trails_intermediate": 5, "trails_advanced": 0, "trails_expert": 0, "trails_freeride": 0, "trails_extreme": 0, "gladed_terrain": "No", "snow_park": "No", "sledding_tubing": "No", "lift_types": "gondola: 1", "resort_type": "downhill ski resort", "region": "asia/china/beijing" }, "geometry": { "type": "Point", "coordinates": [ 115.765831, 39.596685 ] } },
{ "type": "Feature", "properties": { "winter_sports_id": 1243966309, "winter_sports_type": "way", "name": "八达岭滑雪场", "country": "China", "state": "Beijing", "total_area_ha": 24.55, "total_area_acres": 61.0, "skiable_terrain_ha": 7.83, "skiable_terrain_acres": 19.0, "total_lifts": 4, "longest_lift_mi": 0.32, "downhill_trails": 5, "longest_trail_mi": 0.16, "avg_trail_mi": 0.16, "trails_novice": 0, "trails_easy": 1, "trails_intermediate": 3, "trails_advanced": 1, "trails_expert": 0, "trails_freeride": 0, "trails_extreme": 0, "gladed_terrain": "No", "snow_park": "No", "sledding_tubing": "No", "lift_types": "magic carpet: 2, t-bar: 2", "resort_type": "downhill ski resort", "region": "asia/china/beijing" }, "geometry": { "type": "Point", "coordinates": [ 115.952004, 40.346102 ] } },
{ "type": "Feature", "properties": { "winter_sports_id": 1355950571, "winter_sports_type": "way", "name": "西山滑雪场", "country": "China", "state": "Beijing", "total_area_ha": 16.32, "total_area_acres": 40.0, "skiable_terrain_ha": 4.59, "skiable_terrain_acres": 11.0, "total_lifts": 7, "longest_lift_mi": 0.19, "downhill_trails": 9, "longest_trail_mi": 0.23, "avg_trail_mi": 0.13, "trails_novice": 0, "trails_easy": 4, "trails_intermediate": 4, "trails_advanced": 0, "trails_expert": 0, "trails_freeride": 0, "trails_extreme": 0, "gladed_terrain": "No", "snow_park": "No", "sledding_tubing": "No", "lift_types": "magic carpet: 7", "resort_type": "downhill ski resort", "region": "asia/china/beijing" }, "geometry": { "type": "Point", "coordinates": [ 116.151407, 40.032195 ] } },
{ "type": "Feature", "properties": { "winter_sports_id": 1355950585, "winter_sports_type": "way", "name": "静之湖滑雪场", "country": "China", "state": "Beijing", "total_area_ha": 12.08, "total_area_acres": 30.0, "skiable_terrain_ha": 0.98, "skiable_terrain_acres": 2.0, "total_lifts": 3, "longest_lift_mi": 0.15, "downhill_trails": 2, "longest_trail_mi": 0.12, "avg_trail_mi": 0.12, "trails_novice": 0, "trails_easy": 0, "trails_intermediate": 0, "trails_advanced": 0, "trails_expert": 0, "trails_freeride": 0, "trails_extreme": 0, "gladed_terrain": "No", "snow_park": "No", "sledding_tubing": "No", "lift_types": "magic carpet: 3", "resort_type": "downhill ski resort", "region": "asia/china/beijing" }, "geometry": { "type": "Point", "coordinates": [ 116.428879, 40.250638 ] } },
{ "type": "Feature", "properties": { "winter_sports_id": 1359291272, "winter_sports_type": "way", "name": "金佛山西坡滑雪场", "country": "China", "state": "Chongqing", "total_area_ha": 1.9, "total_area_acres": 5.0, "skiable_terrain_ha": 0.0, "skiable_terrain_acres": 0.0, "total_lifts": 1, "longest_lift_mi": 1.51, "downhill_trails": 0, "longest_trail_mi": 0.0, "avg_trail_mi": 0.0, "trails_novice": 0, "trails_easy": 0, "trails_intermediate": 0, "trails_advanced": 0, "trails_expert": 0, "trails_freeride": 0, "trails_extreme": 0, "gladed_terrain": "No", "snow_park": "No", "sledding_tubing": "No", "lift_types": "gondola: 1", "resort_type": "downhill ski resort", "region": "asia/china/chongqing" }, "geometry": { "type": "Point", "coordinates": [ 107.177727, 29.019314 ] } },
{ "type": "Feature", "properties": { "winter_sports_id": 1359291273, "winter_sports_type": "way", "name": "金佛山北坡滑雪场", "country": "China", "state": "Chongqing", "total_area_ha": 5.11, "total_area_acres": 13.0, "skiable_terrain_ha": 0.0, "skiable_terrain_acres": 0.0, "total_lifts": 1, "longest_lift_mi": 0.55, "downhill_trails": 0, "longest_trail_mi": 0.0, "avg_trail_mi": 0.0, "trails_novice": 0, "trails_easy": 0, "trails_intermediate": 0, "trails_advanced": 0, "trails_expert": 0, "trails_freeride": 0, "trails_extreme": 0, "gladed_terrain": "No", "snow_park": "No", "sledding_tubing": "No", "lift_types": "cable car: 1", "resort_type": "downhill ski resort", "region": "asia/china/chongqing" }, "geometry": { "type": "Point", "coordinates": [ 107.187326, 29.025185 ] } },
{ "type": "Feature", "properties": { "winter_sports_id": 1359291274, "winter_sports_type": "way", "name": "仙女山滑雪场", "country": "China", "state": "Chongqing", "total_area_ha": 6.43, "total_area_acres": 16.0, "skiable_terrain_ha": 2.48, "skiable_terrain_acres": 6.0, "total_lifts": 5, "longest_lift_mi": 0.12, "downhill_trails": 3, "longest_trail_mi": 0.19, "avg_trail_mi": 0.17, "trails_novice": 0, "trails_easy": 0, "trails_intermediate": 0, "trails_advanced": 0, "trails_expert": 0, "trails_freeride": 0, "trails_extreme": 0, "gladed_terrain": "No", "snow_park": "No", "sledding_tubing": "No", "lift_types": "magic carpet: 5", "resort_type": "downhill ski resort", "region": "asia/china/chongqing" }, "geometry": { "type": "Point", "coordinates": [ 107.71901, 29.473987 ] } },
{ "type": "Feature", "properties": { "winter_sports_id": 1359292064, "winter_sports_type": "way", "name": "南天湖滑雪场", "country": "China", "state": "Chongqing", "total_area_ha": 15.26, "total_area_acres": 38.0, "skiable_terrain_ha": 5.6, "skiable_terrain_acres": 14.0, "total_lifts": 3, "longest_lift_mi": 0.25, "downhill_trails": 3, "longest_trail_mi": 0.12, "avg_trail_mi": 0.12, "trails_novice": 0, "trails_easy": 0, "trails_intermediate": 0, "trails_advanced": 0, "trails_expert": 0, "trails_freeride": 0, "trails_extreme": 0, "gladed_terrain": "No", "snow_park": "No", "sledding_tubing": "No", "lift_types": "gondola: 1, magic carpet: 2", "resort_type": "downhill ski resort", "region": "asia/china/chongqing" }, "geometry": { "type": "Point", "coordinates": [ 107.814515, 29.588303 ] } },
{ "type": "Feature", "properties": { "winter_sports_id": 1359292625, "winter_sports_type": "way", "name": "石柱天山滑雪场", "country": "China", "state": "Hubei", "total_area_ha": 7.66, "total_area_acres": 19.0, "skiable_terrain_ha": 2.34, "skiable_terrain_acres": 6.0, "total_lifts": 0, "longest_lift_mi": 0.0, "downhill_trails": 4, "longest_trail_mi": 0.16, "avg_trail_mi": 0.12, "trails_novice": 0, "trails_easy": 0, "trails_intermediate": 0, "trails_advanced": 0, "trails_expert": 0, "trails_freeride": 0, "trails_extreme": 0, "gladed_terrain": "No", "snow_park": "No", "sledding_tubing": "No", "lift_types": null, "resort_type": "downhill ski resort", "region": "asia/china/chongqing" }, "geometry": { "type": "Point", "coordinates": [ 108.530768, 30.172607 ] } },
{ "type": "Feature", "properties": { "winter_sports_id": 1359293503, "winter_sports_type": "way", "name": "茅草坝滑雪场", "country": "China", "state": "Chongqing", "total_area_ha": 5.84, "total_area_acres": 14.0, "skiable_terrain_ha": 1.4, "skiable_terrain_acres": 3.0, "total_lifts": 3, "longest_lift_mi": 0.1, "downhill_trails": 4, "longest_trail_mi": 0.12, "avg_trail_mi": 0.11, "trails_novice": 0, "trails_easy": 0, "trails_intermediate": 0, "trails_advanced": 0, "trails_expert": 0, "trails_freeride": 0, "trails_extreme": 0, "gladed_terrain": "No", "snow_park": "No", "sledding_tubing": "No", "lift_types": "magic carpet: 3", "resort_type": "downhill ski resort", "region": "asia/china/chongqing" }, "geometry": { "type": "Point", "coordinates": [ 109.582121, 30.722765 ] } },
{ "type": "Feature", "properties": { "winter_sports_id": 1359293649, "winter_sports_type": "way", "name": "际华园室内滑雪场", "country": "China", "state": "Chongqing", "total_area_ha": 2.21, "total_area_acres": 5.0, "skiable_terrain_ha": 1.06, "skiable_terrain_acres": 3.0, "total_lifts": 0, "longest_lift_mi": 0.0, "downhill_trails": 2, "longest_trail_mi": 0.14, "avg_trail_mi": 0.11, "trails_novice": 0, "trails_easy": 0, "trails_intermediate": 0, "trails_advanced": 0, "trails_expert": 0, "trails_freeride": 0, "trails_extreme": 0, "gladed_terrain": "No", "snow_park": "No", "sledding_tubing": "No", "lift_types": null, "resort_type": "downhill ski resort", "region": "asia/china/chongqing" }, "geometry": { "type": "Point", "coordinates": [ 106.827912, 29.688695 ] } },
{ "type": "Feature", "properties": { "winter_sports_id": 1359298848, "winter_sports_type": "way", "name": "云阳龙缸滑雪场", "country": "China", "state": "Chongqing", "total_area_ha": 2.13, "total_area_acres": 5.0, "skiable_terrain_ha": 0.0, "skiable_terrain_acres": 0.0, "total_lifts": 0, "longest_lift_mi": 0.0, "downhill_trails": 0, "longest_trail_mi": 0.0, "avg_trail_mi": 0.0, "trails_novice": 0, "trails_easy": 0, "trails_intermediate": 0, "trails_advanced": 0, "trails_expert": 0, "trails_freeride": 0, "trails_extreme": 0, "gladed_terrain": "No", "snow_park": "No", "sledding_tubing": "No", "lift_types": null, "resort_type": "not a downhill ski resort", "region": "asia/china/chongqing" }, "geometry": { "type": "Point", "coordinates": [ 108.922397, 30.598886 ] } },
{ "type": "Feature", "properties": { "winter_sports_id": 407720449, "winter_sports_type": "way", "name": "兴隆山滑雪场", "country": "China", "state": "Gansu", "total_area_ha": 9.17, "total_area_acres": 23.0, "skiable_terrain_ha": 3.8, "skiable_terrain_acres": 9.0, "total_lifts": 4, "longest_lift_mi": 0.2, "downhill_trails": 6, "longest_trail_mi": 0.21, "avg_trail_mi": 0.15, "trails_novice": 0, "trails_easy": 0, "trails_intermediate": 0, "trails_advanced": 0, "trails_expert": 0, "trails_freeride": 0, "trails_extreme": 0, "gladed_terrain": "No", "snow_park": "No", "sledding_tubing": "No", "lift_types": "magic carpet: 4", "resort_type": "downhill ski resort", "region": "asia/china/gansu" }, "geometry": { "type": "Point", "coordinates": [ 104.07927, 35.815241 ] } },
{ "type": "Feature", "properties": { "winter_sports_id": 536749985, "winter_sports_type": "way", "name": "兰州龙山国际滑雪场", "country": "China", "state": "Gansu", "total_area_ha": 54.2, "total_area_acres": 134.0, "skiable_terrain_ha": 27.57, "skiable_terrain_acres": 68.0, "total_lifts": 5, "longest_lift_mi": 0.46, "downhill_trails": 8, "longest_trail_mi": 0.12, "avg_trail_mi": 0.11, "trails_novice": 0, "trails_easy": 4, "trails_intermediate": 2, "trails_advanced": 1, "trails_expert": 0, "trails_freeride": 0, "trails_extreme": 0, "gladed_terrain": "No", "snow_park": "No", "sledding_tubing": "No", "lift_types": "chair lift: 1, magic carpet: 4", "resort_type": "downhill ski resort", "region": "asia/china/gansu" }, "geometry": { "type": "Point", "coordinates": [ 103.980735, 36.124888 ] } },
{ "type": "Feature", "properties": { "winter_sports_id": 695951178, "winter_sports_type": "way", "name": "松鸣岩国际滑雪场", "country": "China", "state": "Gansu", "total_area_ha": 31.27, "total_area_acres": 77.0, "skiable_terrain_ha": 15.52, "skiable_terrain_acres": 38.0, "total_lifts": 1, "longest_lift_mi": 0.38, "downhill_trails": 7, "longest_trail_mi": 0.14, "avg_trail_mi": 0.14, "trails_novice": 0, "trails_easy": 0, "trails_intermediate": 0, "trails_advanced": 0, "trails_expert": 0, "trails_freeride": 0, "trails_extreme": 0, "gladed_terrain": "No", "snow_park": "No", "sledding_tubing": "No", "lift_types": "chair lift: 1", "resort_type": "downhill ski resort", "region": "asia/china/gansu" }, "geometry": { "type": "Point", "coordinates": [ 103.402961, 35.261884 ] } },
{ "type": "Feature", "properties": { "winter_sports_id": 996583003, "winter_sports_type": "way", "name": "乌鞘岭滑雪场", "country": "China", "state": "Gansu", "total_area_ha": 67.81, "total_area_acres": 168.0, "skiable_terrain_ha": 92.95, "skiable_terrain_acres": 230.0, "total_lifts": 3, "longest_lift_mi": 0.68, "downhill_trails": 9, "longest_trail_mi": 0.14, "avg_trail_mi": 0.14, "trails_novice": 1, "trails_easy": 0, "trails_intermediate": 0, "trails_advanced": 0, "trails_expert": 0, "trails_freeride": 0, "trails_extreme": 0, "gladed_terrain": "No", "snow_park": "No", "sledding_tubing": "No", "lift_types": "chair lift: 1, magic carpet: 2", "resort_type": "downhill ski resort", "region": "asia/china/gansu" }, "geometry": { "type": "Point", "coordinates": [ 102.850357, 37.18048 ] } },
{ "type": "Feature", "properties": { "winter_sports_id": 1356118521, "winter_sports_type": "way", "name": "安宁滑雪场", "country": "China", "state": "Gansu", "total_area_ha": 10.76, "total_area_acres": 27.0, "skiable_terrain_ha": 0.0, "skiable_terrain_acres": 0.0, "total_lifts": 0, "longest_lift_mi": 0.0, "downhill_trails": 0, "longest_trail_mi": 0.0, "avg_trail_mi": 0.0, "trails_novice": 0, "trails_easy": 0, "trails_intermediate": 0, "trails_advanced": 0, "trails_expert": 0, "trails_freeride": 0, "trails_extreme": 0, "gladed_terrain": "No", "snow_park": "No", "sledding_tubing": "No", "lift_types": null, "resort_type": "not a downhill ski resort", "region": "asia/china/gansu" }, "geometry": { "type": "Point", "coordinates": [ 103.720836, 36.129299 ] } },
{ "type": "Feature", "properties": { "winter_sports_id": 1358532035, "winter_sports_type": "way", "name": "陇东滑雪场", "country": "China", "state": "Gansu", "total_area_ha": 4.64, "total_area_acres": 11.0, "skiable_terrain_ha": 1.88, "skiable_terrain_acres": 5.0, "total_lifts": 3, "longest_lift_mi": 0.11, "downhill_trails": 3, "longest_trail_mi": 0.07, "avg_trail_mi": 0.07, "trails_novice": 0, "trails_easy": 0, "trails_intermediate": 0, "trails_advanced": 0, "trails_expert": 0, "trails_freeride": 0, "trails_extreme": 0, "gladed_terrain": "No", "snow_park": "No", "sledding_tubing": "No", "lift_types": "magic carpet: 3", "resort_type": "downhill ski resort", "region": "asia/china/gansu" }, "geometry": { "type": "Point", "coordinates": [ 107.634679, 35.436465 ] } },
{ "type": "Feature", "properties": { "winter_sports_id": 1358532886, "winter_sports_type": "way", "name": "泾川天池滑雪场", "country": "China", "state": "Gansu", "total_area_ha": 3.74, "total_area_acres": 9.0, "skiable_terrain_ha": 0.85, "skiable_terrain_acres": 2.0, "total_lifts": 0, "longest_lift_mi": 0.0, "downhill_trails": 1, "longest_trail_mi": 0.18, "avg_trail_mi": 0.18, "trails_novice": 0, "trails_easy": 0, "trails_intermediate": 0, "trails_advanced": 0, "trails_expert": 0, "trails_freeride": 0, "trails_extreme": 0, "gladed_terrain": "No", "snow_park": "No", "sledding_tubing": "No", "lift_types": null, "resort_type": "downhill ski resort", "region": "asia/china/gansu" }, "geometry": { "type": "Point", "coordinates": [ 107.315166, 35.327068 ] } },
{ "type": "Feature", "properties": { "winter_sports_id": 1358533471, "winter_sports_type": "way", "name": "麦积山滑雪场", "country": "China", "state": "Gansu", "total_area_ha": 5.71, "total_area_acres": 14.0, "skiable_terrain_ha": 1.42, "skiable_terrain_acres": 4.0, "total_lifts": 0, "longest_lift_mi": 0.0, "downhill_trails": 1, "longest_trail_mi": 0.29, "avg_trail_mi": 0.29, "trails_novice": 0, "trails_easy": 0, "trails_intermediate": 0, "trails_advanced": 0, "trails_expert": 0, "trails_freeride": 0, "trails_extreme": 0, "gladed_terrain": "No", "snow_park": "No", "sledding_tubing": "No", "lift_types": null, "resort_type": "downhill ski resort", "region": "asia/china/gansu" }, "geometry": { "type": "Point", "coordinates": [ 105.984557, 34.352227 ] } },
{ "type": "Feature", "properties": { "winter_sports_id": 1358534867, "winter_sports_type": "way", "name": "黄河石林滑雪场", "country": "China", "state": "Gansu", "total_area_ha": 10.06, "total_area_acres": 25.0, "skiable_terrain_ha": 5.62, "skiable_terrain_acres": 14.0, "total_lifts": 4, "longest_lift_mi": 0.13, "downhill_trails": 5, "longest_trail_mi": 0.24, "avg_trail_mi": 0.17, "trails_novice": 0, "trails_easy": 0, "trails_intermediate": 0, "trails_advanced": 0, "trails_expert": 0, "trails_freeride": 0, "trails_extreme": 0, "gladed_terrain": "No", "snow_park": "No", "sledding_tubing": "No", "lift_types": "magic carpet: 4", "resort_type": "downhill ski resort", "region": "asia/china/gansu" }, "geometry": { "type": "Point", "coordinates": [ 104.11021, 36.789505 ] } },
{ "type": "Feature", "properties": { "winter_sports_id": 1444644800, "winter_sports_type": "way", "name": "前海冰雪世界", "country": null, "state": null, "total_area_ha": 3.25, "total_area_acres": 8.0, "skiable_terrain_ha": 2.86, "skiable_terrain_acres": 7.0, "total_lifts": 0, "longest_lift_mi": 0.0, "downhill_trails": 3, "longest_trail_mi": 0.2, "avg_trail_mi": 0.2, "trails_novice": 0, "trails_easy": 1, "trails_intermediate": 1, "trails_advanced": 1, "trails_expert": 0, "trails_freeride": 0, "trails_extreme": 0, "gladed_terrain": "No", "snow_park": "No", "sledding_tubing": "No", "lift_types": null, "resort_type": "downhill ski resort", "region": "asia/china/guangdong" }, "geometry": { "type": "Point", "coordinates": [ 113.764104, 22.716591 ] } },
{ "type": "Feature", "properties": { "winter_sports_id": 1274350163, "winter_sports_type": "way", "name": "六盘水梅花山国际滑雪场", "country": "China", "state": "Guizhou", "total_area_ha": 19.82, "total_area_acres": 49.0, "skiable_terrain_ha": 13.07, "skiable_terrain_acres": 32.0, "total_lifts": 2, "longest_lift_mi": 2.17, "downhill_trails": 2, "longest_trail_mi": 0.0, "avg_trail_mi": 0.0, "trails_novice": 0, "trails_easy": 0, "trails_intermediate": 0, "trails_advanced": 0, "trails_expert": 0, "trails_freeride": 0, "trails_extreme": 0, "gladed_terrain": "No", "snow_park": "No", "sledding_tubing": "No", "lift_types": "cable car: 1, gondola: 1", "resort_type": "downhill ski resort", "region": "asia/china/guizhou" }, "geometry": { "type": "Point", "coordinates": [ 104.7406, 26.604664 ] } },
{ "type": "Feature", "properties": { "winter_sports_id": 46999143, "winter_sports_type": "way", "name": "Nanshan Ski Resort", "country": "China", "state": "Beijing", "total_area_ha": 41.21, "total_area_acres": 102.0, "skiable_terrain_ha": 20.72, "skiable_terrain_acres": 51.0, "total_lifts": 22, "longest_lift_mi": 0.55, "downhill_trails": 30, "longest_trail_mi": 0.16, "avg_trail_mi": 0.1, "trails_novice": 0, "trails_easy": 17, "trails_intermediate": 10, "trails_advanced": 2, "trails_expert": 1, "trails_freeride": 0, "trails_extreme": 0, "gladed_terrain": "No", "snow_park": "No", "sledding_tubing": "No", "lift_types": "chair lift: 3, drag lift: 4, magic carpet: 15", "resort_type": "downhill ski resort", "region": "asia/china/hebei" }, "geometry": { "type": "Point", "coordinates": [ 116.856486, 40.329966 ] } },
{ "type": "Feature", "properties": { "winter_sports_id": 507703932, "winter_sports_type": "way", "name": "太舞滑雪场", "country": "China", "state": "Hebei", "total_area_ha": 585.1, "total_area_acres": 1446.0, "skiable_terrain_ha": 108.49, "skiable_terrain_acres": 268.0, "total_lifts": 10, "longest_lift_mi": 1.23, "downhill_trails": 24, "longest_trail_mi": 0.1, "avg_trail_mi": 0.1, "trails_novice": 1, "trails_easy": 6, "trails_intermediate": 10, "trails_advanced": 4, "trails_expert": 3, "trails_freeride": 0, "trails_extreme": 0, "gladed_terrain": "No", "snow_park": "No", "sledding_tubing": "No", "lift_types": "chair lift: 3, gondola: 1, magic carpet: 6", "resort_type": "downhill ski resort", "region": "asia/china/hebei" }, "geometry": { "type": "Point", "coordinates": [ 115.436124, 40.883285 ] } },
{ "type": "Feature", "properties": { "winter_sports_id": 533578599, "winter_sports_type": "way", "name": "Wanlong Paradise Resort", "country": "China", "state": "Hebei", "total_area_ha": 490.81, "total_area_acres": 1213.0, "skiable_terrain_ha": 301.7, "skiable_terrain_acres": 746.0, "total_lifts": 8, "longest_lift_mi": 1.42, "downhill_trails": 41, "longest_trail_mi": 0.15, "avg_trail_mi": 0.15, "trails_novice": 1, "trails_easy": 4, "trails_intermediate": 17, "trails_advanced": 18, "trails_expert": 0, "trails_freeride": 0, "trails_extreme": 0, "gladed_terrain": "No", "snow_park": "No", "sledding_tubing": "No", "lift_types": "chair lift: 3, gondola: 4, magic carpet: 1", "resort_type": "downhill ski resort", "region": "asia/china/hebei" }, "geometry": { "type": "Point", "coordinates": [ 115.389981, 40.962452 ] } },
{ "type": "Feature", "properties": { "winter_sports_id": 533579023, "winter_sports_type": "way", "name": "密苑云顶乐园", "country": "China", "state": "Hebei", "total_area_ha": 442.77, "total_area_acres": 1094.0, "skiable_terrain_ha": 233.3, "skiable_terrain_acres": 576.0, "total_lifts": 7, "longest_lift_mi": 1.13, "downhill_trails": 37, "longest_trail_mi": 0.18, "avg_trail_mi": 0.15, "trails_novice": 0, "trails_easy": 4, "trails_intermediate": 16, "trails_advanced": 17, "trails_expert": 0, "trails_freeride": 0, "trails_extreme": 0, "gladed_terrain": "No", "snow_park": "No", "sledding_tubing": "No", "lift_types": "chair lift: 5, gondola: 1, magic carpet: 1", "resort_type": "downhill ski resort", "region": "asia/china/hebei" }, "geometry": { "type": "Point", "coordinates": [ 115.419193, 40.947941 ] } },
{ "type": "Feature", "properties": { "winter_sports_id": 533580382, "winter_sports_type": "way", "name": "多乐美地度假山庄&滑雪场", "country": "China", "state": "Hebei", "total_area_ha": 148.9, "total_area_acres": 368.0, "skiable_terrain_ha": 47.44, "skiable_terrain_acres": 117.0, "total_lifts": 4, "longest_lift_mi": 0.81, "downhill_trails": 9, "longest_trail_mi": 0.0, "avg_trail_mi": 0.0, "trails_novice": 0, "trails_easy": 1, "trails_intermediate": 7, "trails_advanced": 1, "trails_expert": 0, "trails_freeride": 0, "trails_extreme": 0, "gladed_terrain": "No", "snow_park": "No", "sledding_tubing": "No", "lift_types": "drag lift: 2, gondola: 1, magic carpet: 1", "resort_type": "downhill ski resort", "region": "asia/china/hebei" }, "geometry": { "type": "Point", "coordinates": [ 115.372485, 40.833738 ] } },
{ "type": "Feature", "properties": { "winter_sports_id": 549563446, "winter_sports_type": "way", "name": "军都山滑雪场", "country": "China", "state": "Beijing", "total_area_ha": 56.01, "total_area_acres": 138.0, "skiable_terrain_ha": 9.38, "skiable_terrain_acres": 23.0, "total_lifts": 11, "longest_lift_mi": 0.52, "downhill_trails": 8, "longest_trail_mi": 0.19, "avg_trail_mi": 0.14, "trails_novice": 1, "trails_easy": 3, "trails_intermediate": 3, "trails_advanced": 1, "trails_expert": 0, "trails_freeride": 0, "trails_extreme": 0, "gladed_terrain": "No", "snow_park": "No", "sledding_tubing": "No", "lift_types": "drag lift: 1, gondola: 2, magic carpet: 8", "resort_type": "downhill ski resort", "region": "asia/china/hebei" }, "geometry": { "type": "Point", "coordinates": [ 116.325558, 40.238046 ] } },
{ "type": "Feature", "properties": { "winter_sports_id": 583243276, "winter_sports_type": "way", "name": "南翠屏滑雪场", "country": "China", "state": "Tianjin", "total_area_ha": 1.24, "total_area_acres": 3.0, "skiable_terrain_ha": 0.62, "skiable_terrain_acres": 2.0, "total_lifts": 0, "longest_lift_mi": 0.0, "downhill_trails": 1, "longest_trail_mi": 0.13, "avg_trail_mi": 0.13, "trails_novice": 0, "trails_easy": 0, "trails_intermediate": 0, "trails_advanced": 0, "trails_expert": 0, "trails_freeride": 0, "trails_extreme": 0, "gladed_terrain": "No", "snow_park": "No", "sledding_tubing": "No", "lift_types": null, "resort_type": "downhill ski resort", "region": "asia/china/hebei" }, "geometry": { "type": "Point", "coordinates": [ 117.149684, 39.075977 ] } },
{ "type": "Feature", "properties": { "winter_sports_id": 756859588, "winter_sports_type": "way", "name": "怀北国际滑雪场", "country": "China", "state": "Beijing", "total_area_ha": 37.21, "total_area_acres": 92.0, "skiable_terrain_ha": 14.0, "skiable_terrain_acres": 35.0, "total_lifts": 8, "longest_lift_mi": 0.41, "downhill_trails": 13, "longest_trail_mi": 0.08, "avg_trail_mi": 0.08, "trails_novice": 1, "trails_easy": 2, "trails_intermediate": 8, "trails_advanced": 2, "trails_expert": 0, "trails_freeride": 0, "trails_extreme": 0, "gladed_terrain": "No", "snow_park": "No", "sledding_tubing": "No", "lift_types": "chair lift: 3, magic carpet: 5", "resort_type": "downhill ski resort", "region": "asia/china/hebei" }, "geometry": { "type": "Point", "coordinates": [ 116.651081, 40.446522 ] } },
{ "type": "Feature", "properties": { "winter_sports_id": 887434326, "winter_sports_type": "way", "name": "玉龙滑雪场", "country": "China", "state": "Tianjin", "total_area_ha": 6.56, "total_area_acres": 16.0, "skiable_terrain_ha": 1.54, "skiable_terrain_acres": 4.0, "total_lifts": 4, "longest_lift_mi": 0.1, "downhill_trails": 4, "longest_trail_mi": 0.12, "avg_trail_mi": 0.1, "trails_novice": 0, "trails_easy": 2, "trails_intermediate": 1, "trails_advanced": 0, "trails_expert": 0, "trails_freeride": 0, "trails_extreme": 0, "gladed_terrain": "No", "snow_park": "No", "sledding_tubing": "Yes", "lift_types": "chair lift: 1, magic carpet: 3", "resort_type": "downhill ski resort", "region": "asia/china/hebei" }, "geometry": { "type": "Point", "coordinates": [ 117.384597, 40.108754 ] } },
{ "type": "Feature", "properties": { "winter_sports_id": 920010113, "winter_sports_type": "way", "name": "拾雪川滑雪场", "country": "China", "state": "Hebei", "total_area_ha": 37.76, "total_area_acres": 93.0, "skiable_terrain_ha": 111.26, "skiable_terrain_acres": 275.0, "total_lifts": 13, "longest_lift_mi": 1.11, "downhill_trails": 45, "longest_trail_mi": 0.16, "avg_trail_mi": 0.09, "trails_novice": 5, "trails_easy": 7, "trails_intermediate": 15, "trails_advanced": 13, "trails_expert": 0, "trails_freeride": 0, "trails_extreme": 0, "gladed_terrain": "No", "snow_park": "No", "sledding_tubing": "No", "lift_types": "chair lift: 4, gondola: 1, magic carpet: 7, mixed lift: 1", "resort_type": "downhill ski resort", "region": "asia/china/hebei" }, "geometry": { "type": "Point", "coordinates": [ 115.319771, 40.972472 ] } },
{ "type": "Feature", "properties": { "winter_sports_id": 920010114, "winter_sports_type": "way", "name": "富龙滑雪场", "country": "China", "state": "Hebei", "total_area_ha": 203.66, "total_area_acres": 503.0, "skiable_terrain_ha": 111.37, "skiable_terrain_acres": 275.0, "total_lifts": 13, "longest_lift_mi": 1.11, "downhill_trails": 46, "longest_trail_mi": 0.16, "avg_trail_mi": 0.09, "trails_novice": 5, "trails_easy": 7, "trails_intermediate": 15, "trails_advanced": 14, "trails_expert": 0, "trails_freeride": 0, "trails_extreme": 0, "gladed_terrain": "No", "snow_park": "No", "sledding_tubing": "No", "lift_types": "chair lift: 4, gondola: 1, magic carpet: 7, mixed lift: 1", "resort_type": "downhill ski resort", "region": "asia/china/hebei" }, "geometry": { "type": "Point", "coordinates": [ 115.304135, 40.969088 ] } },
{ "type": "Feature", "properties": { "winter_sports_id": 920010115, "winter_sports_type": "way", "name": "翠云山银河滑雪场", "country": "China", "state": "Hebei", "total_area_ha": 126.01, "total_area_acres": 311.0, "skiable_terrain_ha": 46.25, "skiable_terrain_acres": 114.0, "total_lifts": 5, "longest_lift_mi": 0.75, "downhill_trails": 10, "longest_trail_mi": 0.0, "avg_trail_mi": 0.0, "trails_novice": 0, "trails_easy": 2, "trails_intermediate": 4, "trails_advanced": 4, "trails_expert": 0, "trails_freeride": 0, "trails_extreme": 0, "gladed_terrain": "No", "snow_park": "No", "sledding_tubing": "No", "lift_types": "gondola: 2, magic carpet: 3", "resort_type": "downhill ski resort", "region": "asia/china/hebei" }, "geometry": { "type": "Point", "coordinates": [ 115.305452, 40.998704 ] } },
{ "type": "Feature", "properties": { "winter_sports_id": 920010506, "winter_sports_type": "way", "name": "长城岭滑雪场", "country": "China", "state": "Hebei", "total_area_ha": 85.78, "total_area_acres": 212.0, "skiable_terrain_ha": 23.44, "skiable_terrain_acres": 58.0, "total_lifts": 5, "longest_lift_mi": 0.65, "downhill_trails": 7, "longest_trail_mi": 0.0, "avg_trail_mi": 0.0, "trails_novice": 1, "trails_easy": 0, "trails_intermediate": 1, "trails_advanced": 5, "trails_expert": 0, "trails_freeride": 0, "trails_extreme": 0, "gladed_terrain": "No", "snow_park": "No", "sledding_tubing": "No", "lift_types": "chair lift: 3, magic carpet: 1, rope tow: 1", "resort_type": "downhill ski resort", "region": "asia/china/hebei" }, "geometry": { "type": "Point", "coordinates": [ 115.453426, 41.005694 ] } },
{ "type": "Feature", "properties": { "winter_sports_id": 958363389, "winter_sports_type": "way", "name": "万科石京龙滑雪场", "country": "China", "state": "Beijing", "total_area_ha": 32.81, "total_area_acres": 81.0, "skiable_terrain_ha": 4.86, "skiable_terrain_acres": 12.0, "total_lifts": 7, "longest_lift_mi": 0.54, "downhill_trails": 10, "longest_trail_mi": 0.18, "avg_trail_mi": 0.11, "trails_novice": 2, "trails_easy": 3, "trails_intermediate": 4, "trails_advanced": 1, "trails_expert": 0, "trails_freeride": 0, "trails_extreme": 0, "gladed_terrain": "No", "snow_park": "No", "sledding_tubing": "No", "lift_types": "chair lift: 2, magic carpet: 4, platter: 1", "resort_type": "downhill ski resort", "region": "asia/china/hebei" }, "geometry": { "type": "Point", "coordinates": [ 115.962463, 40.526525 ] } },
{ "type": "Feature", "properties": { "winter_sports_id": 965690079, "winter_sports_type": "way", "name": "国家越野滑雪中心", "country": "China", "state": "Hebei", "total_area_ha": 73.21, "total_area_acres": 181.0, "skiable_terrain_ha": 22.32, "skiable_terrain_acres": 55.0, "total_lifts": 2, "longest_lift_mi": 0.12, "downhill_trails": 3, "longest_trail_mi": 0.0, "avg_trail_mi": 0.0, "trails_novice": 0, "trails_easy": 1, "trails_intermediate": 0, "trails_advanced": 1, "trails_expert": 0, "trails_freeride": 0, "trails_extreme": 0, "gladed_terrain": "No", "snow_park": "No", "sledding_tubing": "No", "lift_types": "magic carpet: 2", "resort_type": "downhill ski resort", "region": "asia/china/hebei" }, "geometry": { "type": "Point", "coordinates": [ 115.473223, 40.896116 ] } },
{ "type": "Feature", "properties": { "winter_sports_id": 966123528, "winter_sports_type": "way", "name": "国家跳台滑雪中心", "country": "China", "state": "Hebei", "total_area_ha": 35.97, "total_area_acres": 89.0, "skiable_terrain_ha": 37.43, "skiable_terrain_acres": 92.0, "total_lifts": 3, "longest_lift_mi": 0.62, "downhill_trails": 9, "longest_trail_mi": 0.0, "avg_trail_mi": 0.0, "trails_novice": 0, "trails_easy": 1, "trails_intermediate": 6, "trails_advanced": 1, "trails_expert": 0, "trails_freeride": 0, "trails_extreme": 0, "gladed_terrain": "No", "snow_park": "No", "sledding_tubing": "No", "lift_types": "chair lift: 1, magic carpet: 2", "resort_type": "downhill ski resort", "region": "asia/china/hebei" }, "geometry": { "type": "Point", "coordinates": [ 115.466468, 40.906717 ] } },
{ "type": "Feature", "properties": { "winter_sports_id": 976963312, "winter_sports_type": "way", "name": "首钢滑雪大跳台", "country": "China", "state": "Beijing", "total_area_ha": 3.43, "total_area_acres": 8.0, "skiable_terrain_ha": 0.0, "skiable_terrain_acres": 0.0, "total_lifts": 0, "longest_lift_mi": 0.0, "downhill_trails": 0, "longest_trail_mi": 0.0, "avg_trail_mi": 0.0, "trails_novice": 0, "trails_easy": 0, "trails_intermediate": 0, "trails_advanced": 0, "trails_expert": 0, "trails_freeride": 0, "trails_extreme": 0, "gladed_terrain": "No", "snow_park": "No", "sledding_tubing": "No", "lift_types": null, "resort_type": "not a downhill ski resort", "region": "asia/china/hebei" }, "geometry": { "type": "Point", "coordinates": [ 116.145296, 39.910104 ] } },
{ "type": "Feature", "properties": { "winter_sports_id": 992613791, "winter_sports_type": "way", "name": "雁栖欢乐冰雪季", "country": "China", "state": "Beijing", "total_area_ha": 1.13, "total_area_acres": 3.0, "skiable_terrain_ha": 0.0, "skiable_terrain_acres": 0.0, "total_lifts": 0, "longest_lift_mi": 0.0, "downhill_trails": 0, "longest_trail_mi": 0.0, "avg_trail_mi": 0.0, "trails_novice": 0, "trails_easy": 0, "trails_intermediate": 0, "trails_advanced": 0, "trails_expert": 0, "trails_freeride": 0, "trails_extreme": 0, "gladed_terrain": "No", "snow_park": "No", "sledding_tubing": "No", "lift_types": null, "resort_type": "not a downhill ski resort", "region": "asia/china/hebei" }, "geometry": { "type": "Point", "coordinates": [ 116.651689, 40.363122 ] } },
{ "type": "Feature", "properties": { "winter_sports_id": 997113561, "winter_sports_type": "way", "name": "国家高山滑雪中心", "country": "China", "state": "Beijing", "total_area_ha": 533.95, "total_area_acres": 1319.0, "skiable_terrain_ha": 242.11, "skiable_terrain_acres": 598.0, "total_lifts": 9, "longest_lift_mi": 1.14, "downhill_trails": 20, "longest_trail_mi": 0.03, "avg_trail_mi": 0.03, "trails_novice": 0, "trails_easy": 8, "trails_intermediate": 3, "trails_advanced": 2, "trails_expert": 5, "trails_freeride": 0, "trails_extreme": 0, "gladed_terrain": "No", "snow_park": "No", "sledding_tubing": "No", "lift_types": "chair lift: 4, drag lift: 2, gondola: 3", "resort_type": "downhill ski resort", "region": "asia/china/hebei" }, "geometry": { "type": "Point", "coordinates": [ 115.801916, 40.541983 ] } },
{ "type": "Feature", "properties": { "winter_sports_id": 997114631, "winter_sports_type": "way", "name": "国家冬季两项中心", "country": "China", "state": "Hebei", "total_area_ha": 45.24, "total_area_acres": 112.0, "skiable_terrain_ha": 257.69, "skiable_terrain_acres": 637.0, "total_lifts": 6, "longest_lift_mi": 1.41, "downhill_trails": 22, "longest_trail_mi": 0.0, "avg_trail_mi": 0.0, "trails_novice": 0, "trails_easy": 5, "trails_intermediate": 12, "trails_advanced": 4, "trails_expert": 0, "trails_freeride": 0, "trails_extreme": 0, "gladed_terrain": "No", "snow_park": "No", "sledding_tubing": "No", "lift_types": "chair lift: 1, gondola: 3, magic carpet: 2", "resort_type": "downhill ski resort", "region": "asia/china/hebei" }, "geometry": { "type": "Point", "coordinates": [ 115.478885, 40.91102 ] } },
{ "type": "Feature", "properties": { "winter_sports_id": 998811773, "winter_sports_type": "way", "name": "云佛山滑雪场", "country": "China", "state": "Beijing", "total_area_ha": 7.72, "total_area_acres": 19.0, "skiable_terrain_ha": 2.59, "skiable_terrain_acres": 6.0, "total_lifts": 7, "longest_lift_mi": 0.33, "downhill_trails": 6, "longest_trail_mi": 0.14, "avg_trail_mi": 0.12, "trails_novice": 0, "trails_easy": 2, "trails_intermediate": 2, "trails_advanced": 1, "trails_expert": 0, "trails_freeride": 0, "trails_extreme": 0, "gladed_terrain": "No", "snow_park": "No", "sledding_tubing": "No", "lift_types": "drag lift: 5, gondola: 2", "resort_type": "downhill ski resort", "region": "asia/china/hebei" }, "geometry": { "type": "Point", "coordinates": [ 116.876001, 40.471564 ] } },
{ "type": "Feature", "properties": { "winter_sports_id": 1028662039, "winter_sports_type": "way", "name": "北京渔阳国际滑雪场", "country": "China", "state": "Beijing", "total_area_ha": 0.63, "total_area_acres": 2.0, "skiable_terrain_ha": 11.65, "skiable_terrain_acres": 29.0, "total_lifts": 11, "longest_lift_mi": 0.75, "downhill_trails": 9, "longest_trail_mi": 0.29, "avg_trail_mi": 0.23, "trails_novice": 1, "trails_easy": 3, "trails_intermediate": 2, "trails_advanced": 3, "trails_expert": 0, "trails_freeride": 0, "trails_extreme": 0, "gladed_terrain": "No", "snow_park": "No", "sledding_tubing": "No", "lift_types": "chair lift: 2, magic carpet: 9", "resort_type": "downhill ski resort", "region": "asia/china/hebei" }, "geometry": { "type": "Point", "coordinates": [ 117.14093, 40.078258 ] } },
{ "type": "Feature", "properties": { "winter_sports_id": 1030939452, "winter_sports_type": "way", "name": "温泉冰雪体育公园", "country": "China", "state": "Beijing", "total_area_ha": 56.73, "total_area_acres": 140.0, "skiable_terrain_ha": 4.59, "skiable_terrain_acres": 11.0, "total_lifts": 7, "longest_lift_mi": 0.19, "downhill_trails": 9, "longest_trail_mi": 0.23, "avg_trail_mi": 0.13, "trails_novice": 0, "trails_easy": 4, "trails_intermediate": 4, "trails_advanced": 0, "trails_expert": 0, "trails_freeride": 0, "trails_extreme": 0, "gladed_terrain": "No", "snow_park": "No", "sledding_tubing": "No", "lift_types": "magic carpet: 7", "resort_type": "downhill ski resort", "region": "asia/china/hebei" }, "geometry": { "type": "Point", "coordinates": [ 116.151136, 40.034467 ] } },
{ "type": "Feature", "properties": { "winter_sports_id": 1035930707, "winter_sports_type": "way", "name": "国家雪车雪橇中心", "country": "China", "state": "Beijing", "total_area_ha": 26.35, "total_area_acres": 65.0, "skiable_terrain_ha": 66.29, "skiable_terrain_acres": 164.0, "total_lifts": 1, "longest_lift_mi": 1.41, "downhill_trails": 1, "longest_trail_mi": 0.0, "avg_trail_mi": 0.0, "trails_novice": 0, "trails_easy": 1, "trails_intermediate": 0, "trails_advanced": 0, "trails_expert": 0, "trails_freeride": 0, "trails_extreme": 0, "gladed_terrain": "No", "snow_park": "No", "sledding_tubing": "No", "lift_types": "gondola: 1", "resort_type": "downhill ski resort", "region": "asia/china/hebei" }, "geometry": { "type": "Point", "coordinates": [ 115.780671, 40.520767 ] } },
{ "type": "Feature", "properties": { "winter_sports_id": 1051962579, "winter_sports_type": "way", "name": "北京奥森四季滑雪场", "country": "China", "state": "Beijing", "total_area_ha": 2.08, "total_area_acres": 5.0, "skiable_terrain_ha": 0.0, "skiable_terrain_acres": 0.0, "total_lifts": 0, "longest_lift_mi": 0.0, "downhill_trails": 0, "longest_trail_mi": 0.0, "avg_trail_mi": 0.0, "trails_novice": 0, "trails_easy": 0, "trails_intermediate": 0, "trails_advanced": 0, "trails_expert": 0, "trails_freeride": 0, "trails_extreme": 0, "gladed_terrain": "No", "snow_park": "No", "sledding_tubing": "No", "lift_types": null, "resort_type": "not a downhill ski resort", "region": "asia/china/hebei" }, "geometry": { "type": "Point", "coordinates": [ 116.377109, 40.010965 ] } },
{ "type": "Feature", "properties": { "winter_sports_id": 1081726428, "winter_sports_type": "way", "name": "广宁冰雪嘉年华", "country": "China", "state": "Beijing", "total_area_ha": 1.11, "total_area_acres": 3.0, "skiable_terrain_ha": 0.0, "skiable_terrain_acres": 0.0, "total_lifts": 0, "longest_lift_mi": 0.0, "downhill_trails": 0, "longest_trail_mi": 0.0, "avg_trail_mi": 0.0, "trails_novice": 0, "trails_easy": 0, "trails_intermediate": 0, "trails_advanced": 0, "trails_expert": 0, "trails_freeride": 0, "trails_extreme": 0, "gladed_terrain": "No", "snow_park": "No", "sledding_tubing": "No", "lift_types": null, "resort_type": "not a downhill ski resort", "region": "asia/china/hebei" }, "geometry": { "type": "Point", "coordinates": [ 116.133285, 39.927799 ] } },
{ "type": "Feature", "properties": { "winter_sports_id": 1125982668, "winter_sports_type": "way", "name": "云居滑雪场", "country": "China", "state": "Beijing", "total_area_ha": 12.11, "total_area_acres": 30.0, "skiable_terrain_ha": 6.0, "skiable_terrain_acres": 15.0, "total_lifts": 1, "longest_lift_mi": 0.21, "downhill_trails": 6, "longest_trail_mi": 0.09, "avg_trail_mi": 0.09, "trails_novice": 0, "trails_easy": 1, "trails_intermediate": 5, "trails_advanced": 0, "trails_expert": 0, "trails_freeride": 0, "trails_extreme": 0, "gladed_terrain": "No", "snow_park": "No", "sledding_tubing": "No", "lift_types": "gondola: 1", "resort_type": "downhill ski resort", "region": "asia/china/hebei" }, "geometry": { "type": "Point", "coordinates": [ 115.765831, 39.596685 ] } },
{ "type": "Feature", "properties": { "winter_sports_id": 1201888224, "winter_sports_type": "way", "name": "燕塞山滑雪场", "country": "China", "state": "Hebei", "total_area_ha": 8.23, "total_area_acres": 20.0, "skiable_terrain_ha": 0.0, "skiable_terrain_acres": 0.0, "total_lifts": 0, "longest_lift_mi": 0.0, "downhill_trails": 0, "longest_trail_mi": 0.0, "avg_trail_mi": 0.0, "trails_novice": 0, "trails_easy": 0, "trails_intermediate": 0, "trails_advanced": 0, "trails_expert": 0, "trails_freeride": 0, "trails_extreme": 0, "gladed_terrain": "No", "snow_park": "No", "sledding_tubing": "No", "lift_types": null, "resort_type": "not a downhill ski resort", "region": "asia/china/hebei" }, "geometry": { "type": "Point", "coordinates": [ 119.636764, 40.046359 ] } },
{ "type": "Feature", "properties": { "winter_sports_id": 1202227601, "winter_sports_type": "way", "name": "紫云山滑雪场", "country": "China", "state": "Hebei", "total_area_ha": 17.01, "total_area_acres": 42.0, "skiable_terrain_ha": 2.05, "skiable_terrain_acres": 5.0, "total_lifts": 0, "longest_lift_mi": 0.0, "downhill_trails": 3, "longest_trail_mi": 0.2, "avg_trail_mi": 0.19, "trails_novice": 0, "trails_easy": 0, "trails_intermediate": 0, "trails_advanced": 0, "trails_expert": 0, "trails_freeride": 0, "trails_extreme": 0, "gladed_terrain": "No", "snow_park": "No", "sledding_tubing": "No", "lift_types": null, "resort_type": "downhill ski resort", "region": "asia/china/hebei" }, "geometry": { "type": "Point", "coordinates": [ 119.594472, 40.022253 ] } },
{ "type": "Feature", "properties": { "winter_sports_id": 1243966309, "winter_sports_type": "way", "name": "八达岭滑雪场", "country": "China", "state": "Beijing", "total_area_ha": 24.55, "total_area_acres": 61.0, "skiable_terrain_ha": 7.83, "skiable_terrain_acres": 19.0, "total_lifts": 4, "longest_lift_mi": 0.32, "downhill_trails": 5, "longest_trail_mi": 0.16, "avg_trail_mi": 0.16, "trails_novice": 0, "trails_easy": 1, "trails_intermediate": 3, "trails_advanced": 1, "trails_expert": 0, "trails_freeride": 0, "trails_extreme": 0, "gladed_terrain": "No", "snow_park": "No", "sledding_tubing": "No", "lift_types": "magic carpet: 2, t-bar: 2", "resort_type": "downhill ski resort", "region": "asia/china/hebei" }, "geometry": { "type": "Point", "coordinates": [ 115.952004, 40.346102 ] } },
{ "type": "Feature", "properties": { "winter_sports_id": 1313133992, "winter_sports_type": "way", "name": "雪如意滑雪场", "country": "China", "state": "Hebei", "total_area_ha": 615.33, "total_area_acres": 1521.0, "skiable_terrain_ha": 300.57, "skiable_terrain_acres": 743.0, "total_lifts": 7, "longest_lift_mi": 1.41, "downhill_trails": 29, "longest_trail_mi": 0.0, "avg_trail_mi": 0.0, "trails_novice": 0, "trails_easy": 7, "trails_intermediate": 14, "trails_advanced": 7, "trails_expert": 0, "trails_freeride": 0, "trails_extreme": 0, "gladed_terrain": "No", "snow_park": "No", "sledding_tubing": "No", "lift_types": "chair lift: 2, gondola: 3, magic carpet: 2", "resort_type": "downhill ski resort", "region": "asia/china/hebei" }, "geometry": { "type": "Point", "coordinates": [ 115.483226, 40.924968 ] } },
{ "type": "Feature", "properties": { "winter_sports_id": 1347762380, "winter_sports_type": "way", "name": "涞源七山滑雪场", "country": "China", "state": "Hebei", "total_area_ha": 95.42, "total_area_acres": 236.0, "skiable_terrain_ha": 37.95, "skiable_terrain_acres": 94.0, "total_lifts": 2, "longest_lift_mi": 0.75, "downhill_trails": 9, "longest_trail_mi": 0.15, "avg_trail_mi": 0.14, "trails_novice": 0, "trails_easy": 3, "trails_intermediate": 4, "trails_advanced": 2, "trails_expert": 0, "trails_freeride": 0, "trails_extreme": 0, "gladed_terrain": "No", "snow_park": "No", "sledding_tubing": "No", "lift_types": "chair lift: 1, gondola: 1", "resort_type": "downhill ski resort", "region": "asia/china/hebei" }, "geometry": { "type": "Point", "coordinates": [ 114.673865, 39.324242 ] } },
{ "type": "Feature", "properties": { "winter_sports_id": 1354178741, "winter_sports_type": "way", "name": "狼牙山滑雪场", "country": "China", "state": "Hebei", "total_area_ha": 14.65, "total_area_acres": 36.0, "skiable_terrain_ha": 3.04, "skiable_terrain_acres": 8.0, "total_lifts": 5, "longest_lift_mi": 0.11, "downhill_trails": 7, "longest_trail_mi": 0.11, "avg_trail_mi": 0.09, "trails_novice": 0, "trails_easy": 0, "trails_intermediate": 0, "trails_advanced": 0, "trails_expert": 0, "trails_freeride": 0, "trails_extreme": 0, "gladed_terrain": "No", "snow_park": "No", "sledding_tubing": "No", "lift_types": "magic carpet: 5", "resort_type": "downhill ski resort", "region": "asia/china/hebei" }, "geometry": { "type": "Point", "coordinates": [ 115.254425, 39.126721 ] } },
{ "type": "Feature", "properties": { "winter_sports_id": 1354183444, "winter_sports_type": "way", "name": "金山岭滑雪场", "country": "China", "state": "Hebei", "total_area_ha": 235.72, "total_area_acres": 582.0, "skiable_terrain_ha": 192.0, "skiable_terrain_acres": 474.0, "total_lifts": 2, "longest_lift_mi": 1.18, "downhill_trails": 19, "longest_trail_mi": 0.0, "avg_trail_mi": 0.0, "trails_novice": 0, "trails_easy": 2, "trails_intermediate": 5, "trails_advanced": 12, "trails_expert": 0, "trails_freeride": 0, "trails_extreme": 0, "gladed_terrain": "No", "snow_park": "No", "sledding_tubing": "No", "lift_types": "chair lift: 1, gondola: 1", "resort_type": "downhill ski resort", "region": "asia/china/hebei" }, "geometry": { "type": "Point", "coordinates": [ 117.494138, 40.787803 ] } },
{ "type": "Feature", "properties": { "winter_sports_id": 1355950571, "winter_sports_type": "way", "name": "西山滑雪场", "country": "China", "state": "Beijing", "total_area_ha": 16.32, "total_area_acres": 40.0, "skiable_terrain_ha": 4.59, "skiable_terrain_acres": 11.0, "total_lifts": 7, "longest_lift_mi": 0.19, "downhill_trails": 9, "longest_trail_mi": 0.23, "avg_trail_mi": 0.13, "trails_novice": 0, "trails_easy": 4, "trails_intermediate": 4, "trails_advanced": 0, "trails_expert": 0, "trails_freeride": 0, "trails_extreme": 0, "gladed_terrain": "No", "snow_park": "No", "sledding_tubing": "No", "lift_types": "magic carpet: 7", "resort_type": "downhill ski resort", "region": "asia/china/hebei" }, "geometry": { "type": "Point", "coordinates": [ 116.151407, 40.032195 ] } },
{ "type": "Feature", "properties": { "winter_sports_id": 1355950585, "winter_sports_type": "way", "name": "静之湖滑雪场", "country": "China", "state": "Beijing", "total_area_ha": 12.08, "total_area_acres": 30.0, "skiable_terrain_ha": 0.98, "skiable_terrain_acres": 2.0, "total_lifts": 3, "longest_lift_mi": 0.15, "downhill_trails": 2, "longest_trail_mi": 0.12, "avg_trail_mi": 0.12, "trails_novice": 0, "trails_easy": 0, "trails_intermediate": 0, "trails_advanced": 0, "trails_expert": 0, "trails_freeride": 0, "trails_extreme": 0, "gladed_terrain": "No", "snow_park": "No", "sledding_tubing": "No", "lift_types": "magic carpet: 3", "resort_type": "downhill ski resort", "region": "asia/china/hebei" }, "geometry": { "type": "Point", "coordinates": [ 116.428879, 40.250638 ] } },
{ "type": "Feature", "properties": { "winter_sports_id": 1358305206, "winter_sports_type": "way", "name": "天津盘山滑雪场", "country": "China", "state": "Tianjin", "total_area_ha": 13.49, "total_area_acres": 33.0, "skiable_terrain_ha": 4.2, "skiable_terrain_acres": 10.0, "total_lifts": 0, "longest_lift_mi": 0.0, "downhill_trails": 6, "longest_trail_mi": 0.26, "avg_trail_mi": 0.18, "trails_novice": 0, "trails_easy": 0, "trails_intermediate": 0, "trails_advanced": 0, "trails_expert": 0, "trails_freeride": 0, "trails_extreme": 0, "gladed_terrain": "No", "snow_park": "No", "sledding_tubing": "No", "lift_types": null, "resort_type": "downhill ski resort", "region": "asia/china/hebei" }, "geometry": { "type": "Point", "coordinates": [ 117.284991, 40.062745 ] } },
{ "type": "Feature", "properties": { "winter_sports_id": 1358326145, "winter_sports_type": "way", "name": "清凉山滑雪场", "country": "China", "state": "Hebei", "total_area_ha": 10.35, "total_area_acres": 26.0, "skiable_terrain_ha": 2.91, "skiable_terrain_acres": 7.0, "total_lifts": 0, "longest_lift_mi": 0.0, "downhill_trails": 3, "longest_trail_mi": 0.21, "avg_trail_mi": 0.2, "trails_novice": 0, "trails_easy": 0, "trails_intermediate": 0, "trails_advanced": 0, "trails_expert": 0, "trails_freeride": 0, "trails_extreme": 0, "gladed_terrain": "No", "snow_park": "No", "sledding_tubing": "No", "lift_types": null, "resort_type": "downhill ski resort", "region": "asia/china/hebei" }, "geometry": { "type": "Point", "coordinates": [ 114.014111, 38.06998 ] } },
{ "type": "Feature", "properties": { "winter_sports_id": 1358327582, "winter_sports_type": "way", "name": "七步沟滑雪场", "country": "China", "state": "Hebei", "total_area_ha": 6.4, "total_area_acres": 16.0, "skiable_terrain_ha": 0.9, "skiable_terrain_acres": 2.0, "total_lifts": 0, "longest_lift_mi": 0.0, "downhill_trails": 2, "longest_trail_mi": 0.12, "avg_trail_mi": 0.12, "trails_novice": 0, "trails_easy": 0, "trails_intermediate": 0, "trails_advanced": 0, "trails_expert": 0, "trails_freeride": 0, "trails_extreme": 0, "gladed_terrain": "No", "snow_park": "No", "sledding_tubing": "No", "lift_types": null, "resort_type": "downhill ski resort", "region": "asia/china/hebei" }, "geometry": { "type": "Point", "coordinates": [ 113.869648, 36.933528 ] } },
{ "type": "Feature", "properties": { "winter_sports_id": 1358328910, "winter_sports_type": "way", "name": "承德元宝山滑雪场", "country": "China", "state": "Hebei", "total_area_ha": 6.96, "total_area_acres": 17.0, "skiable_terrain_ha": 3.24, "skiable_terrain_acres": 8.0, "total_lifts": 0, "longest_lift_mi": 0.0, "downhill_trails": 2, "longest_trail_mi": 0.0, "avg_trail_mi": 0.0, "trails_novice": 0, "trails_easy": 0, "trails_intermediate": 0, "trails_advanced": 0, "trails_expert": 0, "trails_freeride": 0, "trails_extreme": 0, "gladed_terrain": "No", "snow_park": "No", "sledding_tubing": "No", "lift_types": null, "resort_type": "downhill ski resort", "region": "asia/china/hebei" }, "geometry": { "type": "Point", "coordinates": [ 117.861808, 40.976609 ] } },
{ "type": "Feature", "properties": { "winter_sports_id": 1358330448, "winter_sports_type": "way", "name": "沧州勇士滑雪场", "country": "China", "state": "Hebei", "total_area_ha": 6.92, "total_area_acres": 17.0, "skiable_terrain_ha": 1.49, "skiable_terrain_acres": 4.0, "total_lifts": 0, "longest_lift_mi": 0.0, "downhill_trails": 3, "longest_trail_mi": 0.11, "avg_trail_mi": 0.1, "trails_novice": 0, "trails_easy": 0, "trails_intermediate": 0, "trails_advanced": 0, "trails_expert": 0, "trails_freeride": 0, "trails_extreme": 0, "gladed_terrain": "No", "snow_park": "No", "sledding_tubing": "No", "lift_types": null, "resort_type": "downhill ski resort", "region": "asia/china/hebei" }, "geometry": { "type": "Point", "coordinates": [ 116.992257, 38.564888 ] } },
{ "type": "Feature", "properties": { "winter_sports_id": 1358331058, "winter_sports_type": "way", "name": "西部长青滑雪场", "country": "China", "state": "Hebei", "total_area_ha": 10.2, "total_area_acres": 25.0, "skiable_terrain_ha": 2.57, "skiable_terrain_acres": 6.0, "total_lifts": 0, "longest_lift_mi": 0.0, "downhill_trails": 4, "longest_trail_mi": 0.19, "avg_trail_mi": 0.13, "trails_novice": 0, "trails_easy": 0, "trails_intermediate": 0, "trails_advanced": 0, "trails_expert": 0, "trails_freeride": 0, "trails_extreme": 0, "gladed_terrain": "No", "snow_park": "No", "sledding_tubing": "No", "lift_types": null, "resort_type": "downhill ski resort", "region": "asia/china/hebei" }, "geometry": { "type": "Point", "coordinates": [ 114.291921, 38.028731 ] } },
{ "type": "Feature", "properties": { "winter_sports_id": 1358331141, "winter_sports_type": "way", "name": "太行五指山滑雪场", "country": "China", "state": "Hebei", "total_area_ha": 5.41, "total_area_acres": 13.0, "skiable_terrain_ha": 3.11, "skiable_terrain_acres": 8.0, "total_lifts": 0, "longest_lift_mi": 0.0, "downhill_trails": 4, "longest_trail_mi": 0.16, "avg_trail_mi": 0.11, "trails_novice": 0, "trails_easy": 0, "trails_intermediate": 0, "trails_advanced": 0, "trails_expert": 0, "trails_freeride": 0, "trails_extreme": 0, "gladed_terrain": "No", "snow_park": "No", "sledding_tubing": "No", "lift_types": null, "resort_type": "downhill ski resort", "region": "asia/china/hebei" }, "geometry": { "type": "Point", "coordinates": [ 113.653312, 36.519327 ] } },
{ "type": "Feature", "properties": { "winter_sports_id": 1358334353, "winter_sports_type": "way", "name": "邯郸佛山滑雪场", "country": "China", "state": "Hebei", "total_area_ha": 13.77, "total_area_acres": 34.0, "skiable_terrain_ha": 1.0, "skiable_terrain_acres": 2.0, "total_lifts": 0, "longest_lift_mi": 0.0, "downhill_trails": 1, "longest_trail_mi": 0.0, "avg_trail_mi": 0.0, "trails_novice": 0, "trails_easy": 0, "trails_intermediate": 0, "trails_advanced": 0, "trails_expert": 0, "trails_freeride": 0, "trails_extreme": 0, "gladed_terrain": "No", "snow_park": "No", "sledding_tubing": "No", "lift_types": null, "resort_type": "downhill ski resort", "region": "asia/china/hebei" }, "geometry": { "type": "Point", "coordinates": [ 114.36161, 36.723099 ] } },
{ "type": "Feature", "properties": { "winter_sports_id": 1359216187, "winter_sports_type": "way", "name": "新雪国滑雪场", "country": "China", "state": "Hebei", "total_area_ha": 136.27, "total_area_acres": 337.0, "skiable_terrain_ha": 0.0, "skiable_terrain_acres": 0.0, "total_lifts": 0, "longest_lift_mi": 0.0, "downhill_trails": 0, "longest_trail_mi": 0.0, "avg_trail_mi": 0.0, "trails_novice": 0, "trails_easy": 0, "trails_intermediate": 0, "trails_advanced": 0, "trails_expert": 0, "trails_freeride": 0, "trails_extreme": 0, "gladed_terrain": "No", "snow_park": "No", "sledding_tubing": "No", "lift_types": null, "resort_type": "not a downhill ski resort", "region": "asia/china/hebei" }, "geometry": { "type": "Point", "coordinates": [ 115.517346, 40.977582 ] } },
{ "type": "Feature", "properties": { "winter_sports_id": 1446941776, "winter_sports_type": "way", "name": "郊野公园津辰国际滑雪场", "country": "China", "state": "Tianjin", "total_area_ha": 8.66, "total_area_acres": 21.0, "skiable_terrain_ha": 0.0, "skiable_terrain_acres": 0.0, "total_lifts": 0, "longest_lift_mi": 0.0, "downhill_trails": 0, "longest_trail_mi": 0.0, "avg_trail_mi": 0.0, "trails_novice": 0, "trails_easy": 0, "trails_intermediate": 0, "trails_advanced": 0, "trails_expert": 0, "trails_freeride": 0, "trails_extreme": 0, "gladed_terrain": "No", "snow_park": "No", "sledding_tubing": "No", "lift_types": null, "resort_type": "not a downhill ski resort", "region": "asia/china/hebei" }, "geometry": { "type": "Point", "coordinates": [ 117.15617, 39.274317 ] } },
{ "type": "Feature", "properties": { "winter_sports_id": 1007205572, "winter_sports_type": "way", "name": "帽儿山滑雪场", "country": "China", "state": "Heilongjiang", "total_area_ha": 119.99, "total_area_acres": 297.0, "skiable_terrain_ha": 37.06, "skiable_terrain_acres": 92.0, "total_lifts": 2, "longest_lift_mi": 0.81, "downhill_trails": 4, "longest_trail_mi": 0.0, "avg_trail_mi": 0.0, "trails_novice": 0, "trails_easy": 0, "trails_intermediate": 0, "trails_advanced": 0, "trails_expert": 0, "trails_freeride": 0, "trails_extreme": 0, "gladed_terrain": "No", "snow_park": "No", "sledding_tubing": "No", "lift_types": "drag lift: 1, gondola: 1", "resort_type": "downhill ski resort", "region": "asia/china/heilongjiang" }, "geometry": { "type": "Point", "coordinates": [ 127.444389, 45.250661 ] } },
{ "type": "Feature", "properties": { "winter_sports_id": 1007213246, "winter_sports_type": "way", "name": "吉华长寿山滑雪场", "country": "China", "state": "Heilongjiang", "total_area_ha": 78.67, "total_area_acres": 194.0, "skiable_terrain_ha": 34.41, "skiable_terrain_acres": 85.0, "total_lifts": 2, "longest_lift_mi": 0.48, "downhill_trails": 10, "longest_trail_mi": 0.08, "avg_trail_mi": 0.06, "trails_novice": 0, "trails_easy": 1, "trails_intermediate": 2, "trails_advanced": 5, "trails_expert": 0, "trails_freeride": 0, "trails_extreme": 0, "gladed_terrain": "No", "snow_park": "No", "sledding_tubing": "No", "lift_types": "chair lift: 2", "resort_type": "downhill ski resort", "region": "asia/china/heilongjiang" }, "geometry": { "type": "Point", "coordinates": [ 127.247861, 45.617014 ] } },
{ "type": "Feature", "properties": { "winter_sports_id": 1290455091, "winter_sports_type": "way", "name": "亚布力滑雪旅游度假区（部分对客开放）", "country": "China", "state": "Heilongjiang", "total_area_ha": 1039.92, "total_area_acres": 2570.0, "skiable_terrain_ha": 231.55, "skiable_terrain_acres": 572.0, "total_lifts": 16, "longest_lift_mi": 1.19, "downhill_trails": 29, "longest_trail_mi": 0.0, "avg_trail_mi": 0.0, "trails_novice": 0, "trails_easy": 8, "trails_intermediate": 11, "trails_advanced": 8, "trails_expert": 0, "trails_freeride": 0, "trails_extreme": 0, "gladed_terrain": "No", "snow_park": "No", "sledding_tubing": "Yes", "lift_types": "chair lift: 10, gondola: 1, magic carpet: 4, platter: 1", "resort_type": "downhill ski resort", "region": "asia/china/heilongjiang" }, "geometry": { "type": "Point", "coordinates": [ 128.441194, 44.760243 ] } },
{ "type": "Feature", "properties": { "winter_sports_id": 1350577159, "winter_sports_type": "way", "name": "亚布力阳光滑雪度假区", "country": "China", "state": "Heilongjiang", "total_area_ha": 317.29, "total_area_acres": 784.0, "skiable_terrain_ha": 200.03, "skiable_terrain_acres": 494.0, "total_lifts": 13, "longest_lift_mi": 1.19, "downhill_trails": 25, "longest_trail_mi": 0.0, "avg_trail_mi": 0.0, "trails_novice": 0, "trails_easy": 8, "trails_intermediate": 9, "trails_advanced": 6, "trails_expert": 0, "trails_freeride": 0, "trails_extreme": 0, "gladed_terrain": "No", "snow_park": "No", "sledding_tubing": "Yes", "lift_types": "chair lift: 8, gondola: 1, magic carpet: 4", "resort_type": "downhill ski resort", "region": "asia/china/heilongjiang" }, "geometry": { "type": "Point", "coordinates": [ 128.435992, 44.774122 ] } },
{ "type": "Feature", "properties": { "winter_sports_id": 1354183475, "winter_sports_type": "way", "name": "黑河红河河谷滑雪场", "country": "China", "state": "Heilongjiang", "total_area_ha": 28.62, "total_area_acres": 71.0, "skiable_terrain_ha": 17.79, "skiable_terrain_acres": 44.0, "total_lifts": 1, "longest_lift_mi": 0.41, "downhill_trails": 4, "longest_trail_mi": 0.09, "avg_trail_mi": 0.09, "trails_novice": 0, "trails_easy": 0, "trails_intermediate": 0, "trails_advanced": 0, "trails_expert": 0, "trails_freeride": 0, "trails_extreme": 0, "gladed_terrain": "No", "snow_park": "No", "sledding_tubing": "No", "lift_types": "gondola: 1", "resort_type": "downhill ski resort", "region": "asia/china/heilongjiang" }, "geometry": { "type": "Point", "coordinates": [ 127.328578, 50.293081 ] } },
{ "type": "Feature", "properties": { "winter_sports_id": 1354190096, "winter_sports_type": "way", "name": "碾子山奥悦滑雪场", "country": "China", "state": "Heilongjiang", "total_area_ha": 22.31, "total_area_acres": 55.0, "skiable_terrain_ha": 6.2, "skiable_terrain_acres": 15.0, "total_lifts": 1, "longest_lift_mi": 0.37, "downhill_trails": 8, "longest_trail_mi": 0.18, "avg_trail_mi": 0.13, "trails_novice": 0, "trails_easy": 0, "trails_intermediate": 2, "trails_advanced": 1, "trails_expert": 0, "trails_freeride": 0, "trails_extreme": 0, "gladed_terrain": "No", "snow_park": "No", "sledding_tubing": "No", "lift_types": "gondola: 1", "resort_type": "downhill ski resort", "region": "asia/china/heilongjiang" }, "geometry": { "type": "Point", "coordinates": [ 122.850713, 47.540099 ] } },
{ "type": "Feature", "properties": { "winter_sports_id": 1355944475, "winter_sports_type": "way", "name": "圣洁摇篮山滑雪场", "country": "China", "state": "Heilongjiang", "total_area_ha": 22.26, "total_area_acres": 55.0, "skiable_terrain_ha": 8.23, "skiable_terrain_acres": 20.0, "total_lifts": 4, "longest_lift_mi": 0.26, "downhill_trails": 12, "longest_trail_mi": 0.14, "avg_trail_mi": 0.09, "trails_novice": 0, "trails_easy": 0, "trails_intermediate": 0, "trails_advanced": 0, "trails_expert": 0, "trails_freeride": 0, "trails_extreme": 0, "gladed_terrain": "No", "snow_park": "No", "sledding_tubing": "No", "lift_types": "chair lift: 1, magic carpet: 3", "resort_type": "downhill ski resort", "region": "asia/china/heilongjiang" }, "geometry": { "type": "Point", "coordinates": [ 131.987201, 46.307401 ] } },
{ "type": "Feature", "properties": { "winter_sports_id": 1355956627, "winter_sports_type": "way", "name": "牡丹峰滑雪场", "country": "China", "state": "Heilongjiang", "total_area_ha": 7.85, "total_area_acres": 19.0, "skiable_terrain_ha": 3.96, "skiable_terrain_acres": 10.0, "total_lifts": 0, "longest_lift_mi": 0.0, "downhill_trails": 1, "longest_trail_mi": 0.0, "avg_trail_mi": 0.0, "trails_novice": 0, "trails_easy": 0, "trails_intermediate": 0, "trails_advanced": 0, "trails_expert": 0, "trails_freeride": 0, "trails_extreme": 0, "gladed_terrain": "No", "snow_park": "No", "sledding_tubing": "No", "lift_types": null, "resort_type": "downhill ski resort", "region": "asia/china/heilongjiang" }, "geometry": { "type": "Point", "coordinates": [ 129.743182, 44.460774 ] } },
{ "type": "Feature", "properties": { "winter_sports_id": 1355956643, "winter_sports_type": "way", "name": "横道滑雪场", "country": "China", "state": "Heilongjiang", "total_area_ha": 31.64, "total_area_acres": 78.0, "skiable_terrain_ha": 7.31, "skiable_terrain_acres": 18.0, "total_lifts": 1, "longest_lift_mi": 0.81, "downhill_trails": 1, "longest_trail_mi": 0.0, "avg_trail_mi": 0.0, "trails_novice": 0, "trails_easy": 0, "trails_intermediate": 0, "trails_advanced": 0, "trails_expert": 0, "trails_freeride": 0, "trails_extreme": 0, "gladed_terrain": "No", "snow_park": "No", "sledding_tubing": "No", "lift_types": "gondola: 1", "resort_type": "downhill ski resort", "region": "asia/china/heilongjiang" }, "geometry": { "type": "Point", "coordinates": [ 129.118246, 44.77247 ] } },
{ "type": "Feature", "properties": { "winter_sports_id": 1356118490, "winter_sports_type": "way", "name": "神鹿滑雪场", "country": "China", "state": "Heilongjiang", "total_area_ha": 34.81, "total_area_acres": 86.0, "skiable_terrain_ha": 7.41, "skiable_terrain_acres": 18.0, "total_lifts": 4, "longest_lift_mi": 0.61, "downhill_trails": 4, "longest_trail_mi": 0.13, "avg_trail_mi": 0.11, "trails_novice": 0, "trails_easy": 0, "trails_intermediate": 0, "trails_advanced": 0, "trails_expert": 0, "trails_freeride": 0, "trails_extreme": 0, "gladed_terrain": "No", "snow_park": "No", "sledding_tubing": "No", "lift_types": "gondola: 1, magic carpet: 3", "resort_type": "downhill ski resort", "region": "asia/china/heilongjiang" }, "geometry": { "type": "Point", "coordinates": [ 127.357968, 45.307301 ] } },
{ "type": "Feature", "properties": { "winter_sports_id": 1356118491, "winter_sports_type": "way", "name": "天恒山冰雪运动大世界", "country": "China", "state": "Heilongjiang", "total_area_ha": 30.21, "total_area_acres": 75.0, "skiable_terrain_ha": 1.29, "skiable_terrain_acres": 3.0, "total_lifts": 0, "longest_lift_mi": 0.0, "downhill_trails": 1, "longest_trail_mi": 0.27, "avg_trail_mi": 0.27, "trails_novice": 0, "trails_easy": 0, "trails_intermediate": 0, "trails_advanced": 0, "trails_expert": 0, "trails_freeride": 0, "trails_extreme": 0, "gladed_terrain": "No", "snow_park": "No", "sledding_tubing": "No", "lift_types": null, "resort_type": "downhill ski resort", "region": "asia/china/heilongjiang" }, "geometry": { "type": "Point", "coordinates": [ 126.790959, 45.80242 ] } },
{ "type": "Feature", "properties": { "winter_sports_id": 1059359562, "winter_sports_type": "way", "name": "1059359562", "country": "China", "state": "Henan", "total_area_ha": 1.16, "total_area_acres": 3.0, "skiable_terrain_ha": 0.73, "skiable_terrain_acres": 2.0, "total_lifts": 1, "longest_lift_mi": 0.15, "downhill_trails": 1, "longest_trail_mi": 0.15, "avg_trail_mi": 0.15, "trails_novice": 0, "trails_easy": 0, "trails_intermediate": 0, "trails_advanced": 0, "trails_expert": 0, "trails_freeride": 0, "trails_extreme": 0, "gladed_terrain": "No", "snow_park": "No", "sledding_tubing": "No", "lift_types": "gondola: 1", "resort_type": "downhill ski resort", "region": "asia/china/henan" }, "geometry": { "type": "Point", "coordinates": [ 113.086119, 34.255736 ] } },
{ "type": "Feature", "properties": { "winter_sports_id": 1354190073, "winter_sports_type": "way", "name": "伏牛山滑雪场", "country": "China", "state": "Henan", "total_area_ha": 44.09, "total_area_acres": 109.0, "skiable_terrain_ha": 13.77, "skiable_terrain_acres": 34.0, "total_lifts": 1, "longest_lift_mi": 0.74, "downhill_trails": 5, "longest_trail_mi": 0.2, "avg_trail_mi": 0.15, "trails_novice": 0, "trails_easy": 3, "trails_intermediate": 1, "trails_advanced": 1, "trails_expert": 0, "trails_freeride": 0, "trails_extreme": 0, "gladed_terrain": "No", "snow_park": "No", "sledding_tubing": "No", "lift_types": "gondola: 1", "resort_type": "downhill ski resort", "region": "asia/china/henan" }, "geometry": { "type": "Point", "coordinates": [ 111.475825, 33.73855 ] } },
{ "type": "Feature", "properties": { "winter_sports_id": 1358348292, "winter_sports_type": "way", "name": "南召猿人山滑雪场", "country": "China", "state": "Henan", "total_area_ha": 12.94, "total_area_acres": 32.0, "skiable_terrain_ha": 14.54, "skiable_terrain_acres": 36.0, "total_lifts": 0, "longest_lift_mi": 0.0, "downhill_trails": 3, "longest_trail_mi": 0.12, "avg_trail_mi": 0.12, "trails_novice": 0, "trails_easy": 0, "trails_intermediate": 0, "trails_advanced": 0, "trails_expert": 0, "trails_freeride": 0, "trails_extreme": 0, "gladed_terrain": "No", "snow_park": "No", "sledding_tubing": "No", "lift_types": null, "resort_type": "downhill ski resort", "region": "asia/china/henan" }, "geometry": { "type": "Point", "coordinates": [ 112.293668, 33.693918 ] } },
{ "type": "Feature", "properties": { "winter_sports_id": 1358348860, "winter_sports_type": "way", "name": "汝州龙凤山滑雪场", "country": "China", "state": "Henan", "total_area_ha": 1.94, "total_area_acres": 5.0, "skiable_terrain_ha": 0.74, "skiable_terrain_acres": 2.0, "total_lifts": 1, "longest_lift_mi": 0.12, "downhill_trails": 1, "longest_trail_mi": 0.15, "avg_trail_mi": 0.15, "trails_novice": 0, "trails_easy": 0, "trails_intermediate": 0, "trails_advanced": 0, "trails_expert": 0, "trails_freeride": 0, "trails_extreme": 0, "gladed_terrain": "No", "snow_park": "No", "sledding_tubing": "No", "lift_types": "magic carpet: 1", "resort_type": "downhill ski resort", "region": "asia/china/henan" }, "geometry": { "type": "Point", "coordinates": [ 112.930886, 34.264157 ] } },
{ "type": "Feature", "properties": { "winter_sports_id": 1358363706, "winter_sports_type": "way", "name": "嵩山少林滑雪场", "country": "China", "state": "Henan", "total_area_ha": 3.72, "total_area_acres": 9.0, "skiable_terrain_ha": 1.16, "skiable_terrain_acres": 3.0, "total_lifts": 0, "longest_lift_mi": 0.0, "downhill_trails": 2, "longest_trail_mi": 0.17, "avg_trail_mi": 0.12, "trails_novice": 0, "trails_easy": 0, "trails_intermediate": 0, "trails_advanced": 0, "trails_expert": 0, "trails_freeride": 0, "trails_extreme": 0, "gladed_terrain": "No", "snow_park": "No", "sledding_tubing": "No", "lift_types": null, "resort_type": "downhill ski resort", "region": "asia/china/henan" }, "geometry": { "type": "Point", "coordinates": [ 113.073033, 34.48087 ] } },
{ "type": "Feature", "properties": { "winter_sports_id": 1358520412, "winter_sports_type": "way", "name": "嵩顶滑雪场", "country": "China", "state": "Henan", "total_area_ha": 67.86, "total_area_acres": 168.0, "skiable_terrain_ha": 42.79, "skiable_terrain_acres": 106.0, "total_lifts": 4, "longest_lift_mi": 0.64, "downhill_trails": 11, "longest_trail_mi": 0.1, "avg_trail_mi": 0.08, "trails_novice": 0, "trails_easy": 3, "trails_intermediate": 4, "trails_advanced": 4, "trails_expert": 0, "trails_freeride": 0, "trails_extreme": 0, "gladed_terrain": "No", "snow_park": "No", "sledding_tubing": "No", "lift_types": "gondola: 1, magic carpet: 3", "resort_type": "downhill ski resort", "region": "asia/china/henan" }, "geometry": { "type": "Point", "coordinates": [ 112.999307, 34.533121 ] } },
{ "type": "Feature", "properties": { "winter_sports_id": 1358522784, "winter_sports_type": "way", "name": "天龙池滑雪场", "country": "China", "state": "Henan", "total_area_ha": 5.91, "total_area_acres": 15.0, "skiable_terrain_ha": 1.46, "skiable_terrain_acres": 4.0, "total_lifts": 0, "longest_lift_mi": 0.0, "downhill_trails": 2, "longest_trail_mi": 0.11, "avg_trail_mi": 0.11, "trails_novice": 0, "trails_easy": 0, "trails_intermediate": 0, "trails_advanced": 0, "trails_expert": 0, "trails_freeride": 0, "trails_extreme": 0, "gladed_terrain": "No", "snow_park": "No", "sledding_tubing": "No", "lift_types": null, "resort_type": "downhill ski resort", "region": "asia/china/henan" }, "geometry": { "type": "Point", "coordinates": [ 112.30637, 33.747901 ] } },
{ "type": "Feature", "properties": { "winter_sports_id": 1358524193, "winter_sports_type": "way", "name": "老界岭滑雪场", "country": "China", "state": "Henan", "total_area_ha": 12.15, "total_area_acres": 30.0, "skiable_terrain_ha": 8.65, "skiable_terrain_acres": 21.0, "total_lifts": 0, "longest_lift_mi": 0.0, "downhill_trails": 6, "longest_trail_mi": 0.32, "avg_trail_mi": 0.22, "trails_novice": 0, "trails_easy": 0, "trails_intermediate": 0, "trails_advanced": 0, "trails_expert": 0, "trails_freeride": 0, "trails_extreme": 0, "gladed_terrain": "No", "snow_park": "No", "sledding_tubing": "No", "lift_types": null, "resort_type": "downhill ski resort", "region": "asia/china/henan" }, "geometry": { "type": "Point", "coordinates": [ 111.68517, 33.628236 ] } },
{ "type": "Feature", "properties": { "winter_sports_id": 1358524197, "winter_sports_type": "way", "name": "王屋山滑雪场", "country": "China", "state": "Henan", "total_area_ha": 3.52, "total_area_acres": 9.0, "skiable_terrain_ha": 0.0, "skiable_terrain_acres": 0.0, "total_lifts": 0, "longest_lift_mi": 0.0, "downhill_trails": 0, "longest_trail_mi": 0.0, "avg_trail_mi": 0.0, "trails_novice": 0, "trails_easy": 0, "trails_intermediate": 0, "trails_advanced": 0, "trails_expert": 0, "trails_freeride": 0, "trails_extreme": 0, "gladed_terrain": "No", "snow_park": "No", "sledding_tubing": "No", "lift_types": null, "resort_type": "not a downhill ski resort", "region": "asia/china/henan" }, "geometry": { "type": "Point", "coordinates": [ 112.312195, 35.15977 ] } },
{ "type": "Feature", "properties": { "winter_sports_id": 1358524911, "winter_sports_type": "way", "name": "安阳土生园龙安滑雪场", "country": "China", "state": "Henan", "total_area_ha": 1.56, "total_area_acres": 4.0, "skiable_terrain_ha": 0.92, "skiable_terrain_acres": 2.0, "total_lifts": 1, "longest_lift_mi": 0.09, "downhill_trails": 2, "longest_trail_mi": 0.1, "avg_trail_mi": 0.1, "trails_novice": 0, "trails_easy": 0, "trails_intermediate": 0, "trails_advanced": 0, "trails_expert": 0, "trails_freeride": 0, "trails_extreme": 0, "gladed_terrain": "No", "snow_park": "No", "sledding_tubing": "No", "lift_types": "magic carpet: 1", "resort_type": "downhill ski resort", "region": "asia/china/henan" }, "geometry": { "type": "Point", "coordinates": [ 114.252774, 36.024334 ] } },
{ "type": "Feature", "properties": { "winter_sports_id": 1358526600, "winter_sports_type": "way", "name": "木札岭滑雪场", "country": "China", "state": "Henan", "total_area_ha": 3.95, "total_area_acres": 10.0, "skiable_terrain_ha": 1.78, "skiable_terrain_acres": 4.0, "total_lifts": 0, "longest_lift_mi": 0.0, "downhill_trails": 2, "longest_trail_mi": 0.22, "avg_trail_mi": 0.18, "trails_novice": 0, "trails_easy": 0, "trails_intermediate": 0, "trails_advanced": 0, "trails_expert": 0, "trails_freeride": 0, "trails_extreme": 0, "gladed_terrain": "No", "snow_park": "No", "sledding_tubing": "No", "lift_types": null, "resort_type": "downhill ski resort", "region": "asia/china/henan" }, "geometry": { "type": "Point", "coordinates": [ 112.240075, 33.774135 ] } },
{ "type": "Feature", "properties": { "winter_sports_id": 1374661233, "winter_sports_type": "way", "name": "桃花峪滑雪场", "country": "China", "state": "Henan", "total_area_ha": 8.95, "total_area_acres": 22.0, "skiable_terrain_ha": 0.0, "skiable_terrain_acres": 0.0, "total_lifts": 1, "longest_lift_mi": 0.52, "downhill_trails": 0, "longest_trail_mi": 0.0, "avg_trail_mi": 0.0, "trails_novice": 0, "trails_easy": 0, "trails_intermediate": 0, "trails_advanced": 0, "trails_expert": 0, "trails_freeride": 0, "trails_extreme": 0, "gladed_terrain": "No", "snow_park": "No", "sledding_tubing": "No", "lift_types": "cable car: 1", "resort_type": "downhill ski resort", "region": "asia/china/henan" }, "geometry": { "type": "Point", "coordinates": [ 113.483091, 34.952399 ] } },
{ "type": "Feature", "properties": { "winter_sports_id": 1032415808, "winter_sports_type": "way", "name": "武汉甘露山国际滑雪场", "country": "China", "state": "Hubei", "total_area_ha": 9.99, "total_area_acres": 25.0, "skiable_terrain_ha": 0.0, "skiable_terrain_acres": 0.0, "total_lifts": 0, "longest_lift_mi": 0.0, "downhill_trails": 0, "longest_trail_mi": 0.0, "avg_trail_mi": 0.0, "trails_novice": 0, "trails_easy": 0, "trails_intermediate": 0, "trails_advanced": 0, "trails_expert": 0, "trails_freeride": 0, "trails_extreme": 0, "gladed_terrain": "No", "snow_park": "No", "sledding_tubing": "No", "lift_types": null, "resort_type": "not a downhill ski resort", "region": "asia/china/hubei" }, "geometry": { "type": "Point", "coordinates": [ 114.39809, 30.886928 ] } },
{ "type": "Feature", "properties": { "winter_sports_id": 1118191446, "winter_sports_type": "way", "name": "五峰国际滑雪场", "country": "China", "state": "Hubei", "total_area_ha": 2.71, "total_area_acres": 7.0, "skiable_terrain_ha": 0.0, "skiable_terrain_acres": 0.0, "total_lifts": 0, "longest_lift_mi": 0.0, "downhill_trails": 0, "longest_trail_mi": 0.0, "avg_trail_mi": 0.0, "trails_novice": 0, "trails_easy": 0, "trails_intermediate": 0, "trails_advanced": 0, "trails_expert": 0, "trails_freeride": 0, "trails_extreme": 0, "gladed_terrain": "No", "snow_park": "No", "sledding_tubing": "No", "lift_types": null, "resort_type": "not a downhill ski resort", "region": "asia/china/hubei" }, "geometry": { "type": "Point", "coordinates": [ 110.499896, 30.135367 ] } },
{ "type": "Feature", "properties": { "winter_sports_id": 1312747745, "winter_sports_type": "way", "name": "神农架国际滑雪场", "country": "China", "state": "Hubei", "total_area_ha": 74.07, "total_area_acres": 183.0, "skiable_terrain_ha": 4.49, "skiable_terrain_acres": 11.0, "total_lifts": 3, "longest_lift_mi": 0.24, "downhill_trails": 5, "longest_trail_mi": 0.15, "avg_trail_mi": 0.12, "trails_novice": 0, "trails_easy": 2, "trails_intermediate": 1, "trails_advanced": 2, "trails_expert": 0, "trails_freeride": 0, "trails_extreme": 0, "gladed_terrain": "No", "snow_park": "No", "sledding_tubing": "No", "lift_types": "chair lift: 1, magic carpet: 2", "resort_type": "downhill ski resort", "region": "asia/china/hubei" }, "geometry": { "type": "Point", "coordinates": [ 110.381778, 31.55238 ] } },
{ "type": "Feature", "properties": { "winter_sports_id": 1355944517, "winter_sports_type": "way", "name": "绿葱坡滑雪场", "country": "China", "state": "Hubei", "total_area_ha": 28.35, "total_area_acres": 70.0, "skiable_terrain_ha": 15.77, "skiable_terrain_acres": 39.0, "total_lifts": 3, "longest_lift_mi": 0.33, "downhill_trails": 6, "longest_trail_mi": 0.12, "avg_trail_mi": 0.1, "trails_novice": 0, "trails_easy": 2, "trails_intermediate": 3, "trails_advanced": 1, "trails_expert": 0, "trails_freeride": 0, "trails_extreme": 0, "gladed_terrain": "No", "snow_park": "No", "sledding_tubing": "No", "lift_types": "gondola: 1, magic carpet: 2", "resort_type": "downhill ski resort", "region": "asia/china/hubei" }, "geometry": { "type": "Point", "coordinates": [ 110.241471, 30.808817 ] } },
{ "type": "Feature", "properties": { "winter_sports_id": 1359300436, "winter_sports_type": "way", "name": "桃花冲滑雪世界", "country": "China", "state": "Anhui", "total_area_ha": 2.7, "total_area_acres": 7.0, "skiable_terrain_ha": 1.29, "skiable_terrain_acres": 3.0, "total_lifts": 0, "longest_lift_mi": 0.0, "downhill_trails": 2, "longest_trail_mi": 0.17, "avg_trail_mi": 0.13, "trails_novice": 0, "trails_easy": 0, "trails_intermediate": 0, "trails_advanced": 0, "trails_expert": 0, "trails_freeride": 0, "trails_extreme": 0, "gladed_terrain": "No", "snow_park": "No", "sledding_tubing": "No", "lift_types": null, "resort_type": "downhill ski resort", "region": "asia/china/hubei" }, "geometry": { "type": "Point", "coordinates": [ 116.053823, 30.96593 ] } },
{ "type": "Feature", "properties": { "winter_sports_id": 1359301138, "winter_sports_type": "way", "name": "大别山南武当滑雪场", "country": "China", "state": "Hubei", "total_area_ha": 3.51, "total_area_acres": 9.0, "skiable_terrain_ha": 1.19, "skiable_terrain_acres": 3.0, "total_lifts": 2, "longest_lift_mi": 1.06, "downhill_trails": 2, "longest_trail_mi": 0.18, "avg_trail_mi": 0.18, "trails_novice": 0, "trails_easy": 0, "trails_intermediate": 0, "trails_advanced": 0, "trails_expert": 0, "trails_freeride": 0, "trails_extreme": 0, "gladed_terrain": "No", "snow_park": "No", "sledding_tubing": "No", "lift_types": "gondola: 1, magic carpet: 1", "resort_type": "downhill ski resort", "region": "asia/china/hubei" }, "geometry": { "type": "Point", "coordinates": [ 115.790994, 31.094835 ] } },
{ "type": "Feature", "properties": { "winter_sports_id": 1359301594, "winter_sports_type": "way", "name": "武当国际滑雪场", "country": "China", "state": "Hubei", "total_area_ha": 3.65, "total_area_acres": 9.0, "skiable_terrain_ha": 0.94, "skiable_terrain_acres": 2.0, "total_lifts": 0, "longest_lift_mi": 0.0, "downhill_trails": 1, "longest_trail_mi": 0.19, "avg_trail_mi": 0.19, "trails_novice": 0, "trails_easy": 0, "trails_intermediate": 0, "trails_advanced": 0, "trails_expert": 0, "trails_freeride": 0, "trails_extreme": 0, "gladed_terrain": "No", "snow_park": "No", "sledding_tubing": "No", "lift_types": null, "resort_type": "downhill ski resort", "region": "asia/china/hubei" }, "geometry": { "type": "Point", "coordinates": [ 110.68711, 32.380798 ] } },
{ "type": "Feature", "properties": { "winter_sports_id": 1359302099, "winter_sports_type": "way", "name": "恩施硒都滑雪场", "country": "China", "state": "Hubei", "total_area_ha": 4.9, "total_area_acres": 12.0, "skiable_terrain_ha": 0.0, "skiable_terrain_acres": 0.0, "total_lifts": 0, "longest_lift_mi": 0.0, "downhill_trails": 0, "longest_trail_mi": 0.0, "avg_trail_mi": 0.0, "trails_novice": 0, "trails_easy": 0, "trails_intermediate": 0, "trails_advanced": 0, "trails_expert": 0, "trails_freeride": 0, "trails_extreme": 0, "gladed_terrain": "No", "snow_park": "No", "sledding_tubing": "No", "lift_types": null, "resort_type": "not a downhill ski resort", "region": "asia/china/hubei" }, "geometry": { "type": "Point", "coordinates": [ 109.828844, 30.014583 ] } },
{ "type": "Feature", "properties": { "winter_sports_id": 1359304326, "winter_sports_type": "way", "name": "梅花寨云海滑雪场", "country": "China", "state": "Hubei", "total_area_ha": 2.01, "total_area_acres": 5.0, "skiable_terrain_ha": 0.81, "skiable_terrain_acres": 2.0, "total_lifts": 0, "longest_lift_mi": 0.0, "downhill_trails": 2, "longest_trail_mi": 0.08, "avg_trail_mi": 0.08, "trails_novice": 0, "trails_easy": 0, "trails_intermediate": 0, "trails_advanced": 0, "trails_expert": 0, "trails_freeride": 0, "trails_extreme": 0, "gladed_terrain": "No", "snow_park": "No", "sledding_tubing": "No", "lift_types": null, "resort_type": "downhill ski resort", "region": "asia/china/hubei" }, "geometry": { "type": "Point", "coordinates": [ 111.220339, 31.965483 ] } },
{ "type": "Feature", "properties": { "winter_sports_id": 1359304756, "winter_sports_type": "way", "name": "红花尖滑雪场", "country": "China", "state": "Hubei", "total_area_ha": 3.14, "total_area_acres": 8.0, "skiable_terrain_ha": 1.15, "skiable_terrain_acres": 3.0, "total_lifts": 0, "longest_lift_mi": 0.0, "downhill_trails": 2, "longest_trail_mi": 0.13, "avg_trail_mi": 0.12, "trails_novice": 0, "trails_easy": 0, "trails_intermediate": 0, "trails_advanced": 0, "trails_expert": 0, "trails_freeride": 0, "trails_extreme": 0, "gladed_terrain": "No", "snow_park": "No", "sledding_tubing": "No", "lift_types": null, "resort_type": "downhill ski resort", "region": "asia/china/hubei" }, "geometry": { "type": "Point", "coordinates": [ 115.705014, 31.061271 ] } },
{ "type": "Feature", "properties": { "winter_sports_id": 1359569904, "winter_sports_type": "way", "name": "大围山滑雪场", "country": "China", "state": "Hunan", "total_area_ha": 4.41, "total_area_acres": 11.0, "skiable_terrain_ha": 1.69, "skiable_terrain_acres": 4.0, "total_lifts": 0, "longest_lift_mi": 0.0, "downhill_trails": 2, "longest_trail_mi": 0.0, "avg_trail_mi": 0.0, "trails_novice": 0, "trails_easy": 0, "trails_intermediate": 0, "trails_advanced": 0, "trails_expert": 0, "trails_freeride": 0, "trails_extreme": 0, "gladed_terrain": "No", "snow_park": "No", "sledding_tubing": "No", "lift_types": null, "resort_type": "downhill ski resort", "region": "asia/china/hunan" }, "geometry": { "type": "Point", "coordinates": [ 114.123649, 28.422873 ] } },
{ "type": "Feature", "properties": { "winter_sports_id": 1359644268, "winter_sports_type": "way", "name": "赤马湖体育滑雪", "country": "China", "state": "Hunan", "total_area_ha": 0.83, "total_area_acres": 2.0, "skiable_terrain_ha": 0.82, "skiable_terrain_acres": 2.0, "total_lifts": 0, "longest_lift_mi": 0.0, "downhill_trails": 2, "longest_trail_mi": 0.1, "avg_trail_mi": 0.09, "trails_novice": 0, "trails_easy": 0, "trails_intermediate": 0, "trails_advanced": 0, "trails_expert": 0, "trails_freeride": 0, "trails_extreme": 0, "gladed_terrain": "No", "snow_park": "No", "sledding_tubing": "No", "lift_types": null, "resort_type": "downhill ski resort", "region": "asia/china/hunan" }, "geometry": { "type": "Point", "coordinates": [ 113.42186, 28.398788 ] } },
{ "type": "Feature", "properties": { "winter_sports_id": 1359649709, "winter_sports_type": "way", "name": "张家界冰雪世界", "country": "China", "state": "Hunan", "total_area_ha": 2.92, "total_area_acres": 7.0, "skiable_terrain_ha": 1.94, "skiable_terrain_acres": 5.0, "total_lifts": 0, "longest_lift_mi": 0.0, "downhill_trails": 1, "longest_trail_mi": 0.0, "avg_trail_mi": 0.0, "trails_novice": 0, "trails_easy": 0, "trails_intermediate": 0, "trails_advanced": 0, "trails_expert": 0, "trails_freeride": 0, "trails_extreme": 0, "gladed_terrain": "No", "snow_park": "No", "sledding_tubing": "No", "lift_types": null, "resort_type": "downhill ski resort", "region": "asia/china/hunan" }, "geometry": { "type": "Point", "coordinates": [ 110.706843, 29.26227 ] } },
{ "type": "Feature", "properties": { "winter_sports_id": 1054497527, "winter_sports_type": "way", "name": "阿尔山太伟滑雪场", "country": "China", "state": "Inner Mongol", "total_area_ha": 49.43, "total_area_acres": 122.0, "skiable_terrain_ha": 2.06, "skiable_terrain_acres": 5.0, "total_lifts": 0, "longest_lift_mi": 0.0, "downhill_trails": 1, "longest_trail_mi": 0.43, "avg_trail_mi": 0.43, "trails_novice": 0, "trails_easy": 0, "trails_intermediate": 0, "trails_advanced": 0, "trails_expert": 0, "trails_freeride": 0, "trails_extreme": 0, "gladed_terrain": "No", "snow_park": "No", "sledding_tubing": "No", "lift_types": null, "resort_type": "downhill ski resort", "region": "asia/china/inner-mongolia" }, "geometry": { "type": "Point", "coordinates": [ 119.928142, 47.168177 ] } },
{ "type": "Feature", "properties": { "winter_sports_id": 1157802711, "winter_sports_type": "way", "name": "大青山太伟滑雪场", "country": "China", "state": "Inner Mongol", "total_area_ha": 19.89, "total_area_acres": 49.0, "skiable_terrain_ha": 7.96, "skiable_terrain_acres": 20.0, "total_lifts": 3, "longest_lift_mi": 0.5, "downhill_trails": 3, "longest_trail_mi": 0.17, "avg_trail_mi": 0.15, "trails_novice": 0, "trails_easy": 0, "trails_intermediate": 0, "trails_advanced": 0, "trails_expert": 0, "trails_freeride": 0, "trails_extreme": 0, "gladed_terrain": "No", "snow_park": "No", "sledding_tubing": "No", "lift_types": "chair lift: 1, magic carpet: 2", "resort_type": "downhill ski resort", "region": "asia/china/inner-mongolia" }, "geometry": { "type": "Point", "coordinates": [ 111.817391, 40.94948 ] } },
{ "type": "Feature", "properties": { "winter_sports_id": 1346380124, "winter_sports_type": "way", "name": "马鬃山滑雪场", "country": "China", "state": "Inner Mongol", "total_area_ha": 135.88, "total_area_acres": 336.0, "skiable_terrain_ha": 70.82, "skiable_terrain_acres": 175.0, "total_lifts": 6, "longest_lift_mi": 0.57, "downhill_trails": 13, "longest_trail_mi": 0.17, "avg_trail_mi": 0.15, "trails_novice": 0, "trails_easy": 3, "trails_intermediate": 6, "trails_advanced": 3, "trails_expert": 0, "trails_freeride": 0, "trails_extreme": 0, "gladed_terrain": "No", "snow_park": "No", "sledding_tubing": "No", "lift_types": "chair lift: 1, gondola: 1, magic carpet: 4", "resort_type": "downhill ski resort", "region": "asia/china/inner-mongolia" }, "geometry": { "type": "Point", "coordinates": [ 112.107609, 40.872113 ] } },
{ "type": "Feature", "properties": { "winter_sports_id": 1346383172, "winter_sports_type": "way", "name": "金龙山滑雪场", "country": "China", "state": "Inner Mongol", "total_area_ha": 116.68, "total_area_acres": 288.0, "skiable_terrain_ha": 63.09, "skiable_terrain_acres": 156.0, "total_lifts": 4, "longest_lift_mi": 0.64, "downhill_trails": 17, "longest_trail_mi": 0.15, "avg_trail_mi": 0.12, "trails_novice": 0, "trails_easy": 1, "trails_intermediate": 0, "trails_advanced": 0, "trails_expert": 0, "trails_freeride": 0, "trails_extreme": 0, "gladed_terrain": "No", "snow_park": "No", "sledding_tubing": "No", "lift_types": "gondola: 4", "resort_type": "downhill ski resort", "region": "asia/china/inner-mongolia" }, "geometry": { "type": "Point", "coordinates": [ 122.626228, 48.047937 ] } },
{ "type": "Feature", "properties": { "winter_sports_id": 1347997784, "winter_sports_type": "way", "name": "美林谷滑雪场", "country": "China", "state": "Inner Mongol", "total_area_ha": 353.62, "total_area_acres": 874.0, "skiable_terrain_ha": 171.63, "skiable_terrain_acres": 424.0, "total_lifts": 3, "longest_lift_mi": 1.09, "downhill_trails": 13, "longest_trail_mi": 0.0, "avg_trail_mi": 0.0, "trails_novice": 0, "trails_easy": 1, "trails_intermediate": 2, "trails_advanced": 10, "trails_expert": 0, "trails_freeride": 0, "trails_extreme": 0, "gladed_terrain": "No", "snow_park": "No", "sledding_tubing": "No", "lift_types": "gondola: 3", "resort_type": "downhill ski resort", "region": "asia/china/inner-mongolia" }, "geometry": { "type": "Point", "coordinates": [ 118.248944, 41.674147 ] } },
{ "type": "Feature", "properties": { "winter_sports_id": 1355941481, "winter_sports_type": "way", "name": "岱海滑雪场", "country": "China", "state": "Inner Mongol", "total_area_ha": 107.57, "total_area_acres": 266.0, "skiable_terrain_ha": 74.09, "skiable_terrain_acres": 183.0, "total_lifts": 4, "longest_lift_mi": 0.97, "downhill_trails": 11, "longest_trail_mi": 0.14, "avg_trail_mi": 0.12, "trails_novice": 0, "trails_easy": 0, "trails_intermediate": 0, "trails_advanced": 0, "trails_expert": 0, "trails_freeride": 0, "trails_extreme": 0, "gladed_terrain": "No", "snow_park": "No", "sledding_tubing": "No", "lift_types": "gondola: 2, magic carpet: 2", "resort_type": "downhill ski resort", "region": "asia/china/inner-mongolia" }, "geometry": { "type": "Point", "coordinates": [ 112.546584, 40.656937 ] } },
{ "type": "Feature", "properties": { "winter_sports_id": 1358527462, "winter_sports_type": "way", "name": "突泉温泉滑雪场", "country": "China", "state": "Inner Mongol", "total_area_ha": 18.89, "total_area_acres": 47.0, "skiable_terrain_ha": 8.54, "skiable_terrain_acres": 21.0, "total_lifts": 3, "longest_lift_mi": 0.47, "downhill_trails": 4, "longest_trail_mi": 0.11, "avg_trail_mi": 0.1, "trails_novice": 0, "trails_easy": 0, "trails_intermediate": 0, "trails_advanced": 0, "trails_expert": 0, "trails_freeride": 0, "trails_extreme": 0, "gladed_terrain": "No", "snow_park": "No", "sledding_tubing": "No", "lift_types": "gondola: 1, magic carpet: 2", "resort_type": "downhill ski resort", "region": "asia/china/inner-mongolia" }, "geometry": { "type": "Point", "coordinates": [ 121.209795, 45.827065 ] } },
{ "type": "Feature", "properties": { "winter_sports_id": 1358528280, "winter_sports_type": "way", "name": "霍林河滑雪场", "country": "China", "state": "Inner Mongol", "total_area_ha": 9.14, "total_area_acres": 23.0, "skiable_terrain_ha": 2.25, "skiable_terrain_acres": 6.0, "total_lifts": 1, "longest_lift_mi": 0.39, "downhill_trails": 2, "longest_trail_mi": 0.0, "avg_trail_mi": 0.0, "trails_novice": 0, "trails_easy": 0, "trails_intermediate": 0, "trails_advanced": 0, "trails_expert": 0, "trails_freeride": 0, "trails_extreme": 0, "gladed_terrain": "No", "snow_park": "No", "sledding_tubing": "No", "lift_types": "gondola: 1", "resort_type": "downhill ski resort", "region": "asia/china/inner-mongolia" }, "geometry": { "type": "Point", "coordinates": [ 119.566448, 45.587821 ] } },
{ "type": "Feature", "properties": { "winter_sports_id": 1358528642, "winter_sports_type": "way", "name": "集宁察汗营滑雪场", "country": "China", "state": "Inner Mongol", "total_area_ha": 17.37, "total_area_acres": 43.0, "skiable_terrain_ha": 2.89, "skiable_terrain_acres": 7.0, "total_lifts": 3, "longest_lift_mi": 0.29, "downhill_trails": 3, "longest_trail_mi": 0.2, "avg_trail_mi": 0.17, "trails_novice": 0, "trails_easy": 0, "trails_intermediate": 0, "trails_advanced": 0, "trails_expert": 0, "trails_freeride": 0, "trails_extreme": 0, "gladed_terrain": "No", "snow_park": "No", "sledding_tubing": "No", "lift_types": "gondola: 1, magic carpet: 2", "resort_type": "downhill ski resort", "region": "asia/china/inner-mongolia" }, "geometry": { "type": "Point", "coordinates": [ 113.103885, 41.158934 ] } },
{ "type": "Feature", "properties": { "winter_sports_id": 1358530200, "winter_sports_type": "way", "name": "北极光滑雪场", "country": "China", "state": "Inner Mongol", "total_area_ha": 1.71, "total_area_acres": 4.0, "skiable_terrain_ha": 1.02, "skiable_terrain_acres": 3.0, "total_lifts": 1, "longest_lift_mi": 0.14, "downhill_trails": 1, "longest_trail_mi": 0.21, "avg_trail_mi": 0.21, "trails_novice": 0, "trails_easy": 0, "trails_intermediate": 0, "trails_advanced": 0, "trails_expert": 0, "trails_freeride": 0, "trails_extreme": 0, "gladed_terrain": "No", "snow_park": "No", "sledding_tubing": "No", "lift_types": "magic carpet: 1", "resort_type": "downhill ski resort", "region": "asia/china/inner-mongolia" }, "geometry": { "type": "Point", "coordinates": [ 111.572488, 40.846877 ] } },
{ "type": "Feature", "properties": { "winter_sports_id": 1358530597, "winter_sports_type": "way", "name": "万舟滑雪场", "country": "China", "state": "Inner Mongol", "total_area_ha": 8.25, "total_area_acres": 20.0, "skiable_terrain_ha": 2.43, "skiable_terrain_acres": 6.0, "total_lifts": 3, "longest_lift_mi": 0.12, "downhill_trails": 3, "longest_trail_mi": 0.19, "avg_trail_mi": 0.17, "trails_novice": 0, "trails_easy": 0, "trails_intermediate": 0, "trails_advanced": 0, "trails_expert": 0, "trails_freeride": 0, "trails_extreme": 0, "gladed_terrain": "No", "snow_park": "No", "sledding_tubing": "No", "lift_types": "magic carpet: 3", "resort_type": "downhill ski resort", "region": "asia/china/inner-mongolia" }, "geometry": { "type": "Point", "coordinates": [ 109.722809, 39.504091 ] } },
{ "type": "Feature", "properties": { "winter_sports_id": 1358531468, "winter_sports_type": "way", "name": "多蓝湖滑雪场", "country": "China", "state": "Inner Mongol", "total_area_ha": 3.85, "total_area_acres": 10.0, "skiable_terrain_ha": 0.7, "skiable_terrain_acres": 2.0, "total_lifts": 0, "longest_lift_mi": 0.0, "downhill_trails": 1, "longest_trail_mi": 0.15, "avg_trail_mi": 0.15, "trails_novice": 0, "trails_easy": 0, "trails_intermediate": 0, "trails_advanced": 0, "trails_expert": 0, "trails_freeride": 0, "trails_extreme": 0, "gladed_terrain": "No", "snow_park": "No", "sledding_tubing": "No", "lift_types": null, "resort_type": "downhill ski resort", "region": "asia/china/inner-mongolia" }, "geometry": { "type": "Point", "coordinates": [ 107.438476, 40.6944 ] } },
{ "type": "Feature", "properties": { "winter_sports_id": 1035929305, "winter_sports_type": "way", "name": "运河湾滑雪场", "country": "China", "state": "Jiangsu", "total_area_ha": 1.33, "total_area_acres": 3.0, "skiable_terrain_ha": 0.51, "skiable_terrain_acres": 1.0, "total_lifts": 1, "longest_lift_mi": 0.08, "downhill_trails": 1, "longest_trail_mi": 0.11, "avg_trail_mi": 0.11, "trails_novice": 0, "trails_easy": 0, "trails_intermediate": 0, "trails_advanced": 0, "trails_expert": 0, "trails_freeride": 0, "trails_extreme": 0, "gladed_terrain": "No", "snow_park": "No", "sledding_tubing": "No", "lift_types": "magic carpet: 1", "resort_type": "downhill ski resort", "region": "asia/china/jiangsu" }, "geometry": { "type": "Point", "coordinates": [ 118.32486, 33.997153 ] } },
{ "type": "Feature", "properties": { "winter_sports_id": 1261808783, "winter_sports_type": "way", "name": "常州龙凤谷滑雪场", "country": "China", "state": "Jiangsu", "total_area_ha": 0.53, "total_area_acres": 1.0, "skiable_terrain_ha": 0.6, "skiable_terrain_acres": 1.0, "total_lifts": 0, "longest_lift_mi": 0.0, "downhill_trails": 1, "longest_trail_mi": 0.12, "avg_trail_mi": 0.12, "trails_novice": 0, "trails_easy": 0, "trails_intermediate": 0, "trails_advanced": 0, "trails_expert": 0, "trails_freeride": 0, "trails_extreme": 0, "gladed_terrain": "No", "snow_park": "No", "sledding_tubing": "No", "lift_types": null, "resort_type": "downhill ski resort", "region": "asia/china/jiangsu" }, "geometry": { "type": "Point", "coordinates": [ 120.024939, 31.543697 ] } },
{ "type": "Feature", "properties": { "winter_sports_id": 1358555616, "winter_sports_type": "way", "name": "徐州督工山滑雪场", "country": "China", "state": "Shandong", "total_area_ha": 2.3, "total_area_acres": 6.0, "skiable_terrain_ha": 1.23, "skiable_terrain_acres": 3.0, "total_lifts": 2, "longest_lift_mi": 0.07, "downhill_trails": 3, "longest_trail_mi": 0.1, "avg_trail_mi": 0.09, "trails_novice": 0, "trails_easy": 0, "trails_intermediate": 0, "trails_advanced": 0, "trails_expert": 0, "trails_freeride": 0, "trails_extreme": 0, "gladed_terrain": "No", "snow_park": "No", "sledding_tubing": "No", "lift_types": "magic carpet: 2", "resort_type": "downhill ski resort", "region": "asia/china/jiangsu" }, "geometry": { "type": "Point", "coordinates": [ 117.557532, 34.46474 ] } },
{ "type": "Feature", "properties": { "winter_sports_id": 1359270655, "winter_sports_type": "way", "name": "妙木山滑雪场", "country": "China", "state": "Jiangsu", "total_area_ha": 1.3, "total_area_acres": 3.0, "skiable_terrain_ha": 0.47, "skiable_terrain_acres": 1.0, "total_lifts": 1, "longest_lift_mi": 0.09, "downhill_trails": 1, "longest_trail_mi": 0.1, "avg_trail_mi": 0.1, "trails_novice": 0, "trails_easy": 0, "trails_intermediate": 0, "trails_advanced": 0, "trails_expert": 0, "trails_freeride": 0, "trails_extreme": 0, "gladed_terrain": "No", "snow_park": "No", "sledding_tubing": "No", "lift_types": "magic carpet: 1", "resort_type": "downhill ski resort", "region": "asia/china/jiangsu" }, "geometry": { "type": "Point", "coordinates": [ 118.850497, 34.929605 ] } },
{ "type": "Feature", "properties": { "winter_sports_id": 1359798257, "winter_sports_type": "way", "name": "纳帕溪谷滑雪场", "country": "China", "state": "Jiangsu", "total_area_ha": 4.12, "total_area_acres": 10.0, "skiable_terrain_ha": 0.64, "skiable_terrain_acres": 2.0, "total_lifts": 2, "longest_lift_mi": 0.09, "downhill_trails": 2, "longest_trail_mi": 0.06, "avg_trail_mi": 0.06, "trails_novice": 0, "trails_easy": 0, "trails_intermediate": 0, "trails_advanced": 0, "trails_expert": 0, "trails_freeride": 0, "trails_extreme": 0, "gladed_terrain": "No", "snow_park": "No", "sledding_tubing": "No", "lift_types": "magic carpet: 2", "resort_type": "downhill ski resort", "region": "asia/china/jiangsu" }, "geometry": { "type": "Point", "coordinates": [ 117.060361, 34.192205 ] } },
{ "type": "Feature", "properties": { "winter_sports_id": 1359799397, "winter_sports_type": "way", "name": "白龙潭生态园滑雪场", "country": "China", "state": "Jiangsu", "total_area_ha": 1.63, "total_area_acres": 4.0, "skiable_terrain_ha": 0.53, "skiable_terrain_acres": 1.0, "total_lifts": 0, "longest_lift_mi": 0.0, "downhill_trails": 1, "longest_trail_mi": 0.11, "avg_trail_mi": 0.11, "trails_novice": 0, "trails_easy": 0, "trails_intermediate": 0, "trails_advanced": 0, "trails_expert": 0, "trails_freeride": 0, "trails_extreme": 0, "gladed_terrain": "No", "snow_park": "No", "sledding_tubing": "No", "lift_types": null, "resort_type": "downhill ski resort", "region": "asia/china/jiangsu" }, "geometry": { "type": "Point", "coordinates": [ 119.285588, 34.66923 ] } },
{ "type": "Feature", "properties": { "winter_sports_id": 1359808021, "winter_sports_type": "way", "name": "伊芦山霞波滑雪场", "country": "China", "state": "Jiangsu", "total_area_ha": 1.17, "total_area_acres": 3.0, "skiable_terrain_ha": 0.63, "skiable_terrain_acres": 2.0, "total_lifts": 1, "longest_lift_mi": 0.1, "downhill_trails": 1, "longest_trail_mi": 0.13, "avg_trail_mi": 0.13, "trails_novice": 0, "trails_easy": 0, "trails_intermediate": 0, "trails_advanced": 0, "trails_expert": 0, "trails_freeride": 0, "trails_extreme": 0, "gladed_terrain": "No", "snow_park": "No", "sledding_tubing": "No", "lift_types": "magic carpet: 1", "resort_type": "downhill ski resort", "region": "asia/china/jiangsu" }, "geometry": { "type": "Point", "coordinates": [ 119.33721, 34.446161 ] } },
{ "type": "Feature", "properties": { "winter_sports_id": 1359809576, "winter_sports_type": "way", "name": "梅园滑雪场", "country": "China", "state": "Jiangsu", "total_area_ha": 3.13, "total_area_acres": 8.0, "skiable_terrain_ha": 0.67, "skiable_terrain_acres": 2.0, "total_lifts": 1, "longest_lift_mi": 0.1, "downhill_trails": 1, "longest_trail_mi": 0.14, "avg_trail_mi": 0.14, "trails_novice": 0, "trails_easy": 0, "trails_intermediate": 0, "trails_advanced": 0, "trails_expert": 0, "trails_freeride": 0, "trails_extreme": 0, "gladed_terrain": "No", "snow_park": "No", "sledding_tubing": "No", "lift_types": "magic carpet: 1", "resort_type": "downhill ski resort", "region": "asia/china/jiangsu" }, "geometry": { "type": "Point", "coordinates": [ 119.791567, 31.315892 ] } },
{ "type": "Feature", "properties": { "winter_sports_id": 1359809682, "winter_sports_type": "way", "name": "扬州邵伯湖滑雪场", "country": "China", "state": "Jiangsu", "total_area_ha": 1.19, "total_area_acres": 3.0, "skiable_terrain_ha": 0.74, "skiable_terrain_acres": 2.0, "total_lifts": 2, "longest_lift_mi": 0.04, "downhill_trails": 3, "longest_trail_mi": 0.05, "avg_trail_mi": 0.05, "trails_novice": 0, "trails_easy": 0, "trails_intermediate": 0, "trails_advanced": 0, "trails_expert": 0, "trails_freeride": 0, "trails_extreme": 0, "gladed_terrain": "No", "snow_park": "No", "sledding_tubing": "No", "lift_types": "magic carpet: 2", "resort_type": "downhill ski resort", "region": "asia/china/jiangsu" }, "geometry": { "type": "Point", "coordinates": [ 119.478676, 32.498893 ] } },
{ "type": "Feature", "properties": { "winter_sports_id": 1270050270, "winter_sports_type": "way", "name": "庐山滑雪场", "country": "China", "state": "Jiangxi", "total_area_ha": 2.59, "total_area_acres": 6.0, "skiable_terrain_ha": 0.24, "skiable_terrain_acres": 1.0, "total_lifts": 1, "longest_lift_mi": 0.13, "downhill_trails": 1, "longest_trail_mi": 0.0, "avg_trail_mi": 0.0, "trails_novice": 1, "trails_easy": 0, "trails_intermediate": 0, "trails_advanced": 0, "trails_expert": 0, "trails_freeride": 0, "trails_extreme": 0, "gladed_terrain": "No", "snow_park": "No", "sledding_tubing": "No", "lift_types": "magic carpet: 1", "resort_type": "downhill ski resort", "region": "asia/china/jiangxi" }, "geometry": { "type": "Point", "coordinates": [ 115.993652, 29.576198 ] } },
{ "type": "Feature", "properties": { "winter_sports_id": 1355956652, "winter_sports_type": "way", "name": "靖安国际滑雪场", "country": "China", "state": "Jiangxi", "total_area_ha": 15.22, "total_area_acres": 38.0, "skiable_terrain_ha": 4.34, "skiable_terrain_acres": 11.0, "total_lifts": 0, "longest_lift_mi": 0.0, "downhill_trails": 4, "longest_trail_mi": 0.09, "avg_trail_mi": 0.09, "trails_novice": 0, "trails_easy": 0, "trails_intermediate": 0, "trails_advanced": 0, "trails_expert": 0, "trails_freeride": 0, "trails_extreme": 0, "gladed_terrain": "No", "snow_park": "No", "sledding_tubing": "No", "lift_types": null, "resort_type": "downhill ski resort", "region": "asia/china/jiangxi" }, "geometry": { "type": "Point", "coordinates": [ 114.909873, 28.85241 ] } },
{ "type": "Feature", "properties": { "winter_sports_id": 1358556773, "winter_sports_type": "way", "name": "明月山滑雪场", "country": "China", "state": "Jiangxi", "total_area_ha": 1.02, "total_area_acres": 3.0, "skiable_terrain_ha": 0.42, "skiable_terrain_acres": 1.0, "total_lifts": 1, "longest_lift_mi": 0.73, "downhill_trails": 1, "longest_trail_mi": 0.09, "avg_trail_mi": 0.09, "trails_novice": 0, "trails_easy": 0, "trails_intermediate": 0, "trails_advanced": 0, "trails_expert": 0, "trails_freeride": 0, "trails_extreme": 0, "gladed_terrain": "No", "snow_park": "No", "sledding_tubing": "No", "lift_types": "cable car: 1", "resort_type": "downhill ski resort", "region": "asia/china/jiangxi" }, "geometry": { "type": "Point", "coordinates": [ 114.287922, 27.591488 ] } },
{ "type": "Feature", "properties": { "winter_sports_id": 761915739, "winter_sports_type": "way", "name": "北山滑雪场", "country": "China", "state": "Jilin", "total_area_ha": 6.59, "total_area_acres": 16.0, "skiable_terrain_ha": 0.0, "skiable_terrain_acres": 0.0, "total_lifts": 0, "longest_lift_mi": 0.0, "downhill_trails": 0, "longest_trail_mi": 0.0, "avg_trail_mi": 0.0, "trails_novice": 0, "trails_easy": 0, "trails_intermediate": 0, "trails_advanced": 0, "trails_expert": 0, "trails_freeride": 0, "trails_extreme": 0, "gladed_terrain": "No", "snow_park": "No", "sledding_tubing": "No", "lift_types": null, "resort_type": "not a downhill ski resort", "region": "asia/china/jilin" }, "geometry": { "type": "Point", "coordinates": [ 126.520272, 43.843025 ] } },
{ "type": "Feature", "properties": { "winter_sports_id": 1065847592, "winter_sports_type": "way", "name": "长白山和平滑雪场", "country": "China", "state": "Jilin", "total_area_ha": 30.15, "total_area_acres": 75.0, "skiable_terrain_ha": 2.84, "skiable_terrain_acres": 7.0, "total_lifts": 3, "longest_lift_mi": 0.61, "downhill_trails": 5, "longest_trail_mi": 0.05, "avg_trail_mi": 0.05, "trails_novice": 0, "trails_easy": 2, "trails_intermediate": 0, "trails_advanced": 0, "trails_expert": 0, "trails_freeride": 0, "trails_extreme": 0, "gladed_terrain": "No", "snow_park": "No", "sledding_tubing": "No", "lift_types": "drag lift: 2, gondola: 1", "resort_type": "downhill ski resort", "region": "asia/china/jilin" }, "geometry": { "type": "Point", "coordinates": [ 128.190614, 42.285995 ] } },
{ "type": "Feature", "properties": { "winter_sports_id": 1097096892, "winter_sports_type": "way", "name": "万峰通化滑雪度假区", "country": "China", "state": "Jilin", "total_area_ha": 278.31, "total_area_acres": 688.0, "skiable_terrain_ha": 111.83, "skiable_terrain_acres": 276.0, "total_lifts": 9, "longest_lift_mi": 1.07, "downhill_trails": 27, "longest_trail_mi": 0.22, "avg_trail_mi": 0.18, "trails_novice": 0, "trails_easy": 6, "trails_intermediate": 10, "trails_advanced": 11, "trails_expert": 0, "trails_freeride": 0, "trails_extreme": 0, "gladed_terrain": "No", "snow_park": "No", "sledding_tubing": "No", "lift_types": "drag lift: 1, gondola: 2, magic carpet: 4, t-bar: 2", "resort_type": "downhill ski resort", "region": "asia/china/jilin" }, "geometry": { "type": "Point", "coordinates": [ 125.953893, 41.648131 ] } },
{ "type": "Feature", "properties": { "winter_sports_id": 1232164322, "winter_sports_type": "way", "name": "Beidahu Ski Resort", "country": "China", "state": "Jilin", "total_area_ha": 1136.8, "total_area_acres": 2809.0, "skiable_terrain_ha": 367.26, "skiable_terrain_acres": 908.0, "total_lifts": 11, "longest_lift_mi": 1.42, "downhill_trails": 66, "longest_trail_mi": 0.6, "avg_trail_mi": 0.12, "trails_novice": 1, "trails_easy": 7, "trails_intermediate": 28, "trails_advanced": 9, "trails_expert": 1, "trails_freeride": 0, "trails_extreme": 0, "gladed_terrain": "No", "snow_park": "No", "sledding_tubing": "No", "lift_types": "chair lift: 4, gondola: 7", "resort_type": "downhill ski resort", "region": "asia/china/jilin" }, "geometry": { "type": "Point", "coordinates": [ 126.617865, 43.411255 ] } },
{ "type": "Feature", "properties": { "winter_sports_id": 1236753988, "winter_sports_type": "way", "name": "松花湖滑雪场", "country": "China", "state": "Jilin", "total_area_ha": 441.43, "total_area_acres": 1091.0, "skiable_terrain_ha": 168.84, "skiable_terrain_acres": 417.0, "total_lifts": 14, "longest_lift_mi": 1.51, "downhill_trails": 45, "longest_trail_mi": 0.17, "avg_trail_mi": 0.17, "trails_novice": 0, "trails_easy": 14, "trails_intermediate": 18, "trails_advanced": 9, "trails_expert": 0, "trails_freeride": 0, "trails_extreme": 0, "gladed_terrain": "No", "snow_park": "No", "sledding_tubing": "No", "lift_types": "chair lift: 5, gondola: 1, magic carpet: 8", "resort_type": "downhill ski resort", "region": "asia/china/jilin" }, "geometry": { "type": "Point", "coordinates": [ 126.61874, 43.67354 ] } },
{ "type": "Feature", "properties": { "winter_sports_id": 1291648706, "winter_sports_type": "way", "name": "吉雪滑雪场", "country": "China", "state": "Jilin", "total_area_ha": 25.27, "total_area_acres": 62.0, "skiable_terrain_ha": 8.29, "skiable_terrain_acres": 20.0, "total_lifts": 6, "longest_lift_mi": 0.3, "downhill_trails": 9, "longest_trail_mi": 0.11, "avg_trail_mi": 0.09, "trails_novice": 3, "trails_easy": 0, "trails_intermediate": 3, "trails_advanced": 3, "trails_expert": 0, "trails_freeride": 0, "trails_extreme": 0, "gladed_terrain": "No", "snow_park": "No", "sledding_tubing": "No", "lift_types": "chair lift: 2, magic carpet: 4", "resort_type": "downhill ski resort", "region": "asia/china/jilin" }, "geometry": { "type": "Point", "coordinates": [ 126.333174, 43.843187 ] } },
{ "type": "Feature", "properties": { "winter_sports_id": 1291648924, "winter_sports_type": "way", "name": "铭山绿洲滑雪场", "country": "China", "state": "Jilin", "total_area_ha": 8.45, "total_area_acres": 21.0, "skiable_terrain_ha": 1.39, "skiable_terrain_acres": 3.0, "total_lifts": 4, "longest_lift_mi": 0.14, "downhill_trails": 2, "longest_trail_mi": 0.15, "avg_trail_mi": 0.14, "trails_novice": 1, "trails_easy": 1, "trails_intermediate": 0, "trails_advanced": 0, "trails_expert": 0, "trails_freeride": 0, "trails_extreme": 0, "gladed_terrain": "No", "snow_park": "No", "sledding_tubing": "No", "lift_types": "magic carpet: 4", "resort_type": "downhill ski resort", "region": "asia/china/jilin" }, "geometry": { "type": "Point", "coordinates": [ 126.660472, 43.882706 ] } },
{ "type": "Feature", "properties": { "winter_sports_id": 1291650369, "winter_sports_type": "way", "name": "庙香山滑雪场", "country": "China", "state": "Jilin", "total_area_ha": 64.1, "total_area_acres": 158.0, "skiable_terrain_ha": 15.76, "skiable_terrain_acres": 39.0, "total_lifts": 4, "longest_lift_mi": 0.49, "downhill_trails": 13, "longest_trail_mi": 0.19, "avg_trail_mi": 0.16, "trails_novice": 1, "trails_easy": 2, "trails_intermediate": 4, "trails_advanced": 6, "trails_expert": 0, "trails_freeride": 0, "trails_extreme": 0, "gladed_terrain": "No", "snow_park": "No", "sledding_tubing": "No", "lift_types": "chair lift: 2, magic carpet: 2", "resort_type": "downhill ski resort", "region": "asia/china/jilin" }, "geometry": { "type": "Point", "coordinates": [ 125.884755, 43.954848 ] } },
{ "type": "Feature", "properties": { "winter_sports_id": 1313927153, "winter_sports_type": "way", "name": "吉林北山四季越野滑雪场", "country": "China", "state": "Jilin", "total_area_ha": 24.7, "total_area_acres": 61.0, "skiable_terrain_ha": 0.0, "skiable_terrain_acres": 0.0, "total_lifts": 0, "longest_lift_mi": 0.0, "downhill_trails": 0, "longest_trail_mi": 0.0, "avg_trail_mi": 0.0, "trails_novice": 0, "trails_easy": 0, "trails_intermediate": 0, "trails_advanced": 0, "trails_expert": 0, "trails_freeride": 0, "trails_extreme": 0, "gladed_terrain": "No", "snow_park": "No", "sledding_tubing": "No", "lift_types": null, "resort_type": "not a downhill ski resort", "region": "asia/china/jilin" }, "geometry": { "type": "Point", "coordinates": [ 126.520139, 43.837389 ] } },
{ "type": "Feature", "properties": { "winter_sports_id": 1333161786, "winter_sports_type": "way", "name": "长春莲花山滑雪场", "country": "China", "state": "Jilin", "total_area_ha": 71.88, "total_area_acres": 178.0, "skiable_terrain_ha": 33.68, "skiable_terrain_acres": 83.0, "total_lifts": 6, "longest_lift_mi": 0.48, "downhill_trails": 13, "longest_trail_mi": 0.26, "avg_trail_mi": 0.18, "trails_novice": 0, "trails_easy": 0, "trails_intermediate": 2, "trails_advanced": 0, "trails_expert": 0, "trails_freeride": 0, "trails_extreme": 0, "gladed_terrain": "No", "snow_park": "No", "sledding_tubing": "No", "lift_types": "gondola: 2, magic carpet: 4", "resort_type": "downhill ski resort", "region": "asia/china/jilin" }, "geometry": { "type": "Point", "coordinates": [ 125.731341, 43.858596 ] } },
{ "type": "Feature", "properties": { "winter_sports_id": 1333162917, "winter_sports_type": "way", "name": "白山大镜沟滑雪场（规划）", "country": "China", "state": "Jilin", "total_area_ha": 803.4, "total_area_acres": 1985.0, "skiable_terrain_ha": 0.0, "skiable_terrain_acres": 0.0, "total_lifts": 1, "longest_lift_mi": 2.34, "downhill_trails": 0, "longest_trail_mi": 0.0, "avg_trail_mi": 0.0, "trails_novice": 0, "trails_easy": 0, "trails_intermediate": 0, "trails_advanced": 0, "trails_expert": 0, "trails_freeride": 0, "trails_extreme": 0, "gladed_terrain": "No", "snow_park": "No", "sledding_tubing": "No", "lift_types": "gondola: 1", "resort_type": "downhill ski resort", "region": "asia/china/jilin" }, "geometry": { "type": "Point", "coordinates": [ 126.55588, 41.835998 ] } },
{ "type": "Feature", "properties": { "winter_sports_id": 1333162920, "winter_sports_type": "way", "name": "龙岗山滑雪场（规划）", "country": "China", "state": "Liaoning", "total_area_ha": 598.59, "total_area_acres": 1479.0, "skiable_terrain_ha": 0.0, "skiable_terrain_acres": 0.0, "total_lifts": 1, "longest_lift_mi": 2.29, "downhill_trails": 0, "longest_trail_mi": 0.0, "avg_trail_mi": 0.0, "trails_novice": 0, "trails_easy": 0, "trails_intermediate": 0, "trails_advanced": 0, "trails_expert": 0, "trails_freeride": 0, "trails_extreme": 0, "gladed_terrain": "No", "snow_park": "No", "sledding_tubing": "No", "lift_types": "gondola: 1", "resort_type": "downhill ski resort", "region": "asia/china/jilin" }, "geometry": { "type": "Point", "coordinates": [ 125.42495, 41.620243 ] } },
{ "type": "Feature", "properties": { "winter_sports_id": 1353603434, "winter_sports_type": "way", "name": "梦都美滑雪场", "country": "China", "state": "Jilin", "total_area_ha": 69.21, "total_area_acres": 171.0, "skiable_terrain_ha": 25.6, "skiable_terrain_acres": 63.0, "total_lifts": 2, "longest_lift_mi": 0.43, "downhill_trails": 5, "longest_trail_mi": 0.16, "avg_trail_mi": 0.16, "trails_novice": 0, "trails_easy": 1, "trails_intermediate": 3, "trails_advanced": 1, "trails_expert": 0, "trails_freeride": 0, "trails_extreme": 0, "gladed_terrain": "No", "snow_park": "No", "sledding_tubing": "No", "lift_types": "drag lift: 1, gondola: 1", "resort_type": "downhill ski resort", "region": "asia/china/jilin" }, "geometry": { "type": "Point", "coordinates": [ 129.586734, 43.034135 ] } },
{ "type": "Feature", "properties": { "winter_sports_id": 1355941502, "winter_sports_type": "way", "name": "天定山滑雪场", "country": "China", "state": "Jilin", "total_area_ha": 55.85, "total_area_acres": 138.0, "skiable_terrain_ha": 33.2, "skiable_terrain_acres": 82.0, "total_lifts": 5, "longest_lift_mi": 0.51, "downhill_trails": 13, "longest_trail_mi": 0.11, "avg_trail_mi": 0.1, "trails_novice": 0, "trails_easy": 8, "trails_intermediate": 5, "trails_advanced": 0, "trails_expert": 0, "trails_freeride": 0, "trails_extreme": 0, "gladed_terrain": "No", "snow_park": "No", "sledding_tubing": "No", "lift_types": "gondola: 2, magic carpet: 3", "resort_type": "downhill ski resort", "region": "asia/china/jilin" }, "geometry": { "type": "Point", "coordinates": [ 125.59707, 43.879815 ] } },
{ "type": "Feature", "properties": { "winter_sports_id": 1355956620, "winter_sports_type": "way", "name": "长白山华美胜地滑雪场", "country": "China", "state": "Jilin", "total_area_ha": 18.95, "total_area_acres": 47.0, "skiable_terrain_ha": 0.0, "skiable_terrain_acres": 0.0, "total_lifts": 1, "longest_lift_mi": 0.4, "downhill_trails": 0, "longest_trail_mi": 0.0, "avg_trail_mi": 0.0, "trails_novice": 0, "trails_easy": 0, "trails_intermediate": 0, "trails_advanced": 0, "trails_expert": 0, "trails_freeride": 0, "trails_extreme": 0, "gladed_terrain": "No", "snow_park": "No", "sledding_tubing": "No", "lift_types": "chair lift: 1", "resort_type": "downhill ski resort", "region": "asia/china/jilin" }, "geometry": { "type": "Point", "coordinates": [ 127.518315, 41.961265 ] } },
{ "type": "Feature", "properties": { "winter_sports_id": 1355956624, "winter_sports_type": "way", "name": "红松王滑雪场", "country": "China", "state": "Jilin", "total_area_ha": 6.99, "total_area_acres": 17.0, "skiable_terrain_ha": 1.61, "skiable_terrain_acres": 4.0, "total_lifts": 0, "longest_lift_mi": 0.0, "downhill_trails": 3, "longest_trail_mi": 0.08, "avg_trail_mi": 0.08, "trails_novice": 0, "trails_easy": 0, "trails_intermediate": 0, "trails_advanced": 0, "trails_expert": 0, "trails_freeride": 0, "trails_extreme": 0, "gladed_terrain": "No", "snow_park": "No", "sledding_tubing": "No", "lift_types": null, "resort_type": "downhill ski resort", "region": "asia/china/jilin" }, "geometry": { "type": "Point", "coordinates": [ 128.19157, 42.21151 ] } },
{ "type": "Feature", "properties": { "winter_sports_id": 1359799542, "winter_sports_type": "way", "name": "五家山滑雪场", "country": "China", "state": "Jilin", "total_area_ha": 9.25, "total_area_acres": 23.0, "skiable_terrain_ha": 3.38, "skiable_terrain_acres": 8.0, "total_lifts": 3, "longest_lift_mi": 0.45, "downhill_trails": 3, "longest_trail_mi": 0.48, "avg_trail_mi": 0.23, "trails_novice": 0, "trails_easy": 1, "trails_intermediate": 1, "trails_advanced": 1, "trails_expert": 0, "trails_freeride": 0, "trails_extreme": 0, "gladed_terrain": "No", "snow_park": "No", "sledding_tubing": "No", "lift_types": "drag lift: 1, magic carpet: 2", "resort_type": "downhill ski resort", "region": "asia/china/jilin" }, "geometry": { "type": "Point", "coordinates": [ 126.715508, 43.751242 ] } },
{ "type": "Feature", "properties": { "winter_sports_id": 890903267, "winter_sports_type": "way", "name": "欢乐雪世界滑雪场", "country": "China", "state": "Liaoning", "total_area_ha": 6.71, "total_area_acres": 17.0, "skiable_terrain_ha": 1.77, "skiable_terrain_acres": 4.0, "total_lifts": 2, "longest_lift_mi": 0.25, "downhill_trails": 3, "longest_trail_mi": 0.18, "avg_trail_mi": 0.14, "trails_novice": 0, "trails_easy": 0, "trails_intermediate": 0, "trails_advanced": 0, "trails_expert": 0, "trails_freeride": 0, "trails_extreme": 0, "gladed_terrain": "No", "snow_park": "No", "sledding_tubing": "No", "lift_types": "chair lift: 2", "resort_type": "downhill ski resort", "region": "asia/china/liaoning" }, "geometry": { "type": "Point", "coordinates": [ 121.518406, 38.938902 ] } },
{ "type": "Feature", "properties": { "winter_sports_id": 1333162920, "winter_sports_type": "way", "name": "龙岗山滑雪场（规划）", "country": "China", "state": "Liaoning", "total_area_ha": 598.59, "total_area_acres": 1479.0, "skiable_terrain_ha": 0.0, "skiable_terrain_acres": 0.0, "total_lifts": 1, "longest_lift_mi": 2.29, "downhill_trails": 0, "longest_trail_mi": 0.0, "avg_trail_mi": 0.0, "trails_novice": 0, "trails_easy": 0, "trails_intermediate": 0, "trails_advanced": 0, "trails_expert": 0, "trails_freeride": 0, "trails_extreme": 0, "gladed_terrain": "No", "snow_park": "No", "sledding_tubing": "No", "lift_types": "gondola: 1", "resort_type": "downhill ski resort", "region": "asia/china/liaoning" }, "geometry": { "type": "Point", "coordinates": [ 125.42495, 41.620243 ] } },
{ "type": "Feature", "properties": { "winter_sports_id": 1333471951, "winter_sports_type": "way", "name": "天桥沟滑雪场", "country": "China", "state": "Liaoning", "total_area_ha": 82.94, "total_area_acres": 205.0, "skiable_terrain_ha": 61.39, "skiable_terrain_acres": 152.0, "total_lifts": 4, "longest_lift_mi": 0.62, "downhill_trails": 4, "longest_trail_mi": 0.0, "avg_trail_mi": 0.0, "trails_novice": 0, "trails_easy": 1, "trails_intermediate": 1, "trails_advanced": 2, "trails_expert": 0, "trails_freeride": 0, "trails_extreme": 0, "gladed_terrain": "No", "snow_park": "No", "sledding_tubing": "No", "lift_types": "chair lift: 1, magic carpet: 3", "resort_type": "downhill ski resort", "region": "asia/china/liaoning" }, "geometry": { "type": "Point", "coordinates": [ 124.620613, 41.049781 ] } },
{ "type": "Feature", "properties": { "winter_sports_id": 1345023020, "winter_sports_type": "way", "name": "云山滑雪场", "country": "China", "state": "Liaoning", "total_area_ha": 37.94, "total_area_acres": 94.0, "skiable_terrain_ha": 13.84, "skiable_terrain_acres": 34.0, "total_lifts": 0, "longest_lift_mi": 0.0, "downhill_trails": 1, "longest_trail_mi": 0.0, "avg_trail_mi": 0.0, "trails_novice": 0, "trails_easy": 0, "trails_intermediate": 0, "trails_advanced": 0, "trails_expert": 0, "trails_freeride": 0, "trails_extreme": 0, "gladed_terrain": "No", "snow_park": "No", "sledding_tubing": "No", "lift_types": null, "resort_type": "downhill ski resort", "region": "asia/china/liaoning" }, "geometry": { "type": "Point", "coordinates": [ 124.140765, 41.060465 ] } },
{ "type": "Feature", "properties": { "winter_sports_id": 1345093861, "winter_sports_type": "way", "name": "弓长岭滑雪场", "country": "China", "state": "Liaoning", "total_area_ha": 32.96, "total_area_acres": 81.0, "skiable_terrain_ha": 28.33, "skiable_terrain_acres": 70.0, "total_lifts": 1, "longest_lift_mi": 0.5, "downhill_trails": 11, "longest_trail_mi": 0.1, "avg_trail_mi": 0.1, "trails_novice": 0, "trails_easy": 3, "trails_intermediate": 0, "trails_advanced": 0, "trails_expert": 0, "trails_freeride": 0, "trails_extreme": 0, "gladed_terrain": "No", "snow_park": "No", "sledding_tubing": "No", "lift_types": "platter: 1", "resort_type": "downhill ski resort", "region": "asia/china/liaoning" }, "geometry": { "type": "Point", "coordinates": [ 123.417043, 41.129834 ] } },
{ "type": "Feature", "properties": { "winter_sports_id": 1345096665, "winter_sports_type": "way", "name": "聚隆滑雪度假区（未完工）", "country": "China", "state": "Liaoning", "total_area_ha": 224.73, "total_area_acres": 555.0, "skiable_terrain_ha": 8.25, "skiable_terrain_acres": 20.0, "total_lifts": 0, "longest_lift_mi": 0.0, "downhill_trails": 1, "longest_trail_mi": 0.0, "avg_trail_mi": 0.0, "trails_novice": 0, "trails_easy": 0, "trails_intermediate": 0, "trails_advanced": 0, "trails_expert": 0, "trails_freeride": 0, "trails_extreme": 0, "gladed_terrain": "No", "snow_park": "No", "sledding_tubing": "No", "lift_types": null, "resort_type": "downhill ski resort", "region": "asia/china/liaoning" }, "geometry": { "type": "Point", "coordinates": [ 125.202207, 41.955411 ] } },
{ "type": "Feature", "properties": { "winter_sports_id": 1345097736, "winter_sports_type": "way", "name": "棋盘山冰雪大世界", "country": "China", "state": "Liaoning", "total_area_ha": 31.33, "total_area_acres": 77.0, "skiable_terrain_ha": 5.84, "skiable_terrain_acres": 14.0, "total_lifts": 0, "longest_lift_mi": 0.0, "downhill_trails": 5, "longest_trail_mi": 0.1, "avg_trail_mi": 0.1, "trails_novice": 0, "trails_easy": 0, "trails_intermediate": 0, "trails_advanced": 0, "trails_expert": 0, "trails_freeride": 0, "trails_extreme": 0, "gladed_terrain": "No", "snow_park": "No", "sledding_tubing": "No", "lift_types": null, "resort_type": "downhill ski resort", "region": "asia/china/liaoning" }, "geometry": { "type": "Point", "coordinates": [ 123.689098, 41.935592 ] } },
{ "type": "Feature", "properties": { "winter_sports_id": 1348663609, "winter_sports_type": "way", "name": "千山滑雪场", "country": "China", "state": "Liaoning", "total_area_ha": 37.38, "total_area_acres": 92.0, "skiable_terrain_ha": 17.57, "skiable_terrain_acres": 43.0, "total_lifts": 2, "longest_lift_mi": 0.35, "downhill_trails": 4, "longest_trail_mi": 0.07, "avg_trail_mi": 0.07, "trails_novice": 0, "trails_easy": 0, "trails_intermediate": 0, "trails_advanced": 0, "trails_expert": 0, "trails_freeride": 0, "trails_extreme": 0, "gladed_terrain": "No", "snow_park": "No", "sledding_tubing": "No", "lift_types": "gondola: 1, magic carpet: 1", "resort_type": "downhill ski resort", "region": "asia/china/liaoning" }, "geometry": { "type": "Point", "coordinates": [ 123.11599, 41.057454 ] } },
{ "type": "Feature", "properties": { "winter_sports_id": 1348664235, "winter_sports_type": "way", "name": "黄家沟滑雪场", "country": "China", "state": "Liaoning", "total_area_ha": 21.61, "total_area_acres": 53.0, "skiable_terrain_ha": 11.17, "skiable_terrain_acres": 28.0, "total_lifts": 6, "longest_lift_mi": 0.36, "downhill_trails": 11, "longest_trail_mi": 0.19, "avg_trail_mi": 0.15, "trails_novice": 0, "trails_easy": 0, "trails_intermediate": 0, "trails_advanced": 0, "trails_expert": 0, "trails_freeride": 0, "trails_extreme": 0, "gladed_terrain": "No", "snow_park": "No", "sledding_tubing": "No", "lift_types": "gondola: 2, magic carpet: 4", "resort_type": "downhill ski resort", "region": "asia/china/liaoning" }, "geometry": { "type": "Point", "coordinates": [ 121.605083, 42.061704 ] } },
{ "type": "Feature", "properties": { "winter_sports_id": 1354183490, "winter_sports_type": "way", "name": "东北亚滑雪场", "country": "China", "state": "Liaoning", "total_area_ha": 41.77, "total_area_acres": 103.0, "skiable_terrain_ha": 10.13, "skiable_terrain_acres": 25.0, "total_lifts": 7, "longest_lift_mi": 0.54, "downhill_trails": 11, "longest_trail_mi": 0.08, "avg_trail_mi": 0.06, "trails_novice": 0, "trails_easy": 5, "trails_intermediate": 2, "trails_advanced": 3, "trails_expert": 0, "trails_freeride": 0, "trails_extreme": 0, "gladed_terrain": "No", "snow_park": "No", "sledding_tubing": "No", "lift_types": "gondola: 2, magic carpet: 4, platter: 1", "resort_type": "downhill ski resort", "region": "asia/china/liaoning" }, "geometry": { "type": "Point", "coordinates": [ 123.72078, 42.038707 ] } },
{ "type": "Feature", "properties": { "winter_sports_id": 1354190074, "winter_sports_type": "way", "name": "林海滑雪场", "country": "China", "state": "Liaoning", "total_area_ha": 14.31, "total_area_acres": 35.0, "skiable_terrain_ha": 4.69, "skiable_terrain_acres": 12.0, "total_lifts": 3, "longest_lift_mi": 0.34, "downhill_trails": 5, "longest_trail_mi": 0.08, "avg_trail_mi": 0.08, "trails_novice": 0, "trails_easy": 0, "trails_intermediate": 0, "trails_advanced": 0, "trails_expert": 0, "trails_freeride": 0, "trails_extreme": 0, "gladed_terrain": "No", "snow_park": "No", "sledding_tubing": "No", "lift_types": "gondola: 2, magic carpet: 1", "resort_type": "downhill ski resort", "region": "asia/china/liaoning" }, "geometry": { "type": "Point", "coordinates": [ 121.425671, 38.944521 ] } },
{ "type": "Feature", "properties": { "winter_sports_id": 1355941468, "winter_sports_type": "way", "name": "何家沟滑雪场", "country": "China", "state": "Liaoning", "total_area_ha": 19.73, "total_area_acres": 49.0, "skiable_terrain_ha": 6.17, "skiable_terrain_acres": 15.0, "total_lifts": 6, "longest_lift_mi": 0.38, "downhill_trails": 6, "longest_trail_mi": 0.13, "avg_trail_mi": 0.13, "trails_novice": 0, "trails_easy": 1, "trails_intermediate": 2, "trails_advanced": 1, "trails_expert": 0, "trails_freeride": 0, "trails_extreme": 0, "gladed_terrain": "No", "snow_park": "No", "sledding_tubing": "No", "lift_types": "gondola: 2, magic carpet: 4", "resort_type": "downhill ski resort", "region": "asia/china/liaoning" }, "geometry": { "type": "Point", "coordinates": [ 122.233199, 40.198951 ] } },
{ "type": "Feature", "properties": { "winter_sports_id": 1358322303, "winter_sports_type": "way", "name": "紫花岭滑雪场", "country": "China", "state": "Liaoning", "total_area_ha": 6.38, "total_area_acres": 16.0, "skiable_terrain_ha": 1.44, "skiable_terrain_acres": 4.0, "total_lifts": 0, "longest_lift_mi": 0.0, "downhill_trails": 3, "longest_trail_mi": 0.06, "avg_trail_mi": 0.05, "trails_novice": 0, "trails_easy": 0, "trails_intermediate": 0, "trails_advanced": 0, "trails_expert": 0, "trails_freeride": 0, "trails_extreme": 0, "gladed_terrain": "No", "snow_park": "No", "sledding_tubing": "No", "lift_types": null, "resort_type": "downhill ski resort", "region": "asia/china/liaoning" }, "geometry": { "type": "Point", "coordinates": [ 124.125404, 41.736245 ] } },
{ "type": "Feature", "properties": { "winter_sports_id": 1358324557, "winter_sports_type": "way", "name": "铭湖滑雪场", "country": "China", "state": "Liaoning", "total_area_ha": 14.68, "total_area_acres": 36.0, "skiable_terrain_ha": 9.46, "skiable_terrain_acres": 23.0, "total_lifts": 4, "longest_lift_mi": 0.31, "downhill_trails": 4, "longest_trail_mi": 0.19, "avg_trail_mi": 0.12, "trails_novice": 0, "trails_easy": 0, "trails_intermediate": 0, "trails_advanced": 0, "trails_expert": 0, "trails_freeride": 0, "trails_extreme": 0, "gladed_terrain": "No", "snow_park": "No", "sledding_tubing": "No", "lift_types": "gondola: 1, magic carpet: 3", "resort_type": "downhill ski resort", "region": "asia/china/liaoning" }, "geometry": { "type": "Point", "coordinates": [ 121.7982, 39.499491 ] } },
{ "type": "Feature", "properties": { "winter_sports_id": 1358324785, "winter_sports_type": "way", "name": "将军石滑雪场", "country": "China", "state": "Liaoning", "total_area_ha": 4.57, "total_area_acres": 11.0, "skiable_terrain_ha": 1.61, "skiable_terrain_acres": 4.0, "total_lifts": 0, "longest_lift_mi": 0.0, "downhill_trails": 3, "longest_trail_mi": 0.14, "avg_trail_mi": 0.14, "trails_novice": 0, "trails_easy": 0, "trails_intermediate": 0, "trails_advanced": 0, "trails_expert": 0, "trails_freeride": 0, "trails_extreme": 0, "gladed_terrain": "No", "snow_park": "No", "sledding_tubing": "No", "lift_types": null, "resort_type": "downhill ski resort", "region": "asia/china/liaoning" }, "geometry": { "type": "Point", "coordinates": [ 121.678781, 39.911135 ] } },
{ "type": "Feature", "properties": { "winter_sports_id": 1358325456, "winter_sports_type": "way", "name": "大连安波温泉滑雪场", "country": "China", "state": "Liaoning", "total_area_ha": 9.33, "total_area_acres": 23.0, "skiable_terrain_ha": 5.38, "skiable_terrain_acres": 13.0, "total_lifts": 2, "longest_lift_mi": 0.27, "downhill_trails": 3, "longest_trail_mi": 0.28, "avg_trail_mi": 0.19, "trails_novice": 0, "trails_easy": 0, "trails_intermediate": 0, "trails_advanced": 0, "trails_expert": 0, "trails_freeride": 0, "trails_extreme": 0, "gladed_terrain": "No", "snow_park": "No", "sledding_tubing": "No", "lift_types": "gondola: 1, platter: 1", "resort_type": "downhill ski resort", "region": "asia/china/liaoning" }, "geometry": { "type": "Point", "coordinates": [ 122.278707, 39.811206 ] } },
{ "type": "Feature", "properties": { "winter_sports_id": 1355956626, "winter_sports_type": "way", "name": "西夏风情园滑雪场", "country": "China", "state": "Ningxia", "total_area_ha": 3.63, "total_area_acres": 9.0, "skiable_terrain_ha": 1.23, "skiable_terrain_acres": 3.0, "total_lifts": 0, "longest_lift_mi": 0.0, "downhill_trails": 1, "longest_trail_mi": 0.26, "avg_trail_mi": 0.26, "trails_novice": 0, "trails_easy": 0, "trails_intermediate": 0, "trails_advanced": 0, "trails_expert": 0, "trails_freeride": 0, "trails_extreme": 0, "gladed_terrain": "No", "snow_park": "No", "sledding_tubing": "No", "lift_types": null, "resort_type": "downhill ski resort", "region": "asia/china/ningxia" }, "geometry": { "type": "Point", "coordinates": [ 106.032217, 38.48352 ] } },
{ "type": "Feature", "properties": { "winter_sports_id": 1359532888, "winter_sports_type": "way", "name": "金帝顺滑雪场", "country": "China", "state": "Qinghai", "total_area_ha": 9.01, "total_area_acres": 22.0, "skiable_terrain_ha": 3.42, "skiable_terrain_acres": 8.0, "total_lifts": 4, "longest_lift_mi": 0.12, "downhill_trails": 8, "longest_trail_mi": 0.25, "avg_trail_mi": 0.09, "trails_novice": 1, "trails_easy": 0, "trails_intermediate": 0, "trails_advanced": 0, "trails_expert": 0, "trails_freeride": 0, "trails_extreme": 0, "gladed_terrain": "No", "snow_park": "No", "sledding_tubing": "No", "lift_types": "magic carpet: 4", "resort_type": "downhill ski resort", "region": "asia/china/qinghai" }, "geometry": { "type": "Point", "coordinates": [ 101.810328, 37.029985 ] } },
{ "type": "Feature", "properties": { "winter_sports_id": 1359535241, "winter_sports_type": "way", "name": "鹞子沟康乐山庄滑雪场", "country": "China", "state": "Qinghai", "total_area_ha": 8.16, "total_area_acres": 20.0, "skiable_terrain_ha": 3.42, "skiable_terrain_acres": 8.0, "total_lifts": 4, "longest_lift_mi": 0.12, "downhill_trails": 8, "longest_trail_mi": 0.25, "avg_trail_mi": 0.09, "trails_novice": 1, "trails_easy": 0, "trails_intermediate": 0, "trails_advanced": 0, "trails_expert": 0, "trails_freeride": 0, "trails_extreme": 0, "gladed_terrain": "No", "snow_park": "No", "sledding_tubing": "No", "lift_types": "magic carpet: 4", "resort_type": "downhill ski resort", "region": "asia/china/qinghai" }, "geometry": { "type": "Point", "coordinates": [ 101.817332, 37.034252 ] } },
{ "type": "Feature", "properties": { "winter_sports_id": 1359535247, "winter_sports_type": "way", "name": "彩虹滑雪场", "country": "China", "state": "Qinghai", "total_area_ha": 2.56, "total_area_acres": 6.0, "skiable_terrain_ha": 0.64, "skiable_terrain_acres": 2.0, "total_lifts": 1, "longest_lift_mi": 0.22, "downhill_trails": 3, "longest_trail_mi": 0.07, "avg_trail_mi": 0.06, "trails_novice": 0, "trails_easy": 0, "trails_intermediate": 0, "trails_advanced": 0, "trails_expert": 0, "trails_freeride": 0, "trails_extreme": 0, "gladed_terrain": "No", "snow_park": "No", "sledding_tubing": "No", "lift_types": "drag lift: 1", "resort_type": "downhill ski resort", "region": "asia/china/qinghai" }, "geometry": { "type": "Point", "coordinates": [ 101.930187, 36.834403 ] } },
{ "type": "Feature", "properties": { "winter_sports_id": 1359554598, "winter_sports_type": "way", "name": "瞿昙国际滑雪场", "country": "China", "state": "Qinghai", "total_area_ha": 7.25, "total_area_acres": 18.0, "skiable_terrain_ha": 0.5, "skiable_terrain_acres": 1.0, "total_lifts": 1, "longest_lift_mi": 0.08, "downhill_trails": 1, "longest_trail_mi": 0.0, "avg_trail_mi": 0.0, "trails_novice": 1, "trails_easy": 0, "trails_intermediate": 0, "trails_advanced": 0, "trails_expert": 0, "trails_freeride": 0, "trails_extreme": 0, "gladed_terrain": "No", "snow_park": "No", "sledding_tubing": "No", "lift_types": "magic carpet: 1", "resort_type": "downhill ski resort", "region": "asia/china/qinghai" }, "geometry": { "type": "Point", "coordinates": [ 102.24286, 36.286038 ] } },
{ "type": "Feature", "properties": { "winter_sports_id": 1359554599, "winter_sports_type": "way", "name": "金银滩冰上乐园滑雪场", "country": "China", "state": "Qinghai", "total_area_ha": 3.15, "total_area_acres": 8.0, "skiable_terrain_ha": 1.1, "skiable_terrain_acres": 3.0, "total_lifts": 1, "longest_lift_mi": 0.13, "downhill_trails": 3, "longest_trail_mi": 0.09, "avg_trail_mi": 0.08, "trails_novice": 0, "trails_easy": 0, "trails_intermediate": 0, "trails_advanced": 0, "trails_expert": 0, "trails_freeride": 0, "trails_extreme": 0, "gladed_terrain": "No", "snow_park": "No", "sledding_tubing": "No", "lift_types": "magic carpet: 1", "resort_type": "downhill ski resort", "region": "asia/china/qinghai" }, "geometry": { "type": "Point", "coordinates": [ 101.023138, 36.872011 ] } },
{ "type": "Feature", "properties": { "winter_sports_id": 1359555023, "winter_sports_type": "way", "name": "蓝雀山滑雪场", "country": "China", "state": "Qinghai", "total_area_ha": 1.93, "total_area_acres": 5.0, "skiable_terrain_ha": 0.82, "skiable_terrain_acres": 2.0, "total_lifts": 0, "longest_lift_mi": 0.0, "downhill_trails": 1, "longest_trail_mi": 0.17, "avg_trail_mi": 0.17, "trails_novice": 0, "trails_easy": 0, "trails_intermediate": 0, "trails_advanced": 0, "trails_expert": 0, "trails_freeride": 0, "trails_extreme": 0, "gladed_terrain": "No", "snow_park": "No", "sledding_tubing": "No", "lift_types": null, "resort_type": "downhill ski resort", "region": "asia/china/qinghai" }, "geometry": { "type": "Point", "coordinates": [ 101.855864, 37.101727 ] } },
{ "type": "Feature", "properties": { "winter_sports_id": 1359555507, "winter_sports_type": "way", "name": "老爷山度假山庄滑雪场", "country": "China", "state": "Qinghai", "total_area_ha": 3.72, "total_area_acres": 9.0, "skiable_terrain_ha": 0.43, "skiable_terrain_acres": 1.0, "total_lifts": 2, "longest_lift_mi": 0.08, "downhill_trails": 3, "longest_trail_mi": 0.01, "avg_trail_mi": 0.01, "trails_novice": 0, "trails_easy": 0, "trails_intermediate": 0, "trails_advanced": 0, "trails_expert": 0, "trails_freeride": 0, "trails_extreme": 0, "gladed_terrain": "No", "snow_park": "No", "sledding_tubing": "No", "lift_types": "magic carpet: 2", "resort_type": "downhill ski resort", "region": "asia/china/qinghai" }, "geometry": { "type": "Point", "coordinates": [ 101.70443, 36.93809 ] } },
{ "type": "Feature", "properties": { "winter_sports_id": 1359556060, "winter_sports_type": "way", "name": "西宁南山滑雪场", "country": "China", "state": "Qinghai", "total_area_ha": 1.51, "total_area_acres": 4.0, "skiable_terrain_ha": 0.6, "skiable_terrain_acres": 1.0, "total_lifts": 1, "longest_lift_mi": 0.1, "downhill_trails": 1, "longest_trail_mi": 0.12, "avg_trail_mi": 0.12, "trails_novice": 0, "trails_easy": 0, "trails_intermediate": 0, "trails_advanced": 0, "trails_expert": 0, "trails_freeride": 0, "trails_extreme": 0, "gladed_terrain": "No", "snow_park": "No", "sledding_tubing": "No", "lift_types": "magic carpet: 1", "resort_type": "downhill ski resort", "region": "asia/china/qinghai" }, "geometry": { "type": "Point", "coordinates": [ 101.771379, 36.604902 ] } },
{ "type": "Feature", "properties": { "winter_sports_id": 1359557303, "winter_sports_type": "way", "name": "奥斯陆滑雪场（鹿塬）", "country": "China", "state": "Qinghai", "total_area_ha": 8.6, "total_area_acres": 21.0, "skiable_terrain_ha": 1.77, "skiable_terrain_acres": 4.0, "total_lifts": 0, "longest_lift_mi": 0.0, "downhill_trails": 2, "longest_trail_mi": 0.2, "avg_trail_mi": 0.18, "trails_novice": 0, "trails_easy": 0, "trails_intermediate": 0, "trails_advanced": 0, "trails_expert": 0, "trails_freeride": 0, "trails_extreme": 0, "gladed_terrain": "No", "snow_park": "No", "sledding_tubing": "No", "lift_types": null, "resort_type": "downhill ski resort", "region": "asia/china/qinghai" }, "geometry": { "type": "Point", "coordinates": [ 101.675144, 36.524487 ] } },
{ "type": "Feature", "properties": { "winter_sports_id": 292818837, "winter_sports_type": "way", "name": "翠华山滑雪场", "country": "China", "state": "Shaanxi", "total_area_ha": 3.14, "total_area_acres": 8.0, "skiable_terrain_ha": 2.15, "skiable_terrain_acres": 5.0, "total_lifts": 0, "longest_lift_mi": 0.0, "downhill_trails": 1, "longest_trail_mi": 0.45, "avg_trail_mi": 0.45, "trails_novice": 0, "trails_easy": 0, "trails_intermediate": 0, "trails_advanced": 0, "trails_expert": 0, "trails_freeride": 0, "trails_extreme": 0, "gladed_terrain": "No", "snow_park": "No", "sledding_tubing": "No", "lift_types": null, "resort_type": "downhill ski resort", "region": "asia/china/shaanxi" }, "geometry": { "type": "Point", "coordinates": [ 109.018081, 33.969866 ] } },
{ "type": "Feature", "properties": { "winter_sports_id": 1037156692, "winter_sports_type": "way", "name": "鳌山滑雪场", "country": "China", "state": "Shaanxi", "total_area_ha": 389.72, "total_area_acres": 963.0, "skiable_terrain_ha": 76.44, "skiable_terrain_acres": 189.0, "total_lifts": 7, "longest_lift_mi": 1.31, "downhill_trails": 20, "longest_trail_mi": 0.1, "avg_trail_mi": 0.07, "trails_novice": 0, "trails_easy": 1, "trails_intermediate": 5, "trails_advanced": 5, "trails_expert": 0, "trails_freeride": 0, "trails_extreme": 0, "gladed_terrain": "No", "snow_park": "No", "sledding_tubing": "No", "lift_types": "chair lift: 3, gondola: 1, magic carpet: 3", "resort_type": "downhill ski resort", "region": "asia/china/shaanxi" }, "geometry": { "type": "Point", "coordinates": [ 107.400165, 34.018275 ] } },
{ "type": "Feature", "properties": { "winter_sports_id": 1122817275, "winter_sports_type": "way", "name": "延安国际滑雪场", "country": "China", "state": "Shaanxi", "total_area_ha": 35.41, "total_area_acres": 87.0, "skiable_terrain_ha": 1.14, "skiable_terrain_acres": 3.0, "total_lifts": 4, "longest_lift_mi": 0.36, "downhill_trails": 3, "longest_trail_mi": 0.22, "avg_trail_mi": 0.12, "trails_novice": 1, "trails_easy": 1, "trails_intermediate": 1, "trails_advanced": 0, "trails_expert": 0, "trails_freeride": 0, "trails_extreme": 0, "gladed_terrain": "No", "snow_park": "No", "sledding_tubing": "Yes", "lift_types": "chair lift: 1, magic carpet: 3", "resort_type": "downhill ski resort", "region": "asia/china/shaanxi" }, "geometry": { "type": "Point", "coordinates": [ 109.477759, 36.622919 ] } },
{ "type": "Feature", "properties": { "winter_sports_id": 1135626375, "winter_sports_type": "way", "name": "太白山滑雪场", "country": "China", "state": "Shaanxi", "total_area_ha": 3.27, "total_area_acres": 8.0, "skiable_terrain_ha": 0.0, "skiable_terrain_acres": 0.0, "total_lifts": 0, "longest_lift_mi": 0.0, "downhill_trails": 0, "longest_trail_mi": 0.0, "avg_trail_mi": 0.0, "trails_novice": 0, "trails_easy": 0, "trails_intermediate": 0, "trails_advanced": 0, "trails_expert": 0, "trails_freeride": 0, "trails_extreme": 0, "gladed_terrain": "No", "snow_park": "No", "sledding_tubing": "No", "lift_types": null, "resort_type": "not a downhill ski resort", "region": "asia/china/shaanxi" }, "geometry": { "type": "Point", "coordinates": [ 107.897546, 34.059997 ] } },
{ "type": "Feature", "properties": { "winter_sports_id": 1286132214, "winter_sports_type": "way", "name": "白鹿原滑雪场", "country": "China", "state": "Shaanxi", "total_area_ha": 4.74, "total_area_acres": 12.0, "skiable_terrain_ha": 1.36, "skiable_terrain_acres": 3.0, "total_lifts": 0, "longest_lift_mi": 0.0, "downhill_trails": 2, "longest_trail_mi": 0.14, "avg_trail_mi": 0.14, "trails_novice": 0, "trails_easy": 0, "trails_intermediate": 0, "trails_advanced": 0, "trails_expert": 0, "trails_freeride": 0, "trails_extreme": 0, "gladed_terrain": "No", "snow_park": "No", "sledding_tubing": "No", "lift_types": null, "resort_type": "downhill ski resort", "region": "asia/china/shaanxi" }, "geometry": { "type": "Point", "coordinates": [ 109.089421, 34.217944 ] } },
{ "type": "Feature", "properties": { "winter_sports_id": 1356118525, "winter_sports_type": "way", "name": "竹林畔滑雪场", "country": "China", "state": "Shaanxi", "total_area_ha": 8.16, "total_area_acres": 20.0, "skiable_terrain_ha": 1.14, "skiable_terrain_acres": 3.0, "total_lifts": 0, "longest_lift_mi": 0.0, "downhill_trails": 2, "longest_trail_mi": 0.0, "avg_trail_mi": 0.0, "trails_novice": 0, "trails_easy": 0, "trails_intermediate": 0, "trails_advanced": 0, "trails_expert": 0, "trails_freeride": 0, "trails_extreme": 0, "gladed_terrain": "No", "snow_park": "No", "sledding_tubing": "No", "lift_types": null, "resort_type": "downhill ski resort", "region": "asia/china/shaanxi" }, "geometry": { "type": "Point", "coordinates": [ 109.253057, 34.009511 ] } },
{ "type": "Feature", "properties": { "winter_sports_id": 1356118528, "winter_sports_type": "way", "name": "必捷滑雪场", "country": "China", "state": "Shaanxi", "total_area_ha": 4.01, "total_area_acres": 10.0, "skiable_terrain_ha": 0.48, "skiable_terrain_acres": 1.0, "total_lifts": 0, "longest_lift_mi": 0.0, "downhill_trails": 1, "longest_trail_mi": 0.0, "avg_trail_mi": 0.0, "trails_novice": 0, "trails_easy": 0, "trails_intermediate": 0, "trails_advanced": 0, "trails_expert": 0, "trails_freeride": 0, "trails_extreme": 0, "gladed_terrain": "No", "snow_park": "No", "sledding_tubing": "No", "lift_types": null, "resort_type": "downhill ski resort", "region": "asia/china/shaanxi" }, "geometry": { "type": "Point", "coordinates": [ 108.52199, 34.608963 ] } },
{ "type": "Feature", "properties": { "winter_sports_id": 1356118530, "winter_sports_type": "way", "name": "玉华宫滑雪场", "country": "China", "state": "Shaanxi", "total_area_ha": 7.43, "total_area_acres": 18.0, "skiable_terrain_ha": 0.9, "skiable_terrain_acres": 2.0, "total_lifts": 0, "longest_lift_mi": 0.0, "downhill_trails": 3, "longest_trail_mi": 0.0, "avg_trail_mi": 0.0, "trails_novice": 0, "trails_easy": 0, "trails_intermediate": 0, "trails_advanced": 0, "trails_expert": 0, "trails_freeride": 0, "trails_extreme": 0, "gladed_terrain": "No", "snow_park": "No", "sledding_tubing": "No", "lift_types": null, "resort_type": "downhill ski resort", "region": "asia/china/shaanxi" }, "geometry": { "type": "Point", "coordinates": [ 108.903359, 35.325556 ] } },
{ "type": "Feature", "properties": { "winter_sports_id": 1356118534, "winter_sports_type": "way", "name": "伏羲岭滑雪场", "country": "China", "state": "Shaanxi", "total_area_ha": 5.94, "total_area_acres": 15.0, "skiable_terrain_ha": 2.05, "skiable_terrain_acres": 5.0, "total_lifts": 0, "longest_lift_mi": 0.0, "downhill_trails": 2, "longest_trail_mi": 0.23, "avg_trail_mi": 0.21, "trails_novice": 0, "trails_easy": 0, "trails_intermediate": 0, "trails_advanced": 0, "trails_expert": 0, "trails_freeride": 0, "trails_extreme": 0, "gladed_terrain": "No", "snow_park": "No", "sledding_tubing": "No", "lift_types": null, "resort_type": "downhill ski resort", "region": "asia/china/shaanxi" }, "geometry": { "type": "Point", "coordinates": [ 109.322123, 34.230881 ] } },
{ "type": "Feature", "properties": { "winter_sports_id": 1356118537, "winter_sports_type": "way", "name": "晋公山滑雪场", "country": "China", "state": "Shaanxi", "total_area_ha": 4.59, "total_area_acres": 11.0, "skiable_terrain_ha": 1.41, "skiable_terrain_acres": 3.0, "total_lifts": 3, "longest_lift_mi": 0.1, "downhill_trails": 2, "longest_trail_mi": 0.22, "avg_trail_mi": 0.15, "trails_novice": 0, "trails_easy": 0, "trails_intermediate": 0, "trails_advanced": 0, "trails_expert": 0, "trails_freeride": 0, "trails_extreme": 0, "gladed_terrain": "No", "snow_park": "No", "sledding_tubing": "No", "lift_types": "magic carpet: 3", "resort_type": "downhill ski resort", "region": "asia/china/shaanxi" }, "geometry": { "type": "Point", "coordinates": [ 110.259009, 35.521523 ] } },
{ "type": "Feature", "properties": { "winter_sports_id": 1356118543, "winter_sports_type": "way", "name": "华山国际滑雪场", "country": "China", "state": "Shaanxi", "total_area_ha": 3.81, "total_area_acres": 9.0, "skiable_terrain_ha": 1.42, "skiable_terrain_acres": 4.0, "total_lifts": 1, "longest_lift_mi": 0.09, "downhill_trails": 2, "longest_trail_mi": 0.15, "avg_trail_mi": 0.15, "trails_novice": 0, "trails_easy": 0, "trails_intermediate": 0, "trails_advanced": 0, "trails_expert": 0, "trails_freeride": 0, "trails_extreme": 0, "gladed_terrain": "No", "snow_park": "No", "sledding_tubing": "No", "lift_types": "magic carpet: 1", "resort_type": "downhill ski resort", "region": "asia/china/shaanxi" }, "geometry": { "type": "Point", "coordinates": [ 110.126099, 34.55802 ] } },
{ "type": "Feature", "properties": { "winter_sports_id": 1360481802, "winter_sports_type": "way", "name": "汉中龙头山滑雪场", "country": "China", "state": "Shaanxi", "total_area_ha": 5.22, "total_area_acres": 13.0, "skiable_terrain_ha": 0.64, "skiable_terrain_acres": 2.0, "total_lifts": 0, "longest_lift_mi": 0.0, "downhill_trails": 1, "longest_trail_mi": 0.0, "avg_trail_mi": 0.0, "trails_novice": 0, "trails_easy": 0, "trails_intermediate": 0, "trails_advanced": 0, "trails_expert": 0, "trails_freeride": 0, "trails_extreme": 0, "gladed_terrain": "No", "snow_park": "No", "sledding_tubing": "No", "lift_types": null, "resort_type": "downhill ski resort", "region": "asia/china/shaanxi" }, "geometry": { "type": "Point", "coordinates": [ 106.994682, 32.752487 ] } },
{ "type": "Feature", "properties": { "winter_sports_id": 1462858872, "winter_sports_type": "way", "name": "1462858872", "country": "China", "state": "Shaanxi", "total_area_ha": 4.34, "total_area_acres": 11.0, "skiable_terrain_ha": 0.43, "skiable_terrain_acres": 1.0, "total_lifts": 1, "longest_lift_mi": 0.09, "downhill_trails": 1, "longest_trail_mi": 0.09, "avg_trail_mi": 0.09, "trails_novice": 0, "trails_easy": 0, "trails_intermediate": 0, "trails_advanced": 0, "trails_expert": 0, "trails_freeride": 0, "trails_extreme": 0, "gladed_terrain": "No", "snow_park": "No", "sledding_tubing": "Yes", "lift_types": "magic carpet: 1", "resort_type": "downhill ski resort", "region": "asia/china/shaanxi" }, "geometry": { "type": "Point", "coordinates": [ 109.443464, 36.655176 ] } },
{ "type": "Feature", "properties": { "winter_sports_id": 529265602, "winter_sports_type": "way", "name": "529265602", "country": "China", "state": "Shandong", "total_area_ha": 4.3, "total_area_acres": 11.0, "skiable_terrain_ha": 1.91, "skiable_terrain_acres": 5.0, "total_lifts": 2, "longest_lift_mi": 0.28, "downhill_trails": 3, "longest_trail_mi": 0.21, "avg_trail_mi": 0.13, "trails_novice": 0, "trails_easy": 0, "trails_intermediate": 0, "trails_advanced": 0, "trails_expert": 0, "trails_freeride": 0, "trails_extreme": 0, "gladed_terrain": "No", "snow_park": "No", "sledding_tubing": "No", "lift_types": "chair lift: 1, magic carpet: 1", "resort_type": "downhill ski resort", "region": "asia/china/shandong" }, "geometry": { "type": "Point", "coordinates": [ 117.215074, 36.073563 ] } },
{ "type": "Feature", "properties": { "winter_sports_id": 535229143, "winter_sports_type": "way", "name": "临沂市茶山滑雪场", "country": "China", "state": "Shandong", "total_area_ha": 6.21, "total_area_acres": 15.0, "skiable_terrain_ha": 0.12, "skiable_terrain_acres": 0.0, "total_lifts": 2, "longest_lift_mi": 0.22, "downhill_trails": 1, "longest_trail_mi": 0.0, "avg_trail_mi": 0.0, "trails_novice": 0, "trails_easy": 0, "trails_intermediate": 0, "trails_advanced": 0, "trails_expert": 0, "trails_freeride": 0, "trails_extreme": 0, "gladed_terrain": "No", "snow_park": "No", "sledding_tubing": "No", "lift_types": "drag lift: 1, gondola: 1", "resort_type": "downhill ski resort", "region": "asia/china/shandong" }, "geometry": { "type": "Point", "coordinates": [ 118.390156, 35.283187 ] } },
{ "type": "Feature", "properties": { "winter_sports_id": 546824548, "winter_sports_type": "way", "name": "金象山滑雪场", "country": "China", "state": "Shandong", "total_area_ha": 3.25, "total_area_acres": 8.0, "skiable_terrain_ha": 0.31, "skiable_terrain_acres": 1.0, "total_lifts": 2, "longest_lift_mi": 0.16, "downhill_trails": 2, "longest_trail_mi": 0.04, "avg_trail_mi": 0.04, "trails_novice": 0, "trails_easy": 1, "trails_intermediate": 0, "trails_advanced": 0, "trails_expert": 0, "trails_freeride": 0, "trails_extreme": 0, "gladed_terrain": "No", "snow_park": "No", "sledding_tubing": "No", "lift_types": "magic carpet: 1, t-bar: 1", "resort_type": "downhill ski resort", "region": "asia/china/shandong" }, "geometry": { "type": "Point", "coordinates": [ 117.109352, 36.473398 ] } },
{ "type": "Feature", "properties": { "winter_sports_id": 693565110, "winter_sports_type": "way", "name": "卧虎山滑雪场", "country": "China", "state": "Shandong", "total_area_ha": 16.49, "total_area_acres": 41.0, "skiable_terrain_ha": 2.51, "skiable_terrain_acres": 6.0, "total_lifts": 0, "longest_lift_mi": 0.0, "downhill_trails": 4, "longest_trail_mi": 0.21, "avg_trail_mi": 0.13, "trails_novice": 0, "trails_easy": 0, "trails_intermediate": 0, "trails_advanced": 0, "trails_expert": 0, "trails_freeride": 0, "trails_extreme": 0, "gladed_terrain": "No", "snow_park": "No", "sledding_tubing": "No", "lift_types": null, "resort_type": "downhill ski resort", "region": "asia/china/shandong" }, "geometry": { "type": "Point", "coordinates": [ 117.012119, 36.447114 ] } },
{ "type": "Feature", "properties": { "winter_sports_id": 805223246, "winter_sports_type": "way", "name": "青州驼山滑雪场", "country": "China", "state": "Shandong", "total_area_ha": 5.01, "total_area_acres": 12.0, "skiable_terrain_ha": 3.13, "skiable_terrain_acres": 8.0, "total_lifts": 0, "longest_lift_mi": 0.0, "downhill_trails": 5, "longest_trail_mi": 0.18, "avg_trail_mi": 0.11, "trails_novice": 0, "trails_easy": 0, "trails_intermediate": 0, "trails_advanced": 0, "trails_expert": 0, "trails_freeride": 0, "trails_extreme": 0, "gladed_terrain": "No", "snow_park": "No", "sledding_tubing": "No", "lift_types": null, "resort_type": "downhill ski resort", "region": "asia/china/shandong" }, "geometry": { "type": "Point", "coordinates": [ 118.440289, 36.667885 ] } },
{ "type": "Feature", "properties": { "winter_sports_id": 924339807, "winter_sports_type": "way", "name": "青州国际滑雪场", "country": "China", "state": "Shandong", "total_area_ha": 27.34, "total_area_acres": 68.0, "skiable_terrain_ha": 0.0, "skiable_terrain_acres": 0.0, "total_lifts": 3, "longest_lift_mi": 0.15, "downhill_trails": 0, "longest_trail_mi": 0.0, "avg_trail_mi": 0.0, "trails_novice": 0, "trails_easy": 0, "trails_intermediate": 0, "trails_advanced": 0, "trails_expert": 0, "trails_freeride": 0, "trails_extreme": 0, "gladed_terrain": "No", "snow_park": "No", "sledding_tubing": "Yes", "lift_types": "magic carpet: 3", "resort_type": "downhill ski resort", "region": "asia/china/shandong" }, "geometry": { "type": "Point", "coordinates": [ 118.51271, 36.588942 ] } },
{ "type": "Feature", "properties": { "winter_sports_id": 1116025091, "winter_sports_type": "way", "name": "塔山滑雪场", "country": "China", "state": "Shandong", "total_area_ha": 1.58, "total_area_acres": 4.0, "skiable_terrain_ha": 0.8, "skiable_terrain_acres": 2.0, "total_lifts": 1, "longest_lift_mi": 0.42, "downhill_trails": 1, "longest_trail_mi": 0.16, "avg_trail_mi": 0.16, "trails_novice": 0, "trails_easy": 0, "trails_intermediate": 0, "trails_advanced": 0, "trails_expert": 0, "trails_freeride": 0, "trails_extreme": 0, "gladed_terrain": "No", "snow_park": "No", "sledding_tubing": "No", "lift_types": "cable car: 1", "resort_type": "downhill ski resort", "region": "asia/china/shandong" }, "geometry": { "type": "Point", "coordinates": [ 121.395632, 37.510622 ] } },
{ "type": "Feature", "properties": { "winter_sports_id": 1355950600, "winter_sports_type": "way", "name": "林山滑雪场", "country": "China", "state": "Shandong", "total_area_ha": 21.72, "total_area_acres": 54.0, "skiable_terrain_ha": 9.62, "skiable_terrain_acres": 24.0, "total_lifts": 4, "longest_lift_mi": 0.2, "downhill_trails": 5, "longest_trail_mi": 0.05, "avg_trail_mi": 0.05, "trails_novice": 0, "trails_easy": 0, "trails_intermediate": 0, "trails_advanced": 0, "trails_expert": 0, "trails_freeride": 0, "trails_extreme": 0, "gladed_terrain": "No", "snow_park": "No", "sledding_tubing": "No", "lift_types": "magic carpet: 4", "resort_type": "downhill ski resort", "region": "asia/china/shandong" }, "geometry": { "type": "Point", "coordinates": [ 121.120023, 37.028825 ] } },
{ "type": "Feature", "properties": { "winter_sports_id": 1355956646, "winter_sports_type": "way", "name": "藏马山滑雪场", "country": "China", "state": "Shandong", "total_area_ha": 5.47, "total_area_acres": 14.0, "skiable_terrain_ha": 1.21, "skiable_terrain_acres": 3.0, "total_lifts": 2, "longest_lift_mi": 0.1, "downhill_trails": 3, "longest_trail_mi": 0.11, "avg_trail_mi": 0.08, "trails_novice": 0, "trails_easy": 0, "trails_intermediate": 0, "trails_advanced": 0, "trails_expert": 0, "trails_freeride": 0, "trails_extreme": 0, "gladed_terrain": "No", "snow_park": "No", "sledding_tubing": "No", "lift_types": "magic carpet: 2", "resort_type": "downhill ski resort", "region": "asia/china/shandong" }, "geometry": { "type": "Point", "coordinates": [ 119.780688, 35.799295 ] } },
{ "type": "Feature", "properties": { "winter_sports_id": 1358334968, "winter_sports_type": "way", "name": "济南九顶塔滑雪场", "country": "China", "state": "Shandong", "total_area_ha": 2.65, "total_area_acres": 7.0, "skiable_terrain_ha": 1.33, "skiable_terrain_acres": 3.0, "total_lifts": 2, "longest_lift_mi": 0.13, "downhill_trails": 3, "longest_trail_mi": 0.17, "avg_trail_mi": 0.11, "trails_novice": 0, "trails_easy": 0, "trails_intermediate": 0, "trails_advanced": 0, "trails_expert": 0, "trails_freeride": 0, "trails_extreme": 0, "gladed_terrain": "No", "snow_park": "No", "sledding_tubing": "No", "lift_types": "magic carpet: 2", "resort_type": "downhill ski resort", "region": "asia/china/shandong" }, "geometry": { "type": "Point", "coordinates": [ 117.133595, 36.416965 ] } },
{ "type": "Feature", "properties": { "winter_sports_id": 1358335738, "winter_sports_type": "way", "name": "烟台勃朗鲁东滑雪场", "country": "China", "state": "Shandong", "total_area_ha": 2.06, "total_area_acres": 5.0, "skiable_terrain_ha": 0.56, "skiable_terrain_acres": 1.0, "total_lifts": 0, "longest_lift_mi": 0.0, "downhill_trails": 1, "longest_trail_mi": 0.12, "avg_trail_mi": 0.12, "trails_novice": 0, "trails_easy": 0, "trails_intermediate": 0, "trails_advanced": 0, "trails_expert": 0, "trails_freeride": 0, "trails_extreme": 0, "gladed_terrain": "No", "snow_park": "No", "sledding_tubing": "No", "lift_types": null, "resort_type": "downhill ski resort", "region": "asia/china/shandong" }, "geometry": { "type": "Point", "coordinates": [ 121.344232, 37.513079 ] } },
{ "type": "Feature", "properties": { "winter_sports_id": 1358336016, "winter_sports_type": "way", "name": "青岛金山滑雪场", "country": "China", "state": "Shandong", "total_area_ha": 12.45, "total_area_acres": 31.0, "skiable_terrain_ha": 2.28, "skiable_terrain_acres": 6.0, "total_lifts": 1, "longest_lift_mi": 0.44, "downhill_trails": 4, "longest_trail_mi": 0.12, "avg_trail_mi": 0.11, "trails_novice": 0, "trails_easy": 0, "trails_intermediate": 0, "trails_advanced": 0, "trails_expert": 0, "trails_freeride": 0, "trails_extreme": 0, "gladed_terrain": "No", "snow_park": "No", "sledding_tubing": "No", "lift_types": "gondola: 1", "resort_type": "downhill ski resort", "region": "asia/china/shandong" }, "geometry": { "type": "Point", "coordinates": [ 120.72775, 36.616279 ] } },
{ "type": "Feature", "properties": { "winter_sports_id": 1358336455, "winter_sports_type": "way", "name": "青岛北宅滑雪场", "country": "China", "state": "Shandong", "total_area_ha": 4.51, "total_area_acres": 11.0, "skiable_terrain_ha": 1.78, "skiable_terrain_acres": 4.0, "total_lifts": 0, "longest_lift_mi": 0.0, "downhill_trails": 3, "longest_trail_mi": 0.17, "avg_trail_mi": 0.12, "trails_novice": 0, "trails_easy": 0, "trails_intermediate": 0, "trails_advanced": 0, "trails_expert": 0, "trails_freeride": 0, "trails_extreme": 0, "gladed_terrain": "No", "snow_park": "No", "sledding_tubing": "No", "lift_types": null, "resort_type": "downhill ski resort", "region": "asia/china/shandong" }, "geometry": { "type": "Point", "coordinates": [ 120.505533, 36.212707 ] } },
{ "type": "Feature", "properties": { "winter_sports_id": 1358344199, "winter_sports_type": "way", "name": "日照沁园春滑雪场", "country": "China", "state": "Shandong", "total_area_ha": 2.53, "total_area_acres": 6.0, "skiable_terrain_ha": 1.29, "skiable_terrain_acres": 3.0, "total_lifts": 1, "longest_lift_mi": 0.12, "downhill_trails": 2, "longest_trail_mi": 0.14, "avg_trail_mi": 0.13, "trails_novice": 0, "trails_easy": 0, "trails_intermediate": 0, "trails_advanced": 0, "trails_expert": 0, "trails_freeride": 0, "trails_extreme": 0, "gladed_terrain": "No", "snow_park": "No", "sledding_tubing": "No", "lift_types": "magic carpet: 1", "resort_type": "downhill ski resort", "region": "asia/china/shandong" }, "geometry": { "type": "Point", "coordinates": [ 119.479178, 35.51172 ] } },
{ "type": "Feature", "properties": { "winter_sports_id": 1358344696, "winter_sports_type": "way", "name": "潍坊青云山滑雪场", "country": "China", "state": "Shandong", "total_area_ha": 2.48, "total_area_acres": 6.0, "skiable_terrain_ha": 1.41, "skiable_terrain_acres": 3.0, "total_lifts": 0, "longest_lift_mi": 0.0, "downhill_trails": 2, "longest_trail_mi": 0.15, "avg_trail_mi": 0.15, "trails_novice": 0, "trails_easy": 0, "trails_intermediate": 0, "trails_advanced": 0, "trails_expert": 0, "trails_freeride": 0, "trails_extreme": 0, "gladed_terrain": "No", "snow_park": "No", "sledding_tubing": "No", "lift_types": null, "resort_type": "downhill ski resort", "region": "asia/china/shandong" }, "geometry": { "type": "Point", "coordinates": [ 119.243199, 36.440963 ] } },
{ "type": "Feature", "properties": { "winter_sports_id": 1358345470, "winter_sports_type": "way", "name": "淄博玉黛湖滑雪场", "country": "China", "state": "Shandong", "total_area_ha": 2.01, "total_area_acres": 5.0, "skiable_terrain_ha": 0.63, "skiable_terrain_acres": 2.0, "total_lifts": 0, "longest_lift_mi": 0.0, "downhill_trails": 1, "longest_trail_mi": 0.13, "avg_trail_mi": 0.13, "trails_novice": 0, "trails_easy": 0, "trails_intermediate": 0, "trails_advanced": 0, "trails_expert": 0, "trails_freeride": 0, "trails_extreme": 0, "gladed_terrain": "No", "snow_park": "No", "sledding_tubing": "No", "lift_types": null, "resort_type": "downhill ski resort", "region": "asia/china/shandong" }, "geometry": { "type": "Point", "coordinates": [ 118.136442, 36.805734 ] } },
{ "type": "Feature", "properties": { "winter_sports_id": 1358347537, "winter_sports_type": "way", "name": "日照五莲山滑雪场", "country": "China", "state": "Shandong", "total_area_ha": 2.59, "total_area_acres": 6.0, "skiable_terrain_ha": 1.08, "skiable_terrain_acres": 3.0, "total_lifts": 1, "longest_lift_mi": 0.63, "downhill_trails": 2, "longest_trail_mi": 0.11, "avg_trail_mi": 0.11, "trails_novice": 0, "trails_easy": 0, "trails_intermediate": 0, "trails_advanced": 0, "trails_expert": 0, "trails_freeride": 0, "trails_extreme": 0, "gladed_terrain": "No", "snow_park": "No", "sledding_tubing": "No", "lift_types": "gondola: 1", "resort_type": "downhill ski resort", "region": "asia/china/shandong" }, "geometry": { "type": "Point", "coordinates": [ 119.393628, 35.705267 ] } },
{ "type": "Feature", "properties": { "winter_sports_id": 1358555616, "winter_sports_type": "way", "name": "徐州督工山滑雪场", "country": "China", "state": "Shandong", "total_area_ha": 2.3, "total_area_acres": 6.0, "skiable_terrain_ha": 1.23, "skiable_terrain_acres": 3.0, "total_lifts": 2, "longest_lift_mi": 0.07, "downhill_trails": 3, "longest_trail_mi": 0.1, "avg_trail_mi": 0.09, "trails_novice": 0, "trails_easy": 0, "trails_intermediate": 0, "trails_advanced": 0, "trails_expert": 0, "trails_freeride": 0, "trails_extreme": 0, "gladed_terrain": "No", "snow_park": "No", "sledding_tubing": "No", "lift_types": "magic carpet: 2", "resort_type": "downhill ski resort", "region": "asia/china/shandong" }, "geometry": { "type": "Point", "coordinates": [ 117.557532, 34.46474 ] } },
{ "type": "Feature", "properties": { "winter_sports_id": 1359435353, "winter_sports_type": "way", "name": "威海恒山滑雪场", "country": "China", "state": "Shandong", "total_area_ha": 2.32, "total_area_acres": 6.0, "skiable_terrain_ha": 0.0, "skiable_terrain_acres": 0.0, "total_lifts": 0, "longest_lift_mi": 0.0, "downhill_trails": 0, "longest_trail_mi": 0.0, "avg_trail_mi": 0.0, "trails_novice": 0, "trails_easy": 0, "trails_intermediate": 0, "trails_advanced": 0, "trails_expert": 0, "trails_freeride": 0, "trails_extreme": 0, "gladed_terrain": "No", "snow_park": "No", "sledding_tubing": "No", "lift_types": null, "resort_type": "not a downhill ski resort", "region": "asia/china/shandong" }, "geometry": { "type": "Point", "coordinates": [ 121.924835, 37.400011 ] } },
{ "type": "Feature", "properties": { "winter_sports_id": 1359435354, "winter_sports_type": "way", "name": "威海威虎山滑雪场", "country": "China", "state": "Shandong", "total_area_ha": 1.96, "total_area_acres": 5.0, "skiable_terrain_ha": 1.92, "skiable_terrain_acres": 5.0, "total_lifts": 1, "longest_lift_mi": 0.16, "downhill_trails": 2, "longest_trail_mi": 0.2, "avg_trail_mi": 0.2, "trails_novice": 0, "trails_easy": 0, "trails_intermediate": 0, "trails_advanced": 0, "trails_expert": 0, "trails_freeride": 0, "trails_extreme": 0, "gladed_terrain": "No", "snow_park": "No", "sledding_tubing": "No", "lift_types": "magic carpet: 1", "resort_type": "downhill ski resort", "region": "asia/china/shandong" }, "geometry": { "type": "Point", "coordinates": [ 122.110191, 37.383665 ] } },
{ "type": "Feature", "properties": { "winter_sports_id": 1359435673, "winter_sports_type": "way", "name": "威海地中海滑雪场", "country": "China", "state": "Shandong", "total_area_ha": 7.17, "total_area_acres": 18.0, "skiable_terrain_ha": 3.09, "skiable_terrain_acres": 8.0, "total_lifts": 0, "longest_lift_mi": 0.0, "downhill_trails": 4, "longest_trail_mi": 0.27, "avg_trail_mi": 0.16, "trails_novice": 0, "trails_easy": 0, "trails_intermediate": 0, "trails_advanced": 0, "trails_expert": 0, "trails_freeride": 0, "trails_extreme": 0, "gladed_terrain": "No", "snow_park": "No", "sledding_tubing": "No", "lift_types": null, "resort_type": "downhill ski resort", "region": "asia/china/shandong" }, "geometry": { "type": "Point", "coordinates": [ 122.143828, 37.357459 ] } },
{ "type": "Feature", "properties": { "winter_sports_id": 1359436361, "winter_sports_type": "way", "name": "山泰生态园滑雪场", "country": "China", "state": "Shandong", "total_area_ha": 5.28, "total_area_acres": 13.0, "skiable_terrain_ha": 2.22, "skiable_terrain_acres": 5.0, "total_lifts": 0, "longest_lift_mi": 0.0, "downhill_trails": 3, "longest_trail_mi": 0.2, "avg_trail_mi": 0.14, "trails_novice": 0, "trails_easy": 0, "trails_intermediate": 0, "trails_advanced": 0, "trails_expert": 0, "trails_freeride": 0, "trails_extreme": 0, "gladed_terrain": "No", "snow_park": "No", "sledding_tubing": "No", "lift_types": null, "resort_type": "downhill ski resort", "region": "asia/china/shandong" }, "geometry": { "type": "Point", "coordinates": [ 122.04173, 37.104332 ] } },
{ "type": "Feature", "properties": { "winter_sports_id": 1359436479, "winter_sports_type": "way", "name": "蓝溪国际滑雪场", "country": "China", "state": "Shandong", "total_area_ha": 4.91, "total_area_acres": 12.0, "skiable_terrain_ha": 2.92, "skiable_terrain_acres": 7.0, "total_lifts": 2, "longest_lift_mi": 0.19, "downhill_trails": 3, "longest_trail_mi": 0.24, "avg_trail_mi": 0.2, "trails_novice": 0, "trails_easy": 0, "trails_intermediate": 0, "trails_advanced": 0, "trails_expert": 0, "trails_freeride": 0, "trails_extreme": 0, "gladed_terrain": "No", "snow_park": "No", "sledding_tubing": "No", "lift_types": "magic carpet: 2", "resort_type": "downhill ski resort", "region": "asia/china/shandong" }, "geometry": { "type": "Point", "coordinates": [ 118.349538, 36.7778 ] } },
{ "type": "Feature", "properties": { "winter_sports_id": 1475198222, "winter_sports_type": "way", "name": "1475198222", "country": "China", "state": "Shandong", "total_area_ha": 0.37, "total_area_acres": 1.0, "skiable_terrain_ha": 0.0, "skiable_terrain_acres": 0.0, "total_lifts": 0, "longest_lift_mi": 0.0, "downhill_trails": 0, "longest_trail_mi": 0.0, "avg_trail_mi": 0.0, "trails_novice": 0, "trails_easy": 0, "trails_intermediate": 0, "trails_advanced": 0, "trails_expert": 0, "trails_freeride": 0, "trails_extreme": 0, "gladed_terrain": "No", "snow_park": "No", "sledding_tubing": "No", "lift_types": null, "resort_type": "not a downhill ski resort", "region": "asia/china/shandong" }, "geometry": { "type": "Point", "coordinates": [ 121.455356, 37.472265 ] } },
{ "type": "Feature", "properties": { "winter_sports_id": 1033576624, "winter_sports_type": "way", "name": "大同万龙白登山国际滑雪场", "country": "China", "state": "Shanxi", "total_area_ha": 78.37, "total_area_acres": 194.0, "skiable_terrain_ha": 51.1, "skiable_terrain_acres": 126.0, "total_lifts": 3, "longest_lift_mi": 0.51, "downhill_trails": 15, "longest_trail_mi": 0.18, "avg_trail_mi": 0.12, "trails_novice": 0, "trails_easy": 2, "trails_intermediate": 7, "trails_advanced": 5, "trails_expert": 0, "trails_freeride": 0, "trails_extreme": 0, "gladed_terrain": "No", "snow_park": "No", "sledding_tubing": "No", "lift_types": "chair lift: 3", "resort_type": "downhill ski resort", "region": "asia/china/shanxi" }, "geometry": { "type": "Point", "coordinates": [ 113.37905, 40.129201 ] } },
{ "type": "Feature", "properties": { "winter_sports_id": 1167705050, "winter_sports_type": "way", "name": "神农滑雪场", "country": "China", "state": "Shanxi", "total_area_ha": 1.81, "total_area_acres": 4.0, "skiable_terrain_ha": 0.0, "skiable_terrain_acres": 0.0, "total_lifts": 0, "longest_lift_mi": 0.0, "downhill_trails": 0, "longest_trail_mi": 0.0, "avg_trail_mi": 0.0, "trails_novice": 0, "trails_easy": 0, "trails_intermediate": 0, "trails_advanced": 0, "trails_expert": 0, "trails_freeride": 0, "trails_extreme": 0, "gladed_terrain": "No", "snow_park": "No", "sledding_tubing": "No", "lift_types": null, "resort_type": "not a downhill ski resort", "region": "asia/china/shanxi" }, "geometry": { "type": "Point", "coordinates": [ 113.157085, 36.189811 ] } },
{ "type": "Feature", "properties": { "winter_sports_id": 1415898504, "winter_sports_type": "way", "name": "山西崇家岭牧云滑雪场", "country": "China", "state": "Shanxi", "total_area_ha": 20.64, "total_area_acres": 51.0, "skiable_terrain_ha": 0.0, "skiable_terrain_acres": 0.0, "total_lifts": 0, "longest_lift_mi": 0.0, "downhill_trails": 0, "longest_trail_mi": 0.0, "avg_trail_mi": 0.0, "trails_novice": 0, "trails_easy": 0, "trails_intermediate": 0, "trails_advanced": 0, "trails_expert": 0, "trails_freeride": 0, "trails_extreme": 0, "gladed_terrain": "No", "snow_park": "No", "sledding_tubing": "No", "lift_types": null, "resort_type": "not a downhill ski resort", "region": "asia/china/shanxi" }, "geometry": { "type": "Point", "coordinates": [ 113.554521, 37.641592 ] } },
{ "type": "Feature", "properties": { "winter_sports_id": 1479083550, "winter_sports_type": "way", "name": "七里峪滑雪场", "country": "China", "state": "Shanxi", "total_area_ha": 2.79, "total_area_acres": 7.0, "skiable_terrain_ha": 0.0, "skiable_terrain_acres": 0.0, "total_lifts": 0, "longest_lift_mi": 0.0, "downhill_trails": 0, "longest_trail_mi": 0.0, "avg_trail_mi": 0.0, "trails_novice": 0, "trails_easy": 0, "trails_intermediate": 0, "trails_advanced": 0, "trails_expert": 0, "trails_freeride": 0, "trails_extreme": 0, "gladed_terrain": "No", "snow_park": "No", "sledding_tubing": "No", "lift_types": null, "resort_type": "not a downhill ski resort", "region": "asia/china/shanxi" }, "geometry": { "type": "Point", "coordinates": [ 111.89895, 36.608481 ] } },
{ "type": "Feature", "properties": { "winter_sports_id": 526595463, "winter_sports_type": "way", "name": "九皇山滑雪场", "country": "China", "state": "Sichuan", "total_area_ha": 0.72, "total_area_acres": 2.0, "skiable_terrain_ha": 0.43, "skiable_terrain_acres": 1.0, "total_lifts": 2, "longest_lift_mi": 0.79, "downhill_trails": 1, "longest_trail_mi": 0.09, "avg_trail_mi": 0.09, "trails_novice": 1, "trails_easy": 0, "trails_intermediate": 0, "trails_advanced": 0, "trails_expert": 0, "trails_freeride": 0, "trails_extreme": 0, "gladed_terrain": "No", "snow_park": "No", "sledding_tubing": "No", "lift_types": "gondola: 1, magic carpet: 1", "resort_type": "downhill ski resort", "region": "asia/china/sichuan" }, "geometry": { "type": "Point", "coordinates": [ 104.693966, 31.948451 ] } },
{ "type": "Feature", "properties": { "winter_sports_id": 1312749200, "winter_sports_type": "way", "name": "九鼎山·太子岭滑雪场", "country": "China", "state": "Sichuan", "total_area_ha": 102.26, "total_area_acres": 253.0, "skiable_terrain_ha": 21.19, "skiable_terrain_acres": 52.0, "total_lifts": 10, "longest_lift_mi": 0.57, "downhill_trails": 10, "longest_trail_mi": 0.1, "avg_trail_mi": 0.08, "trails_novice": 4, "trails_easy": 0, "trails_intermediate": 4, "trails_advanced": 2, "trails_expert": 0, "trails_freeride": 0, "trails_extreme": 0, "gladed_terrain": "No", "snow_park": "No", "sledding_tubing": "No", "lift_types": "chair lift: 1, magic carpet: 9", "resort_type": "downhill ski resort", "region": "asia/china/sichuan" }, "geometry": { "type": "Point", "coordinates": [ 103.737506, 31.520887 ] } },
{ "type": "Feature", "properties": { "winter_sports_id": 1339439650, "winter_sports_type": "way", "name": "1339439650", "country": "China", "state": "Sichuan", "total_area_ha": 14.94, "total_area_acres": 37.0, "skiable_terrain_ha": 4.83, "skiable_terrain_acres": 12.0, "total_lifts": 5, "longest_lift_mi": 0.59, "downhill_trails": 5, "longest_trail_mi": 0.14, "avg_trail_mi": 0.14, "trails_novice": 4, "trails_easy": 0, "trails_intermediate": 0, "trails_advanced": 0, "trails_expert": 0, "trails_freeride": 0, "trails_extreme": 0, "gladed_terrain": "No", "snow_park": "No", "sledding_tubing": "No", "lift_types": "chair lift: 1, magic carpet: 4", "resort_type": "downhill ski resort", "region": "asia/china/sichuan" }, "geometry": { "type": "Point", "coordinates": [ 102.744875, 31.876697 ] } },
{ "type": "Feature", "properties": { "winter_sports_id": 1354178778, "winter_sports_type": "way", "name": "西岭雪山滑雪场", "country": "China", "state": "Sichuan", "total_area_ha": 74.17, "total_area_acres": 183.0, "skiable_terrain_ha": 41.11, "skiable_terrain_acres": 102.0, "total_lifts": 4, "longest_lift_mi": 1.4, "downhill_trails": 11, "longest_trail_mi": 0.0, "avg_trail_mi": 0.0, "trails_novice": 0, "trails_easy": 5, "trails_intermediate": 3, "trails_advanced": 0, "trails_expert": 0, "trails_freeride": 3, "trails_extreme": 0, "gladed_terrain": "No", "snow_park": "No", "sledding_tubing": "No", "lift_types": "chair lift: 2, gondola: 2", "resort_type": "downhill ski resort", "region": "asia/china/sichuan" }, "geometry": { "type": "Point", "coordinates": [ 103.18675, 30.700333 ] } },
{ "type": "Feature", "properties": { "winter_sports_id": 1359306581, "winter_sports_type": "way", "name": "毕棚沟滑雪场", "country": "China", "state": "Sichuan", "total_area_ha": 1.6, "total_area_acres": 4.0, "skiable_terrain_ha": 1.0, "skiable_terrain_acres": 2.0, "total_lifts": 2, "longest_lift_mi": 0.08, "downhill_trails": 2, "longest_trail_mi": 0.14, "avg_trail_mi": 0.1, "trails_novice": 1, "trails_easy": 1, "trails_intermediate": 0, "trails_advanced": 0, "trails_expert": 0, "trails_freeride": 0, "trails_extreme": 0, "gladed_terrain": "No", "snow_park": "No", "sledding_tubing": "No", "lift_types": "magic carpet: 2", "resort_type": "downhill ski resort", "region": "asia/china/sichuan" }, "geometry": { "type": "Point", "coordinates": [ 102.954043, 31.32326 ] } },
{ "type": "Feature", "properties": { "winter_sports_id": 1359329107, "winter_sports_type": "way", "name": "曾家山滑雪场", "country": "China", "state": "Sichuan", "total_area_ha": 3.01, "total_area_acres": 7.0, "skiable_terrain_ha": 1.5, "skiable_terrain_acres": 4.0, "total_lifts": 2, "longest_lift_mi": 0.11, "downhill_trails": 2, "longest_trail_mi": 0.2, "avg_trail_mi": 0.16, "trails_novice": 2, "trails_easy": 0, "trails_intermediate": 0, "trails_advanced": 0, "trails_expert": 0, "trails_freeride": 0, "trails_extreme": 0, "gladed_terrain": "No", "snow_park": "No", "sledding_tubing": "No", "lift_types": "magic carpet: 2", "resort_type": "downhill ski resort", "region": "asia/china/sichuan" }, "geometry": { "type": "Point", "coordinates": [ 106.109193, 32.635509 ] } },
{ "type": "Feature", "properties": { "winter_sports_id": 1359331913, "winter_sports_type": "way", "name": "奇峡沟滑雪场", "country": "China", "state": "Sichuan", "total_area_ha": 5.39, "total_area_acres": 13.0, "skiable_terrain_ha": 1.85, "skiable_terrain_acres": 5.0, "total_lifts": 0, "longest_lift_mi": 0.0, "downhill_trails": 3, "longest_trail_mi": 0.19, "avg_trail_mi": 0.13, "trails_novice": 0, "trails_easy": 0, "trails_intermediate": 0, "trails_advanced": 0, "trails_expert": 0, "trails_freeride": 0, "trails_extreme": 0, "gladed_terrain": "No", "snow_park": "No", "sledding_tubing": "No", "lift_types": null, "resort_type": "downhill ski resort", "region": "asia/china/sichuan" }, "geometry": { "type": "Point", "coordinates": [ 103.537545, 32.944145 ] } },
{ "type": "Feature", "properties": { "winter_sports_id": 1359332323, "winter_sports_type": "way", "name": "谷克德滑雪场", "country": "China", "state": "Sichuan", "total_area_ha": 1.69, "total_area_acres": 4.0, "skiable_terrain_ha": 0.77, "skiable_terrain_acres": 2.0, "total_lifts": 2, "longest_lift_mi": 0.06, "downhill_trails": 2, "longest_trail_mi": 0.08, "avg_trail_mi": 0.08, "trails_novice": 0, "trails_easy": 0, "trails_intermediate": 0, "trails_advanced": 0, "trails_expert": 0, "trails_freeride": 0, "trails_extreme": 0, "gladed_terrain": "No", "snow_park": "No", "sledding_tubing": "No", "lift_types": "magic carpet: 2", "resort_type": "downhill ski resort", "region": "asia/china/sichuan" }, "geometry": { "type": "Point", "coordinates": [ 102.542056, 27.925535 ] } },
{ "type": "Feature", "properties": { "winter_sports_id": 1359335215, "winter_sports_type": "way", "name": "巴山罗盘顶滑雪场", "country": "China", "state": "Sichuan", "total_area_ha": 15.58, "total_area_acres": 38.0, "skiable_terrain_ha": 1.26, "skiable_terrain_acres": 3.0, "total_lifts": 2, "longest_lift_mi": 0.11, "downhill_trails": 2, "longest_trail_mi": 0.13, "avg_trail_mi": 0.13, "trails_novice": 0, "trails_easy": 0, "trails_intermediate": 0, "trails_advanced": 0, "trails_expert": 0, "trails_freeride": 0, "trails_extreme": 0, "gladed_terrain": "No", "snow_park": "No", "sledding_tubing": "No", "lift_types": "magic carpet: 2", "resort_type": "downhill ski resort", "region": "asia/china/sichuan" }, "geometry": { "type": "Point", "coordinates": [ 108.433605, 31.645068 ] } },
{ "type": "Feature", "properties": { "winter_sports_id": 1359434334, "winter_sports_type": "way", "name": "王岗坪滑雪场", "country": "China", "state": "Sichuan", "total_area_ha": 6.57, "total_area_acres": 16.0, "skiable_terrain_ha": 1.65, "skiable_terrain_acres": 4.0, "total_lifts": 2, "longest_lift_mi": 0.16, "downhill_trails": 4, "longest_trail_mi": 0.02, "avg_trail_mi": 0.02, "trails_novice": 0, "trails_easy": 0, "trails_intermediate": 0, "trails_advanced": 0, "trails_expert": 0, "trails_freeride": 0, "trails_extreme": 0, "gladed_terrain": "No", "snow_park": "No", "sledding_tubing": "No", "lift_types": "magic carpet: 2", "resort_type": "downhill ski resort", "region": "asia/china/sichuan" }, "geometry": { "type": "Point", "coordinates": [ 102.297318, 29.474125 ] } },
{ "type": "Feature", "properties": { "winter_sports_id": 583243276, "winter_sports_type": "way", "name": "南翠屏滑雪场", "country": "China", "state": "Tianjin", "total_area_ha": 1.24, "total_area_acres": 3.0, "skiable_terrain_ha": 0.62, "skiable_terrain_acres": 2.0, "total_lifts": 0, "longest_lift_mi": 0.0, "downhill_trails": 1, "longest_trail_mi": 0.13, "avg_trail_mi": 0.13, "trails_novice": 0, "trails_easy": 0, "trails_intermediate": 0, "trails_advanced": 0, "trails_expert": 0, "trails_freeride": 0, "trails_extreme": 0, "gladed_terrain": "No", "snow_park": "No", "sledding_tubing": "No", "lift_types": null, "resort_type": "downhill ski resort", "region": "asia/china/tianjin" }, "geometry": { "type": "Point", "coordinates": [ 117.149684, 39.075977 ] } },
{ "type": "Feature", "properties": { "winter_sports_id": 887434326, "winter_sports_type": "way", "name": "玉龙滑雪场", "country": "China", "state": "Tianjin", "total_area_ha": 6.56, "total_area_acres": 16.0, "skiable_terrain_ha": 1.54, "skiable_terrain_acres": 4.0, "total_lifts": 4, "longest_lift_mi": 0.1, "downhill_trails": 4, "longest_trail_mi": 0.12, "avg_trail_mi": 0.1, "trails_novice": 0, "trails_easy": 2, "trails_intermediate": 1, "trails_advanced": 0, "trails_expert": 0, "trails_freeride": 0, "trails_extreme": 0, "gladed_terrain": "No", "snow_park": "No", "sledding_tubing": "Yes", "lift_types": "chair lift: 1, magic carpet: 3", "resort_type": "downhill ski resort", "region": "asia/china/tianjin" }, "geometry": { "type": "Point", "coordinates": [ 117.384597, 40.108754 ] } },
{ "type": "Feature", "properties": { "winter_sports_id": 1358305206, "winter_sports_type": "way", "name": "天津盘山滑雪场", "country": "China", "state": "Tianjin", "total_area_ha": 13.49, "total_area_acres": 33.0, "skiable_terrain_ha": 4.2, "skiable_terrain_acres": 10.0, "total_lifts": 0, "longest_lift_mi": 0.0, "downhill_trails": 6, "longest_trail_mi": 0.26, "avg_trail_mi": 0.18, "trails_novice": 0, "trails_easy": 0, "trails_intermediate": 0, "trails_advanced": 0, "trails_expert": 0, "trails_freeride": 0, "trails_extreme": 0, "gladed_terrain": "No", "snow_park": "No", "sledding_tubing": "No", "lift_types": null, "resort_type": "downhill ski resort", "region": "asia/china/tianjin" }, "geometry": { "type": "Point", "coordinates": [ 117.284991, 40.062745 ] } },
{ "type": "Feature", "properties": { "winter_sports_id": 1446941776, "winter_sports_type": "way", "name": "郊野公园津辰国际滑雪场", "country": "China", "state": "Tianjin", "total_area_ha": 8.66, "total_area_acres": 21.0, "skiable_terrain_ha": 0.0, "skiable_terrain_acres": 0.0, "total_lifts": 0, "longest_lift_mi": 0.0, "downhill_trails": 0, "longest_trail_mi": 0.0, "avg_trail_mi": 0.0, "trails_novice": 0, "trails_easy": 0, "trails_intermediate": 0, "trails_advanced": 0, "trails_expert": 0, "trails_freeride": 0, "trails_extreme": 0, "gladed_terrain": "No", "snow_park": "No", "sledding_tubing": "No", "lift_types": null, "resort_type": "not a downhill ski resort", "region": "asia/china/tianjin" }, "geometry": { "type": "Point", "coordinates": [ 117.15617, 39.274317 ] } },
{ "type": "Feature", "properties": { "winter_sports_id": 913214961, "winter_sports_type": "way", "name": "将军山滑雪场", "country": "China", "state": "Xinjiang", "total_area_ha": 618.24, "total_area_acres": 1528.0, "skiable_terrain_ha": 154.28, "skiable_terrain_acres": 381.0, "total_lifts": 13, "longest_lift_mi": 1.72, "downhill_trails": 25, "longest_trail_mi": 0.09, "avg_trail_mi": 0.09, "trails_novice": 1, "trails_easy": 2, "trails_intermediate": 3, "trails_advanced": 8, "trails_expert": 1, "trails_freeride": 0, "trails_extreme": 0, "gladed_terrain": "No", "snow_park": "No", "sledding_tubing": "No", "lift_types": "chair lift: 2, gondola: 4, magic carpet: 5, mixed lift: 2", "resort_type": "downhill ski resort", "region": "asia/china/xinjiang" }, "geometry": { "type": "Point", "coordinates": [ 88.155278, 47.824197 ] } },
{ "type": "Feature", "properties": { "winter_sports_id": 1095470835, "winter_sports_type": "way", "name": "地形公园", "country": "China", "state": "Xinjiang", "total_area_ha": 2.25, "total_area_acres": 6.0, "skiable_terrain_ha": 135.97, "skiable_terrain_acres": 336.0, "total_lifts": 15, "longest_lift_mi": 1.72, "downhill_trails": 23, "longest_trail_mi": 0.09, "avg_trail_mi": 0.09, "trails_novice": 3, "trails_easy": 1, "trails_intermediate": 2, "trails_advanced": 8, "trails_expert": 1, "trails_freeride": 0, "trails_extreme": 0, "gladed_terrain": "No", "snow_park": "No", "sledding_tubing": "No", "lift_types": "chair lift: 3, gondola: 4, magic carpet: 6, mixed lift: 2", "resort_type": "downhill ski resort", "region": "asia/china/xinjiang" }, "geometry": { "type": "Point", "coordinates": [ 88.157939, 47.836608 ] } },
{ "type": "Feature", "properties": { "winter_sports_id": 1101207107, "winter_sports_type": "way", "name": "青格里狼山滑雪场", "country": "China", "state": "Xinjiang", "total_area_ha": 855.79, "total_area_acres": 2115.0, "skiable_terrain_ha": 121.58, "skiable_terrain_acres": 300.0, "total_lifts": 1, "longest_lift_mi": 1.66, "downhill_trails": 3, "longest_trail_mi": 0.0, "avg_trail_mi": 0.0, "trails_novice": 0, "trails_easy": 0, "trails_intermediate": 3, "trails_advanced": 0, "trails_expert": 0, "trails_freeride": 0, "trails_extreme": 0, "gladed_terrain": "No", "snow_park": "No", "sledding_tubing": "No", "lift_types": "gondola: 1", "resort_type": "downhill ski resort", "region": "asia/china/xinjiang" }, "geometry": { "type": "Point", "coordinates": [ 90.351545, 46.533808 ] } },
{ "type": "Feature", "properties": { "winter_sports_id": 1127891843, "winter_sports_type": "way", "name": "禾木（吉克普林）国际滑雪度假区", "country": "China", "state": "Xinjiang", "total_area_ha": 1723.56, "total_area_acres": 4259.0, "skiable_terrain_ha": 501.12, "skiable_terrain_acres": 1238.0, "total_lifts": 6, "longest_lift_mi": 1.62, "downhill_trails": 57, "longest_trail_mi": 0.0, "avg_trail_mi": 0.0, "trails_novice": 0, "trails_easy": 9, "trails_intermediate": 13, "trails_advanced": 26, "trails_expert": 9, "trails_freeride": 0, "trails_extreme": 0, "gladed_terrain": "No", "snow_park": "No", "sledding_tubing": "No", "lift_types": "chair lift: 1, gondola: 5", "resort_type": "downhill ski resort", "region": "asia/china/xinjiang" }, "geometry": { "type": "Point", "coordinates": [ 87.548987, 48.606796 ] } },
{ "type": "Feature", "properties": { "winter_sports_id": 1154028988, "winter_sports_type": "way", "name": "赛里木湖滑雪场", "country": "China", "state": "Xinjiang", "total_area_ha": 1272.8, "total_area_acres": 3145.0, "skiable_terrain_ha": 130.25, "skiable_terrain_acres": 322.0, "total_lifts": 1, "longest_lift_mi": 2.15, "downhill_trails": 3, "longest_trail_mi": 0.0, "avg_trail_mi": 0.0, "trails_novice": 0, "trails_easy": 0, "trails_intermediate": 0, "trails_advanced": 3, "trails_expert": 0, "trails_freeride": 0, "trails_extreme": 0, "gladed_terrain": "No", "snow_park": "No", "sledding_tubing": "No", "lift_types": "gondola: 1", "resort_type": "downhill ski resort", "region": "asia/china/xinjiang" }, "geometry": { "type": "Point", "coordinates": [ 81.410506, 44.566567 ] } },
{ "type": "Feature", "properties": { "winter_sports_id": 1290860691, "winter_sports_type": "way", "name": "Koktokay Ski Resort", "country": "China", "state": "Xinjiang", "total_area_ha": 2145.77, "total_area_acres": 5302.0, "skiable_terrain_ha": 1488.2, "skiable_terrain_acres": 3677.0, "total_lifts": 6, "longest_lift_mi": 2.15, "downhill_trails": 19, "longest_trail_mi": 0.0, "avg_trail_mi": 0.0, "trails_novice": 1, "trails_easy": 7, "trails_intermediate": 5, "trails_advanced": 4, "trails_expert": 2, "trails_freeride": 0, "trails_extreme": 0, "gladed_terrain": "No", "snow_park": "No", "sledding_tubing": "No", "lift_types": "chair lift: 2, gondola: 3, magic carpet: 1", "resort_type": "downhill ski resort", "region": "asia/china/xinjiang" }, "geometry": { "type": "Point", "coordinates": [ 90.055864, 47.175124 ] } },
{ "type": "Feature", "properties": { "winter_sports_id": 1313911201, "winter_sports_type": "way", "name": "赛里木湖滑雪场", "country": "China", "state": "Xinjiang", "total_area_ha": 665.42, "total_area_acres": 1644.0, "skiable_terrain_ha": 283.52, "skiable_terrain_acres": 701.0, "total_lifts": 2, "longest_lift_mi": 2.15, "downhill_trails": 6, "longest_trail_mi": 0.57, "avg_trail_mi": 0.57, "trails_novice": 0, "trails_easy": 1, "trails_intermediate": 2, "trails_advanced": 3, "trails_expert": 0, "trails_freeride": 0, "trails_extreme": 0, "gladed_terrain": "No", "snow_park": "No", "sledding_tubing": "No", "lift_types": "gondola: 1, magic carpet: 1", "resort_type": "downhill ski resort", "region": "asia/china/xinjiang" }, "geometry": { "type": "Point", "coordinates": [ 81.432436, 44.567177 ] } },
{ "type": "Feature", "properties": { "winter_sports_id": 1348704802, "winter_sports_type": "way", "name": "西域滑雪场", "country": "China", "state": "Xinjiang", "total_area_ha": 25.85, "total_area_acres": 64.0, "skiable_terrain_ha": 7.13, "skiable_terrain_acres": 18.0, "total_lifts": 0, "longest_lift_mi": 0.0, "downhill_trails": 4, "longest_trail_mi": 0.0, "avg_trail_mi": 0.0, "trails_novice": 0, "trails_easy": 0, "trails_intermediate": 0, "trails_advanced": 0, "trails_expert": 0, "trails_freeride": 0, "trails_extreme": 0, "gladed_terrain": "No", "snow_park": "No", "sledding_tubing": "No", "lift_types": null, "resort_type": "downhill ski resort", "region": "asia/china/xinjiang" }, "geometry": { "type": "Point", "coordinates": [ 88.133259, 47.901395 ] } },
{ "type": "Feature", "properties": { "winter_sports_id": 1350546208, "winter_sports_type": "way", "name": "那拉提哈茵赛滑雪场", "country": "China", "state": "Xinjiang", "total_area_ha": 249.61, "total_area_acres": 617.0, "skiable_terrain_ha": 31.22, "skiable_terrain_acres": 77.0, "total_lifts": 1, "longest_lift_mi": 2.51, "downhill_trails": 1, "longest_trail_mi": 0.0, "avg_trail_mi": 0.0, "trails_novice": 0, "trails_easy": 0, "trails_intermediate": 0, "trails_advanced": 0, "trails_expert": 0, "trails_freeride": 0, "trails_extreme": 0, "gladed_terrain": "No", "snow_park": "No", "sledding_tubing": "No", "lift_types": "gondola: 1", "resort_type": "downhill ski resort", "region": "asia/china/xinjiang" }, "geometry": { "type": "Point", "coordinates": [ 84.028362, 43.281666 ] } },
{ "type": "Feature", "properties": { "winter_sports_id": 1350547403, "winter_sports_type": "way", "name": "丝绸之路滑雪场", "country": "China", "state": "Xinjiang", "total_area_ha": 321.52, "total_area_acres": 794.0, "skiable_terrain_ha": 104.19, "skiable_terrain_acres": 257.0, "total_lifts": 8, "longest_lift_mi": 1.62, "downhill_trails": 14, "longest_trail_mi": 0.03, "avg_trail_mi": 0.02, "trails_novice": 0, "trails_easy": 0, "trails_intermediate": 4, "trails_advanced": 4, "trails_expert": 0, "trails_freeride": 0, "trails_extreme": 0, "gladed_terrain": "No", "snow_park": "No", "sledding_tubing": "No", "lift_types": "chair lift: 4, gondola: 2, magic carpet: 2", "resort_type": "downhill ski resort", "region": "asia/china/xinjiang" }, "geometry": { "type": "Point", "coordinates": [ 87.415967, 43.431296 ] } },
{ "type": "Feature", "properties": { "winter_sports_id": 1351118810, "winter_sports_type": "way", "name": "野卡峡野雪滑雪区（暂无缆车）", "country": "China", "state": "Xinjiang", "total_area_ha": 76.82, "total_area_acres": 190.0, "skiable_terrain_ha": 0.0, "skiable_terrain_acres": 0.0, "total_lifts": 0, "longest_lift_mi": 0.0, "downhill_trails": 1, "longest_trail_mi": 0.0, "avg_trail_mi": 0.0, "trails_novice": 0, "trails_easy": 0, "trails_intermediate": 0, "trails_advanced": 0, "trails_expert": 0, "trails_freeride": 0, "trails_extreme": 0, "gladed_terrain": "No", "snow_park": "No", "sledding_tubing": "No", "lift_types": null, "resort_type": "downhill ski resort", "region": "asia/china/xinjiang" }, "geometry": { "type": "Point", "coordinates": [ 88.303619, 48.174361 ] } },
{ "type": "Feature", "properties": { "winter_sports_id": 1354178769, "winter_sports_type": "way", "name": "白云滑雪场", "country": "China", "state": "Xinjiang", "total_area_ha": 30.7, "total_area_acres": 76.0, "skiable_terrain_ha": 13.18, "skiable_terrain_acres": 33.0, "total_lifts": 2, "longest_lift_mi": 0.53, "downhill_trails": 8, "longest_trail_mi": 0.27, "avg_trail_mi": 0.26, "trails_novice": 0, "trails_easy": 0, "trails_intermediate": 3, "trails_advanced": 4, "trails_expert": 0, "trails_freeride": 0, "trails_extreme": 0, "gladed_terrain": "No", "snow_park": "No", "sledding_tubing": "No", "lift_types": "gondola: 2", "resort_type": "downhill ski resort", "region": "asia/china/xinjiang" }, "geometry": { "type": "Point", "coordinates": [ 87.493328, 43.441514 ] } },
{ "type": "Feature", "properties": { "winter_sports_id": 1276289615, "winter_sports_type": "way", "name": "大海草山国际滑雪场", "country": "China", "state": "Yunnan", "total_area_ha": 4.53, "total_area_acres": 11.0, "skiable_terrain_ha": 0.43, "skiable_terrain_acres": 1.0, "total_lifts": 3, "longest_lift_mi": 0.5, "downhill_trails": 2, "longest_trail_mi": 0.0, "avg_trail_mi": 0.0, "trails_novice": 0, "trails_easy": 0, "trails_intermediate": 0, "trails_advanced": 0, "trails_expert": 0, "trails_freeride": 0, "trails_extreme": 0, "gladed_terrain": "No", "snow_park": "No", "sledding_tubing": "No", "lift_types": "chair lift: 1, magic carpet: 2", "resort_type": "downhill ski resort", "region": "asia/china/yunnan" }, "geometry": { "type": "Point", "coordinates": [ 103.280491, 26.207288 ] } },
{ "type": "Feature", "properties": { "winter_sports_id": 555897348, "winter_sports_type": "way", "name": "安吉江南天池滑雪场", "country": "China", "state": "Zhejiang", "total_area_ha": 3.5, "total_area_acres": 9.0, "skiable_terrain_ha": 1.5, "skiable_terrain_acres": 4.0, "total_lifts": 0, "longest_lift_mi": 0.0, "downhill_trails": 1, "longest_trail_mi": 0.31, "avg_trail_mi": 0.31, "trails_novice": 0, "trails_easy": 0, "trails_intermediate": 0, "trails_advanced": 0, "trails_expert": 0, "trails_freeride": 0, "trails_extreme": 0, "gladed_terrain": "No", "snow_park": "No", "sledding_tubing": "No", "lift_types": null, "resort_type": "downhill ski resort", "region": "asia/china/zhejiang" }, "geometry": { "type": "Point", "coordinates": [ 119.592549, 30.472996 ] } },
{ "type": "Feature", "properties": { "winter_sports_id": 973901268, "winter_sports_type": "way", "name": "商量岗滑雪场", "country": "China", "state": "Zhejiang", "total_area_ha": 1.31, "total_area_acres": 3.0, "skiable_terrain_ha": 0.47, "skiable_terrain_acres": 1.0, "total_lifts": 1, "longest_lift_mi": 0.07, "downhill_trails": 1, "longest_trail_mi": 0.1, "avg_trail_mi": 0.1, "trails_novice": 0, "trails_easy": 0, "trails_intermediate": 0, "trails_advanced": 0, "trails_expert": 0, "trails_freeride": 0, "trails_extreme": 0, "gladed_terrain": "No", "snow_park": "No", "sledding_tubing": "No", "lift_types": "magic carpet: 1", "resort_type": "downhill ski resort", "region": "asia/china/zhejiang" }, "geometry": { "type": "Point", "coordinates": [ 121.198419, 29.722677 ] } },
{ "type": "Feature", "properties": { "winter_sports_id": 1181974280, "winter_sports_type": "way", "name": "浙东第一尖滑雪场", "country": "China", "state": "Zhejiang", "total_area_ha": 26.43, "total_area_acres": 65.0, "skiable_terrain_ha": 0.49, "skiable_terrain_acres": 1.0, "total_lifts": 1, "longest_lift_mi": 1.04, "downhill_trails": 1, "longest_trail_mi": 0.0, "avg_trail_mi": 0.0, "trails_novice": 0, "trails_easy": 0, "trails_intermediate": 0, "trails_advanced": 0, "trails_expert": 0, "trails_freeride": 0, "trails_extreme": 0, "gladed_terrain": "No", "snow_park": "No", "sledding_tubing": "No", "lift_types": "t-bar: 1", "resort_type": "downhill ski resort", "region": "asia/china/zhejiang" }, "geometry": { "type": "Point", "coordinates": [ 121.241178, 29.407126 ] } },
{ "type": "Feature", "properties": { "winter_sports_id": 1358537125, "winter_sports_type": "way", "name": "大明山滑雪场", "country": "China", "state": "Zhejiang", "total_area_ha": 9.41, "total_area_acres": 23.0, "skiable_terrain_ha": 3.26, "skiable_terrain_acres": 8.0, "total_lifts": 5, "longest_lift_mi": 0.38, "downhill_trails": 2, "longest_trail_mi": 0.05, "avg_trail_mi": 0.05, "trails_novice": 0, "trails_easy": 0, "trails_intermediate": 0, "trails_advanced": 0, "trails_expert": 0, "trails_freeride": 0, "trails_extreme": 0, "gladed_terrain": "No", "snow_park": "No", "sledding_tubing": "No", "lift_types": "gondola: 1, magic carpet: 4", "resort_type": "downhill ski resort", "region": "asia/china/zhejiang" }, "geometry": { "type": "Point", "coordinates": [ 118.990901, 30.026237 ] } },
{ "type": "Feature", "properties": { "winter_sports_id": 1358546915, "winter_sports_type": "way", "name": "桐庐生仙里滑雪场", "country": "China", "state": "Zhejiang", "total_area_ha": 8.3, "total_area_acres": 21.0, "skiable_terrain_ha": 3.52, "skiable_terrain_acres": 9.0, "total_lifts": 5, "longest_lift_mi": 0.16, "downhill_trails": 3, "longest_trail_mi": 0.22, "avg_trail_mi": 0.18, "trails_novice": 0, "trails_easy": 0, "trails_intermediate": 0, "trails_advanced": 0, "trails_expert": 0, "trails_freeride": 0, "trails_extreme": 0, "gladed_terrain": "No", "snow_park": "No", "sledding_tubing": "No", "lift_types": "magic carpet: 5", "resort_type": "downhill ski resort", "region": "asia/china/zhejiang" }, "geometry": { "type": "Point", "coordinates": [ 119.247424, 29.995067 ] } },
{ "type": "Feature", "properties": { "winter_sports_id": 1359649713, "winter_sports_type": "way", "name": "武义千丈岩滑雪场", "country": "China", "state": "Zhejiang", "total_area_ha": 1.08, "total_area_acres": 3.0, "skiable_terrain_ha": 0.52, "skiable_terrain_acres": 1.0, "total_lifts": 1, "longest_lift_mi": 0.07, "downhill_trails": 1, "longest_trail_mi": 0.11, "avg_trail_mi": 0.11, "trails_novice": 0, "trails_easy": 0, "trails_intermediate": 0, "trails_advanced": 0, "trails_expert": 0, "trails_freeride": 0, "trails_extreme": 0, "gladed_terrain": "No", "snow_park": "No", "sledding_tubing": "No", "lift_types": "magic carpet: 1", "resort_type": "downhill ski resort", "region": "asia/china/zhejiang" }, "geometry": { "type": "Point", "coordinates": [ 119.892283, 28.756739 ] } },
{ "type": "Feature", "properties": { "winter_sports_id": 1359649716, "winter_sports_type": "way", "name": "文成绿水尖滑雪场", "country": "China", "state": "Zhejiang", "total_area_ha": 1.34, "total_area_acres": 3.0, "skiable_terrain_ha": 0.57, "skiable_terrain_acres": 1.0, "total_lifts": 1, "longest_lift_mi": 0.11, "downhill_trails": 1, "longest_trail_mi": 0.12, "avg_trail_mi": 0.12, "trails_novice": 0, "trails_easy": 0, "trails_intermediate": 0, "trails_advanced": 0, "trails_expert": 0, "trails_freeride": 0, "trails_extreme": 0, "gladed_terrain": "No", "snow_park": "No", "sledding_tubing": "No", "lift_types": "magic carpet: 1", "resort_type": "downhill ski resort", "region": "asia/china/zhejiang" }, "geometry": { "type": "Point", "coordinates": [ 119.862684, 27.850005 ] } },
{ "type": "Feature", "properties": { "winter_sports_id": 1359649719, "winter_sports_type": "way", "name": "北斗崖滑雪场", "country": "China", "state": "Zhejiang", "total_area_ha": 1.68, "total_area_acres": 4.0, "skiable_terrain_ha": 0.16, "skiable_terrain_acres": 0.0, "total_lifts": 0, "longest_lift_mi": 0.0, "downhill_trails": 1, "longest_trail_mi": 0.0, "avg_trail_mi": 0.0, "trails_novice": 0, "trails_easy": 0, "trails_intermediate": 0, "trails_advanced": 0, "trails_expert": 0, "trails_freeride": 0, "trails_extreme": 0, "gladed_terrain": "No", "snow_park": "No", "sledding_tubing": "No", "lift_types": null, "resort_type": "downhill ski resort", "region": "asia/china/zhejiang" }, "geometry": { "type": "Point", "coordinates": [ 119.057926, 28.690072 ] } },
{ "type": "Feature", "properties": { "winter_sports_id": 1359795810, "winter_sports_type": "way", "name": "磐安滑雪场", "country": "China", "state": "Zhejiang", "total_area_ha": 3.01, "total_area_acres": 7.0, "skiable_terrain_ha": 0.99, "skiable_terrain_acres": 2.0, "total_lifts": 4, "longest_lift_mi": 0.06, "downhill_trails": 3, "longest_trail_mi": 0.09, "avg_trail_mi": 0.09, "trails_novice": 0, "trails_easy": 0, "trails_intermediate": 0, "trails_advanced": 0, "trails_expert": 0, "trails_freeride": 0, "trails_extreme": 0, "gladed_terrain": "No", "snow_park": "No", "sledding_tubing": "No", "lift_types": "magic carpet: 4", "resort_type": "downhill ski resort", "region": "asia/china/zhejiang" }, "geometry": { "type": "Point", "coordinates": [ 120.647663, 28.936062 ] } },
{ "type": "Feature", "properties": { "winter_sports_id": 1359796198, "winter_sports_type": "way", "name": "文成月老山滑雪场", "country": "China", "state": "Zhejiang", "total_area_ha": 2.03, "total_area_acres": 5.0, "skiable_terrain_ha": 0.55, "skiable_terrain_acres": 1.0, "total_lifts": 1, "longest_lift_mi": 0.07, "downhill_trails": 1, "longest_trail_mi": 0.11, "avg_trail_mi": 0.11, "trails_novice": 0, "trails_easy": 0, "trails_intermediate": 0, "trails_advanced": 0, "trails_expert": 0, "trails_freeride": 0, "trails_extreme": 0, "gladed_terrain": "No", "snow_park": "No", "sledding_tubing": "No", "lift_types": "magic carpet: 1", "resort_type": "downhill ski resort", "region": "asia/china/zhejiang" }, "geometry": { "type": "Point", "coordinates": [ 119.841852, 27.884849 ] } },
{ "type": "Feature", "properties": { "winter_sports_id": 1359796499, "winter_sports_type": "way", "name": "青田乐园室内滑雪场", "country": "China", "state": "Zhejiang", "total_area_ha": 0.92, "total_area_acres": 2.0, "skiable_terrain_ha": 0.8, "skiable_terrain_acres": 2.0, "total_lifts": 0, "longest_lift_mi": 0.0, "downhill_trails": 2, "longest_trail_mi": 0.12, "avg_trail_mi": 0.08, "trails_novice": 0, "trails_easy": 0, "trails_intermediate": 0, "trails_advanced": 0, "trails_expert": 0, "trails_freeride": 0, "trails_extreme": 0, "gladed_terrain": "No", "snow_park": "No", "sledding_tubing": "No", "lift_types": null, "resort_type": "downhill ski resort", "region": "asia/china/zhejiang" }, "geometry": { "type": "Point", "coordinates": [ 120.128915, 28.264697 ] } },
{ "type": "Feature", "properties": { "winter_sports_id": 1359796587, "winter_sports_type": "way", "name": "天鹅堡滑雪场", "country": "China", "state": "Zhejiang", "total_area_ha": 1.21, "total_area_acres": 3.0, "skiable_terrain_ha": 1.15, "skiable_terrain_acres": 3.0, "total_lifts": 1, "longest_lift_mi": 0.12, "downhill_trails": 2, "longest_trail_mi": 0.12, "avg_trail_mi": 0.12, "trails_novice": 0, "trails_easy": 0, "trails_intermediate": 0, "trails_advanced": 0, "trails_expert": 0, "trails_freeride": 0, "trails_extreme": 0, "gladed_terrain": "No", "snow_park": "No", "sledding_tubing": "No", "lift_types": "magic carpet: 1", "resort_type": "downhill ski resort", "region": "asia/china/zhejiang" }, "geometry": { "type": "Point", "coordinates": [ 119.832122, 27.864977 ] } },
{ "type": "Feature", "properties": { "winter_sports_id": 1475183373, "winter_sports_type": "way", "name": "Gulmarg Ski Resort area Phase 2", "country": "India", "state": "Jammu and Kashmir", "total_area_ha": 170.64, "total_area_acres": 422.0, "skiable_terrain_ha": 765.41, "skiable_terrain_acres": 1891.0, "total_lifts": 2, "longest_lift_mi": 1.57, "downhill_trails": 23, "longest_trail_mi": 0.0, "avg_trail_mi": 0.0, "trails_novice": 0, "trails_easy": 1, "trails_intermediate": 8, "trails_advanced": 6, "trails_expert": 1, "trails_freeride": 2, "trails_extreme": 4, "gladed_terrain": "No", "snow_park": "No", "sledding_tubing": "No", "lift_types": "chair lift: 1, gondola: 1", "resort_type": "downhill ski resort", "region": "asia/india" }, "geometry": { "type": "Point", "coordinates": [ 74.355805, 34.027056 ] } },
{ "type": "Feature", "properties": { "winter_sports_id": 1475184740, "winter_sports_type": "way", "name": "Sheenmai Bowl", "country": "India", "state": "Jammu and Kashmir", "total_area_ha": 54.52, "total_area_acres": 135.0, "skiable_terrain_ha": 1053.59, "skiable_terrain_acres": 2603.0, "total_lifts": 2, "longest_lift_mi": 1.57, "downhill_trails": 23, "longest_trail_mi": 0.0, "avg_trail_mi": 0.0, "trails_novice": 0, "trails_easy": 0, "trails_intermediate": 8, "trails_advanced": 6, "trails_expert": 1, "trails_freeride": 2, "trails_extreme": 5, "gladed_terrain": "No", "snow_park": "No", "sledding_tubing": "No", "lift_types": "chair lift: 1, gondola: 1", "resort_type": "downhill ski resort", "region": "asia/india" }, "geometry": { "type": "Point", "coordinates": [ 74.353638, 34.021146 ] } },
{ "type": "Feature", "properties": { "winter_sports_id": 1475189167, "winter_sports_type": "way", "name": "Hapat Khud Bowl", "country": "India", "state": "Jammu and Kashmir", "total_area_ha": 42.25, "total_area_acres": 104.0, "skiable_terrain_ha": 1053.59, "skiable_terrain_acres": 2603.0, "total_lifts": 2, "longest_lift_mi": 1.57, "downhill_trails": 23, "longest_trail_mi": 0.0, "avg_trail_mi": 0.0, "trails_novice": 0, "trails_easy": 0, "trails_intermediate": 8, "trails_advanced": 6, "trails_expert": 1, "trails_freeride": 2, "trails_extreme": 5, "gladed_terrain": "No", "snow_park": "No", "sledding_tubing": "No", "lift_types": "chair lift: 1, gondola: 1", "resort_type": "downhill ski resort", "region": "asia/india" }, "geometry": { "type": "Point", "coordinates": [ 74.355356, 34.017786 ] } },
{ "type": "Feature", "properties": { "winter_sports_id": 1475189168, "winter_sports_type": "way", "name": "Shaggy's Face", "country": "India", "state": "Jammu and Kashmir", "total_area_ha": 14.5, "total_area_acres": 36.0, "skiable_terrain_ha": 1053.59, "skiable_terrain_acres": 2603.0, "total_lifts": 2, "longest_lift_mi": 1.57, "downhill_trails": 23, "longest_trail_mi": 0.0, "avg_trail_mi": 0.0, "trails_novice": 0, "trails_easy": 0, "trails_intermediate": 8, "trails_advanced": 6, "trails_expert": 1, "trails_freeride": 2, "trails_extreme": 5, "gladed_terrain": "No", "snow_park": "No", "sledding_tubing": "No", "lift_types": "chair lift: 1, gondola: 1", "resort_type": "downhill ski resort", "region": "asia/india" }, "geometry": { "type": "Point", "coordinates": [ 74.353319, 34.018989 ] } },
{ "type": "Feature", "properties": { "winter_sports_id": 1475189169, "winter_sports_type": "way", "name": "Trajan Bowl", "country": "India", "state": "Jammu and Kashmir", "total_area_ha": 46.63, "total_area_acres": 115.0, "skiable_terrain_ha": 1053.59, "skiable_terrain_acres": 2603.0, "total_lifts": 2, "longest_lift_mi": 1.57, "downhill_trails": 23, "longest_trail_mi": 0.0, "avg_trail_mi": 0.0, "trails_novice": 0, "trails_easy": 0, "trails_intermediate": 8, "trails_advanced": 6, "trails_expert": 1, "trails_freeride": 2, "trails_extreme": 5, "gladed_terrain": "No", "snow_park": "No", "sledding_tubing": "No", "lift_types": "chair lift: 1, gondola: 1", "resort_type": "downhill ski resort", "region": "asia/india" }, "geometry": { "type": "Point", "coordinates": [ 74.360284, 34.01678 ] } },
{ "type": "Feature", "properties": { "winter_sports_id": 1475189170, "winter_sports_type": "way", "name": "Drung Bowls", "country": "India", "state": "Jammu and Kashmir", "total_area_ha": 316.57, "total_area_acres": 782.0, "skiable_terrain_ha": 548.55, "skiable_terrain_acres": 1355.0, "total_lifts": 2, "longest_lift_mi": 1.57, "downhill_trails": 11, "longest_trail_mi": 0.0, "avg_trail_mi": 0.0, "trails_novice": 0, "trails_easy": 0, "trails_intermediate": 4, "trails_advanced": 0, "trails_expert": 1, "trails_freeride": 1, "trails_extreme": 5, "gladed_terrain": "No", "snow_park": "No", "sledding_tubing": "No", "lift_types": "chair lift: 1, gondola: 1", "resort_type": "downhill ski resort", "region": "asia/india" }, "geometry": { "type": "Point", "coordinates": [ 74.377606, 34.014806 ] } },
{ "type": "Feature", "properties": { "winter_sports_id": 1475190645, "winter_sports_type": "way", "name": "Apharwat S Bowl", "country": "India", "state": "Jammu and Kashmir", "total_area_ha": 37.61, "total_area_acres": 93.0, "skiable_terrain_ha": 737.02, "skiable_terrain_acres": 1821.0, "total_lifts": 2, "longest_lift_mi": 1.57, "downhill_trails": 22, "longest_trail_mi": 0.0, "avg_trail_mi": 0.0, "trails_novice": 0, "trails_easy": 0, "trails_intermediate": 8, "trails_advanced": 6, "trails_expert": 1, "trails_freeride": 2, "trails_extreme": 4, "gladed_terrain": "No", "snow_park": "No", "sledding_tubing": "No", "lift_types": "chair lift: 1, gondola: 1", "resort_type": "downhill ski resort", "region": "asia/india" }, "geometry": { "type": "Point", "coordinates": [ 74.344629, 34.023848 ] } },
{ "type": "Feature", "properties": { "winter_sports_id": 1475190646, "winter_sports_type": "way", "name": "Apharwat N Bowl", "country": "India", "state": "Jammu and Kashmir", "total_area_ha": 75.39, "total_area_acres": 186.0, "skiable_terrain_ha": 737.02, "skiable_terrain_acres": 1821.0, "total_lifts": 2, "longest_lift_mi": 1.57, "downhill_trails": 22, "longest_trail_mi": 0.0, "avg_trail_mi": 0.0, "trails_novice": 0, "trails_easy": 0, "trails_intermediate": 8, "trails_advanced": 6, "trails_expert": 1, "trails_freeride": 2, "trails_extreme": 4, "gladed_terrain": "No", "snow_park": "No", "sledding_tubing": "No", "lift_types": "chair lift: 1, gondola: 1", "resort_type": "downhill ski resort", "region": "asia/india" }, "geometry": { "type": "Point", "coordinates": [ 74.343755, 34.026212 ] } },
{ "type": "Feature", "properties": { "winter_sports_id": 268262352, "winter_sports_type": "way", "name": "پیست اسکی خور", "country": "Iran", "state": "Tehran", "total_area_ha": 41.1, "total_area_acres": 102.0, "skiable_terrain_ha": 2.12, "skiable_terrain_acres": 5.0, "total_lifts": 1, "longest_lift_mi": 1.02, "downhill_trails": 1, "longest_trail_mi": 0.0, "avg_trail_mi": 0.0, "trails_novice": 0, "trails_easy": 0, "trails_intermediate": 0, "trails_advanced": 0, "trails_expert": 0, "trails_freeride": 0, "trails_extreme": 0, "gladed_terrain": "No", "snow_park": "No", "sledding_tubing": "No", "lift_types": "drag lift: 1", "resort_type": "downhill ski resort", "region": "asia/iran" }, "geometry": { "type": "Point", "coordinates": [ 51.169803, 35.911349 ] } },
{ "type": "Feature", "properties": { "winter_sports_id": 314769044, "winter_sports_type": "way", "name": "پیست اسکی سهند", "country": "Iran", "state": "East Azarbaijan", "total_area_ha": 91.63, "total_area_acres": 226.0, "skiable_terrain_ha": 0.0, "skiable_terrain_acres": 0.0, "total_lifts": 3, "longest_lift_mi": 0.65, "downhill_trails": 0, "longest_trail_mi": 0.0, "avg_trail_mi": 0.0, "trails_novice": 0, "trails_easy": 0, "trails_intermediate": 0, "trails_advanced": 0, "trails_expert": 0, "trails_freeride": 0, "trails_extreme": 0, "gladed_terrain": "No", "snow_park": "No", "sledding_tubing": "No", "lift_types": "drag lift: 3", "resort_type": "downhill ski resort", "region": "asia/iran" }, "geometry": { "type": "Point", "coordinates": [ 46.514332, 37.752901 ] } },
{ "type": "Feature", "properties": { "winter_sports_id": 392953518, "winter_sports_type": "way", "name": "پیست اسکی شیرباد", "country": "Iran", "state": "Razavi Khorasan", "total_area_ha": 271.12, "total_area_acres": 670.0, "skiable_terrain_ha": 13.28, "skiable_terrain_acres": 33.0, "total_lifts": 1, "longest_lift_mi": 0.53, "downhill_trails": 7, "longest_trail_mi": 0.0, "avg_trail_mi": 0.0, "trails_novice": 0, "trails_easy": 2, "trails_intermediate": 2, "trails_advanced": 3, "trails_expert": 0, "trails_freeride": 0, "trails_extreme": 0, "gladed_terrain": "No", "snow_park": "No", "sledding_tubing": "No", "lift_types": "drag lift: 1", "resort_type": "downhill ski resort", "region": "asia/iran" }, "geometry": { "type": "Point", "coordinates": [ 59.060583, 36.287301 ] } },
{ "type": "Feature", "properties": { "winter_sports_id": 482307321, "winter_sports_type": "way", "name": "پیست اسکی پولادکف", "country": "Iran", "state": "Fars", "total_area_ha": 152.73, "total_area_acres": 377.0, "skiable_terrain_ha": 20.13, "skiable_terrain_acres": 50.0, "total_lifts": 2, "longest_lift_mi": 1.16, "downhill_trails": 1, "longest_trail_mi": 0.0, "avg_trail_mi": 0.0, "trails_novice": 0, "trails_easy": 0, "trails_intermediate": 1, "trails_advanced": 0, "trails_expert": 0, "trails_freeride": 0, "trails_extreme": 0, "gladed_terrain": "No", "snow_park": "No", "sledding_tubing": "No", "lift_types": "drag lift: 1, gondola: 1", "resort_type": "downhill ski resort", "region": "asia/iran" }, "geometry": { "type": "Point", "coordinates": [ 51.905872, 30.371995 ] } },
{ "type": "Feature", "properties": { "winter_sports_id": 482805588, "winter_sports_type": "way", "name": "پیست اسکی آبعلی", "country": "Iran", "state": "Tehran", "total_area_ha": 48.31, "total_area_acres": 119.0, "skiable_terrain_ha": 1.33, "skiable_terrain_acres": 3.0, "total_lifts": 8, "longest_lift_mi": 0.5, "downhill_trails": 1, "longest_trail_mi": 0.0, "avg_trail_mi": 0.0, "trails_novice": 0, "trails_easy": 0, "trails_intermediate": 0, "trails_advanced": 0, "trails_expert": 0, "trails_freeride": 0, "trails_extreme": 0, "gladed_terrain": "No", "snow_park": "No", "sledding_tubing": "No", "lift_types": "chair lift: 1, drag lift: 5, gondola: 1, rope tow: 1", "resort_type": "downhill ski resort", "region": "asia/iran" }, "geometry": { "type": "Point", "coordinates": [ 51.990089, 35.764835 ] } },
{ "type": "Feature", "properties": { "winter_sports_id": 547906575, "winter_sports_type": "way", "name": "پیست اسکی تاریک دره", "country": "Iran", "state": "Hamadan", "total_area_ha": 77.18, "total_area_acres": 191.0, "skiable_terrain_ha": 0.0, "skiable_terrain_acres": 0.0, "total_lifts": 2, "longest_lift_mi": 0.78, "downhill_trails": 0, "longest_trail_mi": 0.0, "avg_trail_mi": 0.0, "trails_novice": 0, "trails_easy": 0, "trails_intermediate": 0, "trails_advanced": 0, "trails_expert": 0, "trails_freeride": 0, "trails_extreme": 0, "gladed_terrain": "No", "snow_park": "No", "sledding_tubing": "No", "lift_types": "chair lift: 1, drag lift: 1", "resort_type": "downhill ski resort", "region": "asia/iran" }, "geometry": { "type": "Point", "coordinates": [ 48.438077, 34.717948 ] } },
{ "type": "Feature", "properties": { "winter_sports_id": 631848036, "winter_sports_type": "way", "name": "پیست اسکی خوشاکو", "country": "Iran", "state": "West Azarbaijan", "total_area_ha": 51.92, "total_area_acres": 128.0, "skiable_terrain_ha": 0.0, "skiable_terrain_acres": 0.0, "total_lifts": 2, "longest_lift_mi": 0.6, "downhill_trails": 0, "longest_trail_mi": 0.0, "avg_trail_mi": 0.0, "trails_novice": 0, "trails_easy": 0, "trails_intermediate": 0, "trails_advanced": 0, "trails_expert": 0, "trails_freeride": 0, "trails_extreme": 0, "gladed_terrain": "No", "snow_park": "No", "sledding_tubing": "No", "lift_types": "drag lift: 2", "resort_type": "downhill ski resort", "region": "asia/iran" }, "geometry": { "type": "Point", "coordinates": [ 44.784844, 37.460637 ] } },
{ "type": "Feature", "properties": { "winter_sports_id": 632224035, "winter_sports_type": "way", "name": "پیست اسکی کوهرنگ", "country": "Iran", "state": "Chahar Mahall and Bakhtiari", "total_area_ha": 10.22, "total_area_acres": 25.0, "skiable_terrain_ha": 3.93, "skiable_terrain_acres": 10.0, "total_lifts": 2, "longest_lift_mi": 0.44, "downhill_trails": 1, "longest_trail_mi": 0.0, "avg_trail_mi": 0.0, "trails_novice": 0, "trails_easy": 1, "trails_intermediate": 0, "trails_advanced": 0, "trails_expert": 0, "trails_freeride": 0, "trails_extreme": 0, "gladed_terrain": "No", "snow_park": "No", "sledding_tubing": "No", "lift_types": "drag lift: 2", "resort_type": "downhill ski resort", "region": "asia/iran" }, "geometry": { "type": "Point", "coordinates": [ 50.12067, 32.456831 ] } },
{ "type": "Feature", "properties": { "winter_sports_id": 632767017, "winter_sports_type": "way", "name": "پیست اسکی کاکان", "country": "Iran", "state": "Fars", "total_area_ha": 9.98, "total_area_acres": 25.0, "skiable_terrain_ha": 2.15, "skiable_terrain_acres": 5.0, "total_lifts": 2, "longest_lift_mi": 0.24, "downhill_trails": 1, "longest_trail_mi": 0.0, "avg_trail_mi": 0.0, "trails_novice": 0, "trails_easy": 1, "trails_intermediate": 0, "trails_advanced": 0, "trails_expert": 0, "trails_freeride": 0, "trails_extreme": 0, "gladed_terrain": "No", "snow_park": "No", "sledding_tubing": "No", "lift_types": "drag lift: 2", "resort_type": "downhill ski resort", "region": "asia/iran" }, "geometry": { "type": "Point", "coordinates": [ 51.725347, 30.669074 ] } },
{ "type": "Feature", "properties": { "winter_sports_id": 632828248, "winter_sports_type": "way", "name": "پیست اسکی نسار", "country": "Iran", "state": "Kordestan", "total_area_ha": 29.77, "total_area_acres": 74.0, "skiable_terrain_ha": 1.45, "skiable_terrain_acres": 4.0, "total_lifts": 2, "longest_lift_mi": 0.71, "downhill_trails": 2, "longest_trail_mi": 0.17, "avg_trail_mi": 0.17, "trails_novice": 1, "trails_easy": 1, "trails_intermediate": 0, "trails_advanced": 0, "trails_expert": 0, "trails_freeride": 0, "trails_extreme": 0, "gladed_terrain": "No", "snow_park": "No", "sledding_tubing": "No", "lift_types": "chair lift: 1, drag lift: 1", "resort_type": "downhill ski resort", "region": "asia/iran" }, "geometry": { "type": "Point", "coordinates": [ 47.580339, 35.87171 ] } },
{ "type": "Feature", "properties": { "winter_sports_id": 632850967, "winter_sports_type": "way", "name": "پیست اسکی دربندسر", "country": "Iran", "state": "Tehran", "total_area_ha": 131.41, "total_area_acres": 325.0, "skiable_terrain_ha": 32.07, "skiable_terrain_acres": 79.0, "total_lifts": 6, "longest_lift_mi": 1.06, "downhill_trails": 12, "longest_trail_mi": 0.0, "avg_trail_mi": 0.0, "trails_novice": 1, "trails_easy": 4, "trails_intermediate": 5, "trails_advanced": 0, "trails_expert": 0, "trails_freeride": 0, "trails_extreme": 0, "gladed_terrain": "No", "snow_park": "No", "sledding_tubing": "No", "lift_types": "chair lift: 3, drag lift: 1, gondola: 1, rope tow: 1", "resort_type": "downhill ski resort", "region": "asia/iran" }, "geometry": { "type": "Point", "coordinates": [ 51.457998, 36.015595 ] } },
{ "type": "Feature", "properties": { "winter_sports_id": 632852352, "winter_sports_type": "way", "name": "پیست اسکی شمشک", "country": "Iran", "state": "Tehran", "total_area_ha": 60.95, "total_area_acres": 151.0, "skiable_terrain_ha": 15.96, "skiable_terrain_acres": 39.0, "total_lifts": 5, "longest_lift_mi": 0.82, "downhill_trails": 2, "longest_trail_mi": 0.0, "avg_trail_mi": 0.0, "trails_novice": 1, "trails_easy": 0, "trails_intermediate": 1, "trails_advanced": 0, "trails_expert": 0, "trails_freeride": 0, "trails_extreme": 0, "gladed_terrain": "No", "snow_park": "No", "sledding_tubing": "No", "lift_types": "chair lift: 2, drag lift: 2, platter: 1", "resort_type": "downhill ski resort", "region": "asia/iran" }, "geometry": { "type": "Point", "coordinates": [ 51.493454, 36.003028 ] } },
{ "type": "Feature", "properties": { "winter_sports_id": 632864202, "winter_sports_type": "way", "name": "پیست اسکی دیزین", "country": "Iran", "state": "Tehran", "total_area_ha": 546.29, "total_area_acres": 1350.0, "skiable_terrain_ha": 72.88, "skiable_terrain_acres": 180.0, "total_lifts": 16, "longest_lift_mi": 1.32, "downhill_trails": 8, "longest_trail_mi": 0.0, "avg_trail_mi": 0.0, "trails_novice": 0, "trails_easy": 1, "trails_intermediate": 4, "trails_advanced": 3, "trails_expert": 0, "trails_freeride": 0, "trails_extreme": 0, "gladed_terrain": "No", "snow_park": "No", "sledding_tubing": "No", "lift_types": "chair lift: 3, gondola: 4, j-bar: 7, t-bar: 2", "resort_type": "downhill ski resort", "region": "asia/iran" }, "geometry": { "type": "Point", "coordinates": [ 51.417668, 36.032267 ] } },
{ "type": "Feature", "properties": { "winter_sports_id": 632945271, "winter_sports_type": "way", "name": "پیست بین المللی اسکی توچال", "country": "Iran", "state": "Tehran", "total_area_ha": 54.51, "total_area_acres": 135.0, "skiable_terrain_ha": 5.47, "skiable_terrain_acres": 14.0, "total_lifts": 5, "longest_lift_mi": 0.83, "downhill_trails": 2, "longest_trail_mi": 0.0, "avg_trail_mi": 0.0, "trails_novice": 0, "trails_easy": 2, "trails_intermediate": 0, "trails_advanced": 0, "trails_expert": 0, "trails_freeride": 0, "trails_extreme": 0, "gladed_terrain": "No", "snow_park": "No", "sledding_tubing": "No", "lift_types": "chair lift: 2, drag lift: 3", "resort_type": "downhill ski resort", "region": "asia/iran" }, "geometry": { "type": "Point", "coordinates": [ 51.405901, 35.885786 ] } },
{ "type": "Feature", "properties": { "winter_sports_id": 633031060, "winter_sports_type": "way", "name": "633031060", "country": "Iran", "state": "Ardebil", "total_area_ha": 0.15, "total_area_acres": 0.0, "skiable_terrain_ha": 8.66, "skiable_terrain_acres": 21.0, "total_lifts": 2, "longest_lift_mi": 0.65, "downhill_trails": 1, "longest_trail_mi": 0.0, "avg_trail_mi": 0.0, "trails_novice": 0, "trails_easy": 1, "trails_intermediate": 0, "trails_advanced": 0, "trails_expert": 0, "trails_freeride": 0, "trails_extreme": 0, "gladed_terrain": "No", "snow_park": "No", "sledding_tubing": "No", "lift_types": "chair lift: 1, drag lift: 1", "resort_type": "downhill ski resort", "region": "asia/iran" }, "geometry": { "type": "Point", "coordinates": [ 47.874032, 38.204382 ] } },
{ "type": "Feature", "properties": { "winter_sports_id": 633247492, "winter_sports_type": "way", "name": "پیست اسکی فریدون شهر", "country": "Iran", "state": "Esfahan", "total_area_ha": 28.51, "total_area_acres": 70.0, "skiable_terrain_ha": 7.13, "skiable_terrain_acres": 18.0, "total_lifts": 2, "longest_lift_mi": 0.47, "downhill_trails": 3, "longest_trail_mi": 0.0, "avg_trail_mi": 0.0, "trails_novice": 0, "trails_easy": 2, "trails_intermediate": 1, "trails_advanced": 0, "trails_expert": 0, "trails_freeride": 0, "trails_extreme": 0, "gladed_terrain": "No", "snow_park": "No", "sledding_tubing": "No", "lift_types": "drag lift: 1, rope tow: 1", "resort_type": "downhill ski resort", "region": "asia/iran" }, "geometry": { "type": "Point", "coordinates": [ 50.049478, 32.946913 ] } },
{ "type": "Feature", "properties": { "winter_sports_id": 633386583, "winter_sports_type": "way", "name": "پیست اسکی پیام", "country": "Iran", "state": "East Azarbaijan", "total_area_ha": 21.11, "total_area_acres": 52.0, "skiable_terrain_ha": 0.0, "skiable_terrain_acres": 0.0, "total_lifts": 3, "longest_lift_mi": 0.39, "downhill_trails": 0, "longest_trail_mi": 0.0, "avg_trail_mi": 0.0, "trails_novice": 0, "trails_easy": 0, "trails_intermediate": 0, "trails_advanced": 0, "trails_expert": 0, "trails_freeride": 0, "trails_extreme": 0, "gladed_terrain": "No", "snow_park": "No", "sledding_tubing": "No", "lift_types": "drag lift: 3", "resort_type": "downhill ski resort", "region": "asia/iran" }, "geometry": { "type": "Point", "coordinates": [ 45.776363, 38.336895 ] } },
{ "type": "Feature", "properties": { "winter_sports_id": 633614442, "winter_sports_type": "way", "name": "پیست اسکی پاپایی", "country": "Iran", "state": "Zanjan", "total_area_ha": 15.96, "total_area_acres": 39.0, "skiable_terrain_ha": 0.75, "skiable_terrain_acres": 2.0, "total_lifts": 2, "longest_lift_mi": 0.33, "downhill_trails": 2, "longest_trail_mi": 0.0, "avg_trail_mi": 0.0, "trails_novice": 0, "trails_easy": 2, "trails_intermediate": 0, "trails_advanced": 0, "trails_expert": 0, "trails_freeride": 0, "trails_extreme": 0, "gladed_terrain": "No", "snow_park": "No", "sledding_tubing": "No", "lift_types": "drag lift: 2", "resort_type": "downhill ski resort", "region": "asia/iran" }, "geometry": { "type": "Point", "coordinates": [ 48.366734, 36.514935 ] } },
{ "type": "Feature", "properties": { "winter_sports_id": 635567998, "winter_sports_type": "way", "name": "پیست اسکی شهدای سربند", "country": "Iran", "state": "Lorestan", "total_area_ha": 11.87, "total_area_acres": 29.0, "skiable_terrain_ha": 0.45, "skiable_terrain_acres": 1.0, "total_lifts": 1, "longest_lift_mi": 0.2, "downhill_trails": 1, "longest_trail_mi": 0.0, "avg_trail_mi": 0.0, "trails_novice": 0, "trails_easy": 1, "trails_intermediate": 0, "trails_advanced": 0, "trails_expert": 0, "trails_freeride": 0, "trails_extreme": 0, "gladed_terrain": "No", "snow_park": "No", "sledding_tubing": "No", "lift_types": "rope tow: 1", "resort_type": "downhill ski resort", "region": "asia/iran" }, "geometry": { "type": "Point", "coordinates": [ 49.309675, 33.802051 ] } },
{ "type": "Feature", "properties": { "winter_sports_id": 671228184, "winter_sports_type": "way", "name": "پیست اسکی افوس", "country": "Iran", "state": "Esfahan", "total_area_ha": 10.86, "total_area_acres": 27.0, "skiable_terrain_ha": 0.37, "skiable_terrain_acres": 1.0, "total_lifts": 1, "longest_lift_mi": 0.44, "downhill_trails": 1, "longest_trail_mi": 0.0, "avg_trail_mi": 0.0, "trails_novice": 0, "trails_easy": 1, "trails_intermediate": 0, "trails_advanced": 0, "trails_expert": 0, "trails_freeride": 0, "trails_extreme": 0, "gladed_terrain": "No", "snow_park": "No", "sledding_tubing": "No", "lift_types": "drag lift: 1", "resort_type": "downhill ski resort", "region": "asia/iran" }, "geometry": { "type": "Point", "coordinates": [ 50.06566, 33.000961 ] } },
{ "type": "Feature", "properties": { "winter_sports_id": 1037154887, "winter_sports_type": "way", "name": "مجموعه گردشگری سیبلند فیروزکوه", "country": "Iran", "state": "Tehran", "total_area_ha": 165.2, "total_area_acres": 408.0, "skiable_terrain_ha": 0.0, "skiable_terrain_acres": 0.0, "total_lifts": 1, "longest_lift_mi": 1.61, "downhill_trails": 0, "longest_trail_mi": 0.0, "avg_trail_mi": 0.0, "trails_novice": 0, "trails_easy": 0, "trails_intermediate": 0, "trails_advanced": 0, "trails_expert": 0, "trails_freeride": 0, "trails_extreme": 0, "gladed_terrain": "No", "snow_park": "No", "sledding_tubing": "No", "lift_types": "gondola: 1", "resort_type": "downhill ski resort", "region": "asia/iran" }, "geometry": { "type": "Point", "coordinates": [ 52.571973, 35.692161 ] } },
{ "type": "Feature", "properties": { "winter_sports_id": 1461835329, "winter_sports_type": "way", "name": "پیست اسکی تربیت بدنی فارس", "country": "Iran", "state": "Fars", "total_area_ha": 46.5, "total_area_acres": 115.0, "skiable_terrain_ha": 0.0, "skiable_terrain_acres": 0.0, "total_lifts": 1, "longest_lift_mi": 0.24, "downhill_trails": 0, "longest_trail_mi": 0.0, "avg_trail_mi": 0.0, "trails_novice": 0, "trails_easy": 0, "trails_intermediate": 0, "trails_advanced": 0, "trails_expert": 0, "trails_freeride": 0, "trails_extreme": 0, "gladed_terrain": "No", "snow_park": "No", "sledding_tubing": "No", "lift_types": "drag lift: 1", "resort_type": "downhill ski resort", "region": "asia/iran" }, "geometry": { "type": "Point", "coordinates": [ 51.961688, 30.302841 ] } },
{ "type": "Feature", "properties": { "winter_sports_id": 103278112, "winter_sports_type": "way", "name": "木曽福島スキー場", "country": "Japan", "state": "Nagano", "total_area_ha": 68.35, "total_area_acres": 169.0, "skiable_terrain_ha": 35.25, "skiable_terrain_acres": 87.0, "total_lifts": 4, "longest_lift_mi": 0.67, "downhill_trails": 11, "longest_trail_mi": 0.0, "avg_trail_mi": 0.0, "trails_novice": 0, "trails_easy": 4, "trails_intermediate": 2, "trails_advanced": 5, "trails_expert": 0, "trails_freeride": 0, "trails_extreme": 0, "gladed_terrain": "No", "snow_park": "No", "sledding_tubing": "No", "lift_types": "chair lift: 4", "resort_type": "downhill ski resort", "region": "asia/japan/chubu" }, "geometry": { "type": "Point", "coordinates": [ 137.676262, 35.94808 ] } },
{ "type": "Feature", "properties": { "winter_sports_id": 103280609, "winter_sports_type": "way", "name": "スターシュプール飛騨流葉スキー場", "country": "Japan", "state": "Gifu", "total_area_ha": 136.66, "total_area_acres": 338.0, "skiable_terrain_ha": 0.0, "skiable_terrain_acres": 0.0, "total_lifts": 6, "longest_lift_mi": 0.66, "downhill_trails": 0, "longest_trail_mi": 0.0, "avg_trail_mi": 0.0, "trails_novice": 0, "trails_easy": 0, "trails_intermediate": 0, "trails_advanced": 0, "trails_expert": 0, "trails_freeride": 0, "trails_extreme": 0, "gladed_terrain": "No", "snow_park": "No", "sledding_tubing": "No", "lift_types": "chair lift: 6", "resort_type": "downhill ski resort", "region": "asia/japan/chubu" }, "geometry": { "type": "Point", "coordinates": [ 137.236808, 36.316033 ] } },
{ "type": "Feature", "properties": { "winter_sports_id": 161410035, "winter_sports_type": "way", "name": "開田高原マイアスキー場", "country": "Japan", "state": "Nagano", "total_area_ha": 58.28, "total_area_acres": 144.0, "skiable_terrain_ha": 47.16, "skiable_terrain_acres": 117.0, "total_lifts": 3, "longest_lift_mi": 1.02, "downhill_trails": 5, "longest_trail_mi": 0.0, "avg_trail_mi": 0.0, "trails_novice": 0, "trails_easy": 2, "trails_intermediate": 3, "trails_advanced": 0, "trails_expert": 0, "trails_freeride": 0, "trails_extreme": 0, "gladed_terrain": "No", "snow_park": "No", "sledding_tubing": "No", "lift_types": "chair lift: 3", "resort_type": "downhill ski resort", "region": "asia/japan/chubu" }, "geometry": { "type": "Point", "coordinates": [ 137.514974, 35.928044 ] } },
{ "type": "Feature", "properties": { "winter_sports_id": 233173940, "winter_sports_type": "way", "name": "奥只見丸山スキー場", "country": "Japan", "state": "Fukushima", "total_area_ha": 61.63, "total_area_acres": 152.0, "skiable_terrain_ha": 35.28, "skiable_terrain_acres": 87.0, "total_lifts": 5, "longest_lift_mi": 0.49, "downhill_trails": 13, "longest_trail_mi": 0.0, "avg_trail_mi": 0.0, "trails_novice": 0, "trails_easy": 8, "trails_intermediate": 3, "trails_advanced": 2, "trails_expert": 0, "trails_freeride": 0, "trails_extreme": 0, "gladed_terrain": "No", "snow_park": "No", "sledding_tubing": "No", "lift_types": "chair lift: 5", "resort_type": "downhill ski resort", "region": "asia/japan/chubu" }, "geometry": { "type": "Point", "coordinates": [ 139.237315, 37.159517 ] } },
{ "type": "Feature", "properties": { "winter_sports_id": 257625735, "winter_sports_type": "way", "name": "ウィングヒルズ白鳥リゾート", "country": "Japan", "state": "Gifu", "total_area_ha": 111.32, "total_area_acres": 275.0, "skiable_terrain_ha": 78.08, "skiable_terrain_acres": 193.0, "total_lifts": 4, "longest_lift_mi": 1.36, "downhill_trails": 12, "longest_trail_mi": 0.0, "avg_trail_mi": 0.0, "trails_novice": 1, "trails_easy": 4, "trails_intermediate": 4, "trails_advanced": 3, "trails_expert": 0, "trails_freeride": 0, "trails_extreme": 0, "gladed_terrain": "No", "snow_park": "No", "sledding_tubing": "No", "lift_types": "chair lift: 3, gondola: 1", "resort_type": "downhill ski resort", "region": "asia/japan/chubu" }, "geometry": { "type": "Point", "coordinates": [ 136.810789, 35.973282 ] } },
{ "type": "Feature", "properties": { "winter_sports_id": 323049815, "winter_sports_type": "way", "name": "糸魚川シーサイドバレースキー場", "country": "Japan", "state": "Niigata", "total_area_ha": 103.55, "total_area_acres": 256.0, "skiable_terrain_ha": 58.32, "skiable_terrain_acres": 144.0, "total_lifts": 5, "longest_lift_mi": 0.79, "downhill_trails": 16, "longest_trail_mi": 0.0, "avg_trail_mi": 0.0, "trails_novice": 0, "trails_easy": 7, "trails_intermediate": 5, "trails_advanced": 4, "trails_expert": 0, "trails_freeride": 0, "trails_extreme": 0, "gladed_terrain": "No", "snow_park": "No", "sledding_tubing": "No", "lift_types": "chair lift: 5", "resort_type": "downhill ski resort", "region": "asia/japan/chubu" }, "geometry": { "type": "Point", "coordinates": [ 137.890974, 36.931445 ] } },
{ "type": "Feature", "properties": { "winter_sports_id": 324162841, "winter_sports_type": "way", "name": "爺ガ岳スキー場", "country": "Japan", "state": "Nagano", "total_area_ha": 38.05, "total_area_acres": 94.0, "skiable_terrain_ha": 22.95, "skiable_terrain_acres": 57.0, "total_lifts": 5, "longest_lift_mi": 0.51, "downhill_trails": 13, "longest_trail_mi": 0.0, "avg_trail_mi": 0.0, "trails_novice": 2, "trails_easy": 7, "trails_intermediate": 3, "trails_advanced": 0, "trails_expert": 0, "trails_freeride": 0, "trails_extreme": 0, "gladed_terrain": "No", "snow_park": "No", "sledding_tubing": "No", "lift_types": "chair lift: 4, magic carpet: 1", "resort_type": "downhill ski resort", "region": "asia/japan/chubu" }, "geometry": { "type": "Point", "coordinates": [ 137.798302, 36.560404 ] } },
{ "type": "Feature", "properties": { "winter_sports_id": 349679854, "winter_sports_type": "way", "name": "シャルマン火打", "country": "Japan", "state": "Niigata", "total_area_ha": 146.23, "total_area_acres": 361.0, "skiable_terrain_ha": 61.48, "skiable_terrain_acres": 152.0, "total_lifts": 3, "longest_lift_mi": 0.8, "downhill_trails": 15, "longest_trail_mi": 0.0, "avg_trail_mi": 0.0, "trails_novice": 0, "trails_easy": 4, "trails_intermediate": 6, "trails_advanced": 5, "trails_expert": 0, "trails_freeride": 0, "trails_extreme": 0, "gladed_terrain": "No", "snow_park": "No", "sledding_tubing": "No", "lift_types": "chair lift: 3", "resort_type": "downhill ski resort", "region": "asia/japan/chubu" }, "geometry": { "type": "Point", "coordinates": [ 138.069389, 36.998248 ] } },
{ "type": "Feature", "properties": { "winter_sports_id": 377436962, "winter_sports_type": "way", "name": "富士見高原スキー場", "country": "Japan", "state": "Nagano", "total_area_ha": 19.79, "total_area_acres": 49.0, "skiable_terrain_ha": 0.0, "skiable_terrain_acres": 0.0, "total_lifts": 2, "longest_lift_mi": 0.21, "downhill_trails": 0, "longest_trail_mi": 0.0, "avg_trail_mi": 0.0, "trails_novice": 0, "trails_easy": 0, "trails_intermediate": 0, "trails_advanced": 0, "trails_expert": 0, "trails_freeride": 0, "trails_extreme": 0, "gladed_terrain": "No", "snow_park": "No", "sledding_tubing": "No", "lift_types": "chair lift: 2", "resort_type": "downhill ski resort", "region": "asia/japan/chubu" }, "geometry": { "type": "Point", "coordinates": [ 138.309678, 35.919562 ] } },
{ "type": "Feature", "properties": { "winter_sports_id": 427537955, "winter_sports_type": "way", "name": "治部坂高原スキー場", "country": "Japan", "state": "Nagano", "total_area_ha": 10.33, "total_area_acres": 26.0, "skiable_terrain_ha": 12.96, "skiable_terrain_acres": 32.0, "total_lifts": 2, "longest_lift_mi": 0.39, "downhill_trails": 3, "longest_trail_mi": 0.0, "avg_trail_mi": 0.0, "trails_novice": 0, "trails_easy": 1, "trails_intermediate": 1, "trails_advanced": 0, "trails_expert": 0, "trails_freeride": 0, "trails_extreme": 0, "gladed_terrain": "No", "snow_park": "No", "sledding_tubing": "No", "lift_types": "chair lift: 2", "resort_type": "downhill ski resort", "region": "asia/japan/chubu" }, "geometry": { "type": "Point", "coordinates": [ 137.675309, 35.351632 ] } },
{ "type": "Feature", "properties": { "winter_sports_id": 427567327, "winter_sports_type": "way", "name": "あららぎスキー場", "country": "Japan", "state": "Nagano", "total_area_ha": 10.44, "total_area_acres": 26.0, "skiable_terrain_ha": 12.96, "skiable_terrain_acres": 32.0, "total_lifts": 2, "longest_lift_mi": 0.43, "downhill_trails": 5, "longest_trail_mi": 0.0, "avg_trail_mi": 0.0, "trails_novice": 0, "trails_easy": 3, "trails_intermediate": 1, "trails_advanced": 0, "trails_expert": 0, "trails_freeride": 0, "trails_extreme": 0, "gladed_terrain": "No", "snow_park": "No", "sledding_tubing": "No", "lift_types": "chair lift: 2", "resort_type": "downhill ski resort", "region": "asia/japan/chubu" }, "geometry": { "type": "Point", "coordinates": [ 137.671871, 35.403099 ] } },
{ "type": "Feature", "properties": { "winter_sports_id": 432881342, "winter_sports_type": "way", "name": "石打花岡スキー場", "country": "Japan", "state": "Niigata", "total_area_ha": 13.11, "total_area_acres": 32.0, "skiable_terrain_ha": 26.96, "skiable_terrain_acres": 67.0, "total_lifts": 6, "longest_lift_mi": 0.7, "downhill_trails": 20, "longest_trail_mi": 0.21, "avg_trail_mi": 0.09, "trails_novice": 0, "trails_easy": 5, "trails_intermediate": 9, "trails_advanced": 3, "trails_expert": 0, "trails_freeride": 0, "trails_extreme": 0, "gladed_terrain": "No", "snow_park": "No", "sledding_tubing": "No", "lift_types": "chair lift: 5, mixed lift: 1", "resort_type": "downhill ski resort", "region": "asia/japan/chubu" }, "geometry": { "type": "Point", "coordinates": [ 138.795334, 36.989881 ] } },
{ "type": "Feature", "properties": { "winter_sports_id": 449289364, "winter_sports_type": "way", "name": "ほうのき平スキー場", "country": "Japan", "state": "Gifu", "total_area_ha": 75.87, "total_area_acres": 187.0, "skiable_terrain_ha": 54.33, "skiable_terrain_acres": 134.0, "total_lifts": 5, "longest_lift_mi": 0.48, "downhill_trails": 16, "longest_trail_mi": 0.0, "avg_trail_mi": 0.0, "trails_novice": 1, "trails_easy": 4, "trails_intermediate": 6, "trails_advanced": 5, "trails_expert": 0, "trails_freeride": 0, "trails_extreme": 0, "gladed_terrain": "No", "snow_park": "No", "sledding_tubing": "No", "lift_types": "chair lift: 5", "resort_type": "downhill ski resort", "region": "asia/japan/chubu" }, "geometry": { "type": "Point", "coordinates": [ 137.49149, 36.169938 ] } },
{ "type": "Feature", "properties": { "winter_sports_id": 464023310, "winter_sports_type": "way", "name": "石打丸山スキー場", "country": "Japan", "state": "Niigata", "total_area_ha": 158.64, "total_area_acres": 392.0, "skiable_terrain_ha": 43.18, "skiable_terrain_acres": 107.0, "total_lifts": 16, "longest_lift_mi": 0.7, "downhill_trails": 51, "longest_trail_mi": 0.21, "avg_trail_mi": 0.05, "trails_novice": 4, "trails_easy": 18, "trails_intermediate": 10, "trails_advanced": 9, "trails_expert": 0, "trails_freeride": 0, "trails_extreme": 0, "gladed_terrain": "No", "snow_park": "No", "sledding_tubing": "No", "lift_types": "chair lift: 15, mixed lift: 1", "resort_type": "downhill ski resort", "region": "asia/japan/chubu" }, "geometry": { "type": "Point", "coordinates": [ 138.792207, 36.970727 ] } },
{ "type": "Feature", "properties": { "winter_sports_id": 521974831, "winter_sports_type": "way", "name": "八千穂高原スキー場", "country": "Japan", "state": "Nagano", "total_area_ha": 62.4, "total_area_acres": 154.0, "skiable_terrain_ha": 18.21, "skiable_terrain_acres": 45.0, "total_lifts": 4, "longest_lift_mi": 0.45, "downhill_trails": 7, "longest_trail_mi": 0.0, "avg_trail_mi": 0.0, "trails_novice": 0, "trails_easy": 3, "trails_intermediate": 2, "trails_advanced": 2, "trails_expert": 0, "trails_freeride": 0, "trails_extreme": 0, "gladed_terrain": "No", "snow_park": "No", "sledding_tubing": "No", "lift_types": "chair lift: 4", "resort_type": "downhill ski resort", "region": "asia/japan/chubu" }, "geometry": { "type": "Point", "coordinates": [ 138.375622, 36.06879 ] } },
{ "type": "Feature", "properties": { "winter_sports_id": 546849385, "winter_sports_type": "way", "name": "白馬乗鞍スキー場", "country": "Japan", "state": "Nagano", "total_area_ha": 187.26, "total_area_acres": 463.0, "skiable_terrain_ha": 102.2, "skiable_terrain_acres": 253.0, "total_lifts": 19, "longest_lift_mi": 0.73, "downhill_trails": 40, "longest_trail_mi": 0.06, "avg_trail_mi": 0.04, "trails_novice": 0, "trails_easy": 13, "trails_intermediate": 14, "trails_advanced": 9, "trails_expert": 1, "trails_freeride": 0, "trails_extreme": 0, "gladed_terrain": "No", "snow_park": "No", "sledding_tubing": "No", "lift_types": "chair lift: 19", "resort_type": "downhill ski resort", "region": "asia/japan/chubu" }, "geometry": { "type": "Point", "coordinates": [ 137.870402, 36.769527 ] } },
{ "type": "Feature", "properties": { "winter_sports_id": 560525661, "winter_sports_type": "way", "name": "サンメドウズ清里スキー場", "country": "Japan", "state": "Nagano", "total_area_ha": 65.58, "total_area_acres": 162.0, "skiable_terrain_ha": 31.28, "skiable_terrain_acres": 77.0, "total_lifts": 5, "longest_lift_mi": 0.67, "downhill_trails": 26, "longest_trail_mi": 0.0, "avg_trail_mi": 0.0, "trails_novice": 9, "trails_easy": 2, "trails_intermediate": 8, "trails_advanced": 4, "trails_expert": 0, "trails_freeride": 0, "trails_extreme": 0, "gladed_terrain": "No", "snow_park": "No", "sledding_tubing": "No", "lift_types": "chair lift: 3, platter: 2", "resort_type": "downhill ski resort", "region": "asia/japan/chubu" }, "geometry": { "type": "Point", "coordinates": [ 138.409201, 35.949457 ] } },
{ "type": "Feature", "properties": { "winter_sports_id": 562361272, "winter_sports_type": "way", "name": "となみ夢の平スキー場", "country": "Japan", "state": "Toyama", "total_area_ha": 16.04, "total_area_acres": 40.0, "skiable_terrain_ha": 6.72, "skiable_terrain_acres": 17.0, "total_lifts": 1, "longest_lift_mi": 0.52, "downhill_trails": 3, "longest_trail_mi": 0.0, "avg_trail_mi": 0.0, "trails_novice": 0, "trails_easy": 1, "trails_intermediate": 1, "trails_advanced": 1, "trails_expert": 0, "trails_freeride": 0, "trails_extreme": 0, "gladed_terrain": "No", "snow_park": "No", "sledding_tubing": "No", "lift_types": "chair lift: 1", "resort_type": "downhill ski resort", "region": "asia/japan/chubu" }, "geometry": { "type": "Point", "coordinates": [ 137.018948, 36.58413 ] } },
{ "type": "Feature", "properties": { "winter_sports_id": 626844179, "winter_sports_type": "way", "name": "八海山スキー場", "country": "Japan", "state": "Niigata", "total_area_ha": 109.77, "total_area_acres": 271.0, "skiable_terrain_ha": 45.1, "skiable_terrain_acres": 111.0, "total_lifts": 4, "longest_lift_mi": 1.31, "downhill_trails": 13, "longest_trail_mi": 0.0, "avg_trail_mi": 0.0, "trails_novice": 1, "trails_easy": 6, "trails_intermediate": 4, "trails_advanced": 2, "trails_expert": 0, "trails_freeride": 0, "trails_extreme": 0, "gladed_terrain": "No", "snow_park": "No", "sledding_tubing": "No", "lift_types": "cable car: 1, chair lift: 3", "resort_type": "downhill ski resort", "region": "asia/japan/chubu" }, "geometry": { "type": "Point", "coordinates": [ 138.984793, 37.116337 ] } },
{ "type": "Feature", "properties": { "winter_sports_id": 626857453, "winter_sports_type": "way", "name": "626857453", "country": "Japan", "state": "Niigata", "total_area_ha": 68.38, "total_area_acres": 169.0, "skiable_terrain_ha": 31.97, "skiable_terrain_acres": 79.0, "total_lifts": 6, "longest_lift_mi": 0.65, "downhill_trails": 9, "longest_trail_mi": 0.0, "avg_trail_mi": 0.0, "trails_novice": 0, "trails_easy": 4, "trails_intermediate": 5, "trails_advanced": 0, "trails_expert": 0, "trails_freeride": 0, "trails_extreme": 0, "gladed_terrain": "No", "snow_park": "No", "sledding_tubing": "No", "lift_types": "chair lift: 5, magic carpet: 1", "resort_type": "downhill ski resort", "region": "asia/japan/chubu" }, "geometry": { "type": "Point", "coordinates": [ 138.838484, 37.073066 ] } },
{ "type": "Feature", "properties": { "winter_sports_id": 664620348, "winter_sports_type": "way", "name": "車山高原SKYPARKスキー場", "country": "Japan", "state": "Nagano", "total_area_ha": 91.38, "total_area_acres": 226.0, "skiable_terrain_ha": 89.03, "skiable_terrain_acres": 220.0, "total_lifts": 15, "longest_lift_mi": 0.57, "downhill_trails": 29, "longest_trail_mi": 0.04, "avg_trail_mi": 0.04, "trails_novice": 0, "trails_easy": 11, "trails_intermediate": 10, "trails_advanced": 8, "trails_expert": 0, "trails_freeride": 0, "trails_extreme": 0, "gladed_terrain": "No", "snow_park": "No", "sledding_tubing": "No", "lift_types": "chair lift: 15", "resort_type": "downhill ski resort", "region": "asia/japan/chubu" }, "geometry": { "type": "Point", "coordinates": [ 138.206152, 36.104292 ] } },
{ "type": "Feature", "properties": { "winter_sports_id": 664629851, "winter_sports_type": "way", "name": "ブランシュたかやまスキー場", "country": "Japan", "state": "Nagano", "total_area_ha": 139.13, "total_area_acres": 344.0, "skiable_terrain_ha": 71.4, "skiable_terrain_acres": 176.0, "total_lifts": 10, "longest_lift_mi": 0.96, "downhill_trails": 25, "longest_trail_mi": 0.04, "avg_trail_mi": 0.03, "trails_novice": 0, "trails_easy": 13, "trails_intermediate": 8, "trails_advanced": 4, "trails_expert": 0, "trails_freeride": 0, "trails_extreme": 0, "gladed_terrain": "No", "snow_park": "No", "sledding_tubing": "No", "lift_types": "chair lift: 10", "resort_type": "downhill ski resort", "region": "asia/japan/chubu" }, "geometry": { "type": "Point", "coordinates": [ 138.198265, 36.136841 ] } },
{ "type": "Feature", "properties": { "winter_sports_id": 664629852, "winter_sports_type": "way", "name": "エコーバレー", "country": "Japan", "state": "Nagano", "total_area_ha": 59.77, "total_area_acres": 148.0, "skiable_terrain_ha": 136.41, "skiable_terrain_acres": 337.0, "total_lifts": 19, "longest_lift_mi": 0.66, "downhill_trails": 40, "longest_trail_mi": 0.04, "avg_trail_mi": 0.03, "trails_novice": 0, "trails_easy": 15, "trails_intermediate": 14, "trails_advanced": 11, "trails_expert": 0, "trails_freeride": 0, "trails_extreme": 0, "gladed_terrain": "No", "snow_park": "No", "sledding_tubing": "No", "lift_types": "chair lift: 19", "resort_type": "downhill ski resort", "region": "asia/japan/chubu" }, "geometry": { "type": "Point", "coordinates": [ 138.200701, 36.117947 ] } },
{ "type": "Feature", "properties": { "winter_sports_id": 664637989, "winter_sports_type": "way", "name": "白樺2in1スキー場", "country": "Japan", "state": "Nagano", "total_area_ha": 54.71, "total_area_acres": 135.0, "skiable_terrain_ha": 34.93, "skiable_terrain_acres": 86.0, "total_lifts": 7, "longest_lift_mi": 0.38, "downhill_trails": 19, "longest_trail_mi": 0.0, "avg_trail_mi": 0.0, "trails_novice": 0, "trails_easy": 7, "trails_intermediate": 6, "trails_advanced": 6, "trails_expert": 0, "trails_freeride": 0, "trails_extreme": 0, "gladed_terrain": "No", "snow_park": "No", "sledding_tubing": "No", "lift_types": "chair lift: 7", "resort_type": "downhill ski resort", "region": "asia/japan/chubu" }, "geometry": { "type": "Point", "coordinates": [ 138.259813, 36.095101 ] } },
{ "type": "Feature", "properties": { "winter_sports_id": 664637993, "winter_sports_type": "way", "name": "白樺湖ロイヤルヒルスキー場", "country": "Japan", "state": "Nagano", "total_area_ha": 53.72, "total_area_acres": 133.0, "skiable_terrain_ha": 31.79, "skiable_terrain_acres": 79.0, "total_lifts": 8, "longest_lift_mi": 0.46, "downhill_trails": 16, "longest_trail_mi": 0.0, "avg_trail_mi": 0.0, "trails_novice": 0, "trails_easy": 6, "trails_intermediate": 7, "trails_advanced": 3, "trails_expert": 0, "trails_freeride": 0, "trails_extreme": 0, "gladed_terrain": "No", "snow_park": "No", "sledding_tubing": "No", "lift_types": "chair lift: 8", "resort_type": "downhill ski resort", "region": "asia/japan/chubu" }, "geometry": { "type": "Point", "coordinates": [ 138.239256, 36.096716 ] } },
{ "type": "Feature", "properties": { "winter_sports_id": 664954071, "winter_sports_type": "way", "name": "白樺高原国際スキー場", "country": "Japan", "state": "Nagano", "total_area_ha": 58.36, "total_area_acres": 144.0, "skiable_terrain_ha": 41.41, "skiable_terrain_acres": 102.0, "total_lifts": 4, "longest_lift_mi": 0.74, "downhill_trails": 15, "longest_trail_mi": 0.0, "avg_trail_mi": 0.0, "trails_novice": 1, "trails_easy": 10, "trails_intermediate": 2, "trails_advanced": 2, "trails_expert": 0, "trails_freeride": 0, "trails_extreme": 0, "gladed_terrain": "No", "snow_park": "No", "sledding_tubing": "No", "lift_types": "chair lift: 2, gondola: 1, magic carpet: 1", "resort_type": "downhill ski resort", "region": "asia/japan/chubu" }, "geometry": { "type": "Point", "coordinates": [ 138.279469, 36.127314 ] } },
{ "type": "Feature", "properties": { "winter_sports_id": 679253285, "winter_sports_type": "way", "name": "舞子スノーリゾート", "country": "Japan", "state": "Niigata", "total_area_ha": 435.77, "total_area_acres": 1077.0, "skiable_terrain_ha": 94.32, "skiable_terrain_acres": 233.0, "total_lifts": 10, "longest_lift_mi": 1.65, "downhill_trails": 35, "longest_trail_mi": 0.05, "avg_trail_mi": 0.05, "trails_novice": 0, "trails_easy": 15, "trails_intermediate": 10, "trails_advanced": 6, "trails_expert": 0, "trails_freeride": 4, "trails_extreme": 0, "gladed_terrain": "No", "snow_park": "No", "sledding_tubing": "No", "lift_types": "chair lift: 9, gondola: 1", "resort_type": "downhill ski resort", "region": "asia/japan/chubu" }, "geometry": { "type": "Point", "coordinates": [ 138.835761, 36.974421 ] } },
{ "type": "Feature", "properties": { "winter_sports_id": 680041845, "winter_sports_type": "way", "name": "湯沢中里スキーリゾート", "country": "Japan", "state": "Niigata", "total_area_ha": 109.63, "total_area_acres": 271.0, "skiable_terrain_ha": 79.74, "skiable_terrain_acres": 197.0, "total_lifts": 18, "longest_lift_mi": 0.62, "downhill_trails": 30, "longest_trail_mi": 0.0, "avg_trail_mi": 0.0, "trails_novice": 5, "trails_easy": 12, "trails_intermediate": 8, "trails_advanced": 5, "trails_expert": 0, "trails_freeride": 0, "trails_extreme": 0, "gladed_terrain": "No", "snow_park": "No", "sledding_tubing": "No", "lift_types": "chair lift: 15, magic carpet: 3", "resort_type": "downhill ski resort", "region": "asia/japan/chubu" }, "geometry": { "type": "Point", "coordinates": [ 138.854669, 36.91174 ] } },
{ "type": "Feature", "properties": { "winter_sports_id": 680041863, "winter_sports_type": "way", "name": "中里スノーウッドスキー場", "country": "Japan", "state": "Niigata", "total_area_ha": 13.0, "total_area_acres": 32.0, "skiable_terrain_ha": 54.48, "skiable_terrain_acres": 135.0, "total_lifts": 12, "longest_lift_mi": 0.62, "downhill_trails": 19, "longest_trail_mi": 0.0, "avg_trail_mi": 0.0, "trails_novice": 1, "trails_easy": 9, "trails_intermediate": 4, "trails_advanced": 5, "trails_expert": 0, "trails_freeride": 0, "trails_extreme": 0, "gladed_terrain": "No", "snow_park": "No", "sledding_tubing": "No", "lift_types": "chair lift: 9, magic carpet: 3", "resort_type": "downhill ski resort", "region": "asia/japan/chubu" }, "geometry": { "type": "Point", "coordinates": [ 138.853483, 36.904077 ] } },
{ "type": "Feature", "properties": { "winter_sports_id": 680045685, "winter_sports_type": "way", "name": "岩原スキー場", "country": "Japan", "state": "Niigata", "total_area_ha": 221.98, "total_area_acres": 549.0, "skiable_terrain_ha": 50.14, "skiable_terrain_acres": 124.0, "total_lifts": 8, "longest_lift_mi": 0.73, "downhill_trails": 22, "longest_trail_mi": 0.07, "avg_trail_mi": 0.07, "trails_novice": 0, "trails_easy": 10, "trails_intermediate": 5, "trails_advanced": 4, "trails_expert": 0, "trails_freeride": 2, "trails_extreme": 0, "gladed_terrain": "No", "snow_park": "No", "sledding_tubing": "No", "lift_types": "chair lift: 8", "resort_type": "downhill ski resort", "region": "asia/japan/chubu" }, "geometry": { "type": "Point", "coordinates": [ 138.842157, 36.943849 ] } },
{ "type": "Feature", "properties": { "winter_sports_id": 682257431, "winter_sports_type": "way", "name": "みつまたエリア", "country": "Japan", "state": "Niigata", "total_area_ha": 93.49, "total_area_acres": 231.0, "skiable_terrain_ha": 22.3, "skiable_terrain_acres": 55.0, "total_lifts": 5, "longest_lift_mi": 0.64, "downhill_trails": 8, "longest_trail_mi": 0.0, "avg_trail_mi": 0.0, "trails_novice": 0, "trails_easy": 4, "trails_intermediate": 3, "trails_advanced": 1, "trails_expert": 0, "trails_freeride": 0, "trails_extreme": 0, "gladed_terrain": "No", "snow_park": "No", "sledding_tubing": "No", "lift_types": "cable car: 1, chair lift: 4", "resort_type": "downhill ski resort", "region": "asia/japan/chubu" }, "geometry": { "type": "Point", "coordinates": [ 138.763515, 36.892535 ] } },
{ "type": "Feature", "properties": { "winter_sports_id": 682257432, "winter_sports_type": "way", "name": "かぐらエリア", "country": "Japan", "state": "Niigata", "total_area_ha": 415.0, "total_area_acres": 1025.0, "skiable_terrain_ha": 113.28, "skiable_terrain_acres": 280.0, "total_lifts": 6, "longest_lift_mi": 1.91, "downhill_trails": 22, "longest_trail_mi": 0.0, "avg_trail_mi": 0.0, "trails_novice": 0, "trails_easy": 10, "trails_intermediate": 5, "trails_advanced": 6, "trails_expert": 0, "trails_freeride": 1, "trails_extreme": 0, "gladed_terrain": "No", "snow_park": "No", "sledding_tubing": "No", "lift_types": "chair lift: 5, gondola: 1", "resort_type": "downhill ski resort", "region": "asia/japan/chubu" }, "geometry": { "type": "Point", "coordinates": [ 138.733978, 36.872158 ] } },
{ "type": "Feature", "properties": { "winter_sports_id": 682257433, "winter_sports_type": "way", "name": "田代エリア", "country": "Japan", "state": "Niigata", "total_area_ha": 368.18, "total_area_acres": 910.0, "skiable_terrain_ha": 78.73, "skiable_terrain_acres": 195.0, "total_lifts": 8, "longest_lift_mi": 0.85, "downhill_trails": 34, "longest_trail_mi": 0.0, "avg_trail_mi": 0.0, "trails_novice": 0, "trails_easy": 23, "trails_intermediate": 5, "trails_advanced": 5, "trails_expert": 0, "trails_freeride": 1, "trails_extreme": 0, "gladed_terrain": "No", "snow_park": "No", "sledding_tubing": "No", "lift_types": "chair lift: 8", "resort_type": "downhill ski resort", "region": "asia/japan/chubu" }, "geometry": { "type": "Point", "coordinates": [ 138.735368, 36.84874 ] } },
{ "type": "Feature", "properties": { "winter_sports_id": 771665618, "winter_sports_type": "way", "name": "白馬五竜", "country": "Japan", "state": "Nagano", "total_area_ha": 137.78, "total_area_acres": 340.0, "skiable_terrain_ha": 115.18, "skiable_terrain_acres": 285.0, "total_lifts": 17, "longest_lift_mi": 1.13, "downhill_trails": 31, "longest_trail_mi": 0.0, "avg_trail_mi": 0.0, "trails_novice": 1, "trails_easy": 13, "trails_intermediate": 11, "trails_advanced": 3, "trails_expert": 3, "trails_freeride": 0, "trails_extreme": 0, "gladed_terrain": "No", "snow_park": "No", "sledding_tubing": "No", "lift_types": "chair lift: 15, gondola: 2", "resort_type": "downhill ski resort", "region": "asia/japan/chubu" }, "geometry": { "type": "Point", "coordinates": [ 137.825219, 36.664514 ] } },
{ "type": "Feature", "properties": { "winter_sports_id": 771665619, "winter_sports_type": "way", "name": "白馬47", "country": "Japan", "state": "Nagano", "total_area_ha": 175.06, "total_area_acres": 433.0, "skiable_terrain_ha": 120.83, "skiable_terrain_acres": 299.0, "total_lifts": 17, "longest_lift_mi": 1.13, "downhill_trails": 32, "longest_trail_mi": 0.0, "avg_trail_mi": 0.0, "trails_novice": 1, "trails_easy": 14, "trails_intermediate": 11, "trails_advanced": 3, "trails_expert": 3, "trails_freeride": 0, "trails_extreme": 0, "gladed_terrain": "No", "snow_park": "No", "sledding_tubing": "No", "lift_types": "chair lift: 15, gondola: 2", "resort_type": "downhill ski resort", "region": "asia/japan/chubu" }, "geometry": { "type": "Point", "coordinates": [ 137.821662, 36.672183 ] } },
{ "type": "Feature", "properties": { "winter_sports_id": 771668333, "winter_sports_type": "way", "name": "白馬八方尾根", "country": "Japan", "state": "Nagano", "total_area_ha": 430.82, "total_area_acres": 1065.0, "skiable_terrain_ha": 151.52, "skiable_terrain_acres": 374.0, "total_lifts": 22, "longest_lift_mi": 1.2, "downhill_trails": 42, "longest_trail_mi": 0.01, "avg_trail_mi": 0.01, "trails_novice": 0, "trails_easy": 15, "trails_intermediate": 15, "trails_advanced": 7, "trails_expert": 4, "trails_freeride": 0, "trails_extreme": 0, "gladed_terrain": "No", "snow_park": "No", "sledding_tubing": "No", "lift_types": "chair lift: 21, gondola: 1", "resort_type": "downhill ski resort", "region": "asia/japan/chubu" }, "geometry": { "type": "Point", "coordinates": [ 137.818955, 36.703685 ] } },
{ "type": "Feature", "properties": { "winter_sports_id": 773558919, "winter_sports_type": "way", "name": "白馬コルチナ", "country": "Japan", "state": "Nagano", "total_area_ha": 243.35, "total_area_acres": 601.0, "skiable_terrain_ha": 83.52, "skiable_terrain_acres": 206.0, "total_lifts": 14, "longest_lift_mi": 0.69, "downhill_trails": 36, "longest_trail_mi": 0.06, "avg_trail_mi": 0.04, "trails_novice": 0, "trails_easy": 12, "trails_intermediate": 13, "trails_advanced": 8, "trails_expert": 1, "trails_freeride": 0, "trails_extreme": 0, "gladed_terrain": "No", "snow_park": "No", "sledding_tubing": "No", "lift_types": "chair lift: 14", "resort_type": "downhill ski resort", "region": "asia/japan/chubu" }, "geometry": { "type": "Point", "coordinates": [ 137.881863, 36.778729 ] } },
{ "type": "Feature", "properties": { "winter_sports_id": 773558920, "winter_sports_type": "way", "name": "栂池高原", "country": "Japan", "state": "Nagano", "total_area_ha": 391.79, "total_area_acres": 968.0, "skiable_terrain_ha": 119.17, "skiable_terrain_acres": 294.0, "total_lifts": 16, "longest_lift_mi": 2.47, "downhill_trails": 39, "longest_trail_mi": 0.16, "avg_trail_mi": 0.16, "trails_novice": 0, "trails_easy": 17, "trails_intermediate": 13, "trails_advanced": 4, "trails_expert": 0, "trails_freeride": 0, "trails_extreme": 0, "gladed_terrain": "No", "snow_park": "No", "sledding_tubing": "No", "lift_types": "chair lift: 15, gondola: 1", "resort_type": "downhill ski resort", "region": "asia/japan/chubu" }, "geometry": { "type": "Point", "coordinates": [ 137.850739, 36.755229 ] } },
{ "type": "Feature", "properties": { "winter_sports_id": 773558921, "winter_sports_type": "way", "name": "白馬白馬岩岳", "country": "Japan", "state": "Nagano", "total_area_ha": 215.79, "total_area_acres": 533.0, "skiable_terrain_ha": 132.13, "skiable_terrain_acres": 326.0, "total_lifts": 9, "longest_lift_mi": 1.28, "downhill_trails": 33, "longest_trail_mi": 0.04, "avg_trail_mi": 0.04, "trails_novice": 0, "trails_easy": 11, "trails_intermediate": 11, "trails_advanced": 11, "trails_expert": 0, "trails_freeride": 0, "trails_extreme": 0, "gladed_terrain": "No", "snow_park": "No", "sledding_tubing": "No", "lift_types": "chair lift: 8, gondola: 1", "resort_type": "downhill ski resort", "region": "asia/japan/chubu" }, "geometry": { "type": "Point", "coordinates": [ 137.845392, 36.72437 ] } },
{ "type": "Feature", "properties": { "winter_sports_id": 905325284, "winter_sports_type": "way", "name": "冬鳥越スキーガーデン", "country": "Japan", "state": "Niigata", "total_area_ha": 4.67, "total_area_acres": 12.0, "skiable_terrain_ha": 1.28, "skiable_terrain_acres": 3.0, "total_lifts": 1, "longest_lift_mi": 0.12, "downhill_trails": 1, "longest_trail_mi": 0.0, "avg_trail_mi": 0.0, "trails_novice": 0, "trails_easy": 0, "trails_intermediate": 0, "trails_advanced": 0, "trails_expert": 0, "trails_freeride": 0, "trails_extreme": 0, "gladed_terrain": "No", "snow_park": "No", "sledding_tubing": "No", "lift_types": "j-bar: 1", "resort_type": "downhill ski resort", "region": "asia/japan/chubu" }, "geometry": { "type": "Point", "coordinates": [ 139.118625, 37.64139 ] } },
{ "type": "Feature", "properties": { "winter_sports_id": 914531708, "winter_sports_type": "way", "name": "プレジデントリゾート軽井沢　軽井沢スノーパーク", "country": "Japan", "state": "Gunma", "total_area_ha": 21.63, "total_area_acres": 53.0, "skiable_terrain_ha": 14.29, "skiable_terrain_acres": 35.0, "total_lifts": 3, "longest_lift_mi": 0.27, "downhill_trails": 6, "longest_trail_mi": 0.0, "avg_trail_mi": 0.0, "trails_novice": 0, "trails_easy": 3, "trails_intermediate": 2, "trails_advanced": 1, "trails_expert": 0, "trails_freeride": 0, "trails_extreme": 0, "gladed_terrain": "No", "snow_park": "No", "sledding_tubing": "No", "lift_types": "chair lift: 3", "resort_type": "downhill ski resort", "region": "asia/japan/chubu" }, "geometry": { "type": "Point", "coordinates": [ 138.626998, 36.421069 ] } },
{ "type": "Feature", "properties": { "winter_sports_id": 936978931, "winter_sports_type": "way", "name": "白馬さのさか", "country": "Japan", "state": "Nagano", "total_area_ha": 80.51, "total_area_acres": 199.0, "skiable_terrain_ha": 22.64, "skiable_terrain_acres": 56.0, "total_lifts": 4, "longest_lift_mi": 0.59, "downhill_trails": 10, "longest_trail_mi": 0.0, "avg_trail_mi": 0.0, "trails_novice": 0, "trails_easy": 2, "trails_intermediate": 5, "trails_advanced": 3, "trails_expert": 0, "trails_freeride": 0, "trails_extreme": 0, "gladed_terrain": "No", "snow_park": "No", "sledding_tubing": "No", "lift_types": "chair lift: 4", "resort_type": "downhill ski resort", "region": "asia/japan/chubu" }, "geometry": { "type": "Point", "coordinates": [ 137.836522, 36.622995 ] } },
{ "type": "Feature", "properties": { "winter_sports_id": 936980547, "winter_sports_type": "way", "name": "鹿島槍スキー場", "country": "Japan", "state": "Nagano", "total_area_ha": 120.32, "total_area_acres": 297.0, "skiable_terrain_ha": 38.45, "skiable_terrain_acres": 95.0, "total_lifts": 5, "longest_lift_mi": 0.57, "downhill_trails": 15, "longest_trail_mi": 0.0, "avg_trail_mi": 0.0, "trails_novice": 0, "trails_easy": 5, "trails_intermediate": 7, "trails_advanced": 3, "trails_expert": 0, "trails_freeride": 0, "trails_extreme": 0, "gladed_terrain": "No", "snow_park": "No", "sledding_tubing": "No", "lift_types": "chair lift: 5", "resort_type": "downhill ski resort", "region": "asia/japan/chubu" }, "geometry": { "type": "Point", "coordinates": [ 137.829214, 36.600855 ] } },
{ "type": "Feature", "properties": { "winter_sports_id": 936983347, "winter_sports_type": "way", "name": "戸隠スキー場", "country": "Japan", "state": "Nagano", "total_area_ha": 225.52, "total_area_acres": 557.0, "skiable_terrain_ha": 62.84, "skiable_terrain_acres": 155.0, "total_lifts": 7, "longest_lift_mi": 0.69, "downhill_trails": 25, "longest_trail_mi": 0.0, "avg_trail_mi": 0.0, "trails_novice": 0, "trails_easy": 6, "trails_intermediate": 13, "trails_advanced": 6, "trails_expert": 0, "trails_freeride": 0, "trails_extreme": 0, "gladed_terrain": "No", "snow_park": "No", "sledding_tubing": "No", "lift_types": "chair lift: 7", "resort_type": "downhill ski resort", "region": "asia/japan/chubu" }, "geometry": { "type": "Point", "coordinates": [ 138.105212, 36.747896 ] } },
{ "type": "Feature", "properties": { "winter_sports_id": 936983829, "winter_sports_type": "way", "name": "いいづなリゾートスキー場", "country": "Japan", "state": "Nagano", "total_area_ha": 89.97, "total_area_acres": 222.0, "skiable_terrain_ha": 25.38, "skiable_terrain_acres": 63.0, "total_lifts": 3, "longest_lift_mi": 1.05, "downhill_trails": 14, "longest_trail_mi": 0.0, "avg_trail_mi": 0.0, "trails_novice": 0, "trails_easy": 6, "trails_intermediate": 5, "trails_advanced": 3, "trails_expert": 0, "trails_freeride": 0, "trails_extreme": 0, "gladed_terrain": "No", "snow_park": "No", "sledding_tubing": "No", "lift_types": "chair lift: 3", "resort_type": "downhill ski resort", "region": "asia/japan/chubu" }, "geometry": { "type": "Point", "coordinates": [ 138.159414, 36.741275 ] } },
{ "type": "Feature", "properties": { "winter_sports_id": 937080875, "winter_sports_type": "way", "name": "黒姫高原スノーパーク", "country": "Japan", "state": "Nagano", "total_area_ha": 107.3, "total_area_acres": 265.0, "skiable_terrain_ha": 27.01, "skiable_terrain_acres": 67.0, "total_lifts": 6, "longest_lift_mi": 0.56, "downhill_trails": 12, "longest_trail_mi": 0.0, "avg_trail_mi": 0.0, "trails_novice": 1, "trails_easy": 4, "trails_intermediate": 4, "trails_advanced": 3, "trails_expert": 0, "trails_freeride": 0, "trails_extreme": 0, "gladed_terrain": "No", "snow_park": "No", "sledding_tubing": "No", "lift_types": "chair lift: 6", "resort_type": "downhill ski resort", "region": "asia/japan/chubu" }, "geometry": { "type": "Point", "coordinates": [ 138.158765, 36.825025 ] } },
{ "type": "Feature", "properties": { "winter_sports_id": 937086872, "winter_sports_type": "way", "name": "妙高杉ノ原スキー場", "country": "Japan", "state": "Niigata", "total_area_ha": 466.24, "total_area_acres": 1152.0, "skiable_terrain_ha": 181.74, "skiable_terrain_acres": 449.0, "total_lifts": 6, "longest_lift_mi": 1.86, "downhill_trails": 25, "longest_trail_mi": 0.0, "avg_trail_mi": 0.0, "trails_novice": 0, "trails_easy": 9, "trails_intermediate": 11, "trails_advanced": 5, "trails_expert": 0, "trails_freeride": 0, "trails_extreme": 0, "gladed_terrain": "No", "snow_park": "No", "sledding_tubing": "No", "lift_types": "chair lift: 5, gondola: 1", "resort_type": "downhill ski resort", "region": "asia/japan/chubu" }, "geometry": { "type": "Point", "coordinates": [ 138.137148, 36.863463 ] } },
{ "type": "Feature", "properties": { "winter_sports_id": 937086873, "winter_sports_type": "way", "name": "池の平温泉スキー場", "country": "Japan", "state": "Niigata", "total_area_ha": 144.84, "total_area_acres": 358.0, "skiable_terrain_ha": 129.51, "skiable_terrain_acres": 320.0, "total_lifts": 11, "longest_lift_mi": 1.86, "downhill_trails": 27, "longest_trail_mi": 0.0, "avg_trail_mi": 0.0, "trails_novice": 0, "trails_easy": 13, "trails_intermediate": 11, "trails_advanced": 3, "trails_expert": 0, "trails_freeride": 0, "trails_extreme": 0, "gladed_terrain": "No", "snow_park": "No", "sledding_tubing": "No", "lift_types": "chair lift: 9, gondola: 2", "resort_type": "downhill ski resort", "region": "asia/japan/chubu" }, "geometry": { "type": "Point", "coordinates": [ 138.155528, 36.873552 ] } },
{ "type": "Feature", "properties": { "winter_sports_id": 937100226, "winter_sports_type": "way", "name": "赤倉観光リゾートスキー場", "country": "Japan", "state": "Niigata", "total_area_ha": 254.1, "total_area_acres": 628.0, "skiable_terrain_ha": 160.25, "skiable_terrain_acres": 396.0, "total_lifts": 27, "longest_lift_mi": 1.56, "downhill_trails": 51, "longest_trail_mi": 0.0, "avg_trail_mi": 0.0, "trails_novice": 0, "trails_easy": 27, "trails_intermediate": 17, "trails_advanced": 7, "trails_expert": 0, "trails_freeride": 0, "trails_extreme": 0, "gladed_terrain": "No", "snow_park": "No", "sledding_tubing": "No", "lift_types": "chair lift: 26, gondola: 1", "resort_type": "downhill ski resort", "region": "asia/japan/chubu" }, "geometry": { "type": "Point", "coordinates": [ 138.159588, 36.890205 ] } },
{ "type": "Feature", "properties": { "winter_sports_id": 937100227, "winter_sports_type": "way", "name": "赤倉温泉スキー場", "country": "Japan", "state": "Niigata", "total_area_ha": 164.8, "total_area_acres": 407.0, "skiable_terrain_ha": 126.22, "skiable_terrain_acres": 312.0, "total_lifts": 25, "longest_lift_mi": 1.56, "downhill_trails": 49, "longest_trail_mi": 0.0, "avg_trail_mi": 0.0, "trails_novice": 0, "trails_easy": 30, "trails_intermediate": 13, "trails_advanced": 6, "trails_expert": 0, "trails_freeride": 0, "trails_extreme": 0, "gladed_terrain": "No", "snow_park": "No", "sledding_tubing": "No", "lift_types": "chair lift: 24, gondola: 1", "resort_type": "downhill ski resort", "region": "asia/japan/chubu" }, "geometry": { "type": "Point", "coordinates": [ 138.169182, 36.896406 ] } },
{ "type": "Feature", "properties": { "winter_sports_id": 937100228, "winter_sports_type": "way", "name": "関温泉スキー場", "country": "Japan", "state": "Niigata", "total_area_ha": 44.85, "total_area_acres": 111.0, "skiable_terrain_ha": 127.25, "skiable_terrain_acres": 314.0, "total_lifts": 22, "longest_lift_mi": 0.84, "downhill_trails": 46, "longest_trail_mi": 0.0, "avg_trail_mi": 0.0, "trails_novice": 0, "trails_easy": 26, "trails_intermediate": 13, "trails_advanced": 7, "trails_expert": 0, "trails_freeride": 0, "trails_extreme": 0, "gladed_terrain": "No", "snow_park": "No", "sledding_tubing": "No", "lift_types": "chair lift: 22", "resort_type": "downhill ski resort", "region": "asia/japan/chubu" }, "geometry": { "type": "Point", "coordinates": [ 138.157214, 36.905787 ] } },
{ "type": "Feature", "properties": { "winter_sports_id": 937100229, "winter_sports_type": "way", "name": "休暇村妙高 ルンルンスキー場", "country": "Japan", "state": "Niigata", "total_area_ha": 35.71, "total_area_acres": 88.0, "skiable_terrain_ha": 77.16, "skiable_terrain_acres": 191.0, "total_lifts": 19, "longest_lift_mi": 0.84, "downhill_trails": 40, "longest_trail_mi": 0.0, "avg_trail_mi": 0.0, "trails_novice": 0, "trails_easy": 27, "trails_intermediate": 9, "trails_advanced": 4, "trails_expert": 0, "trails_freeride": 0, "trails_extreme": 0, "gladed_terrain": "No", "snow_park": "No", "sledding_tubing": "No", "lift_types": "chair lift: 19", "resort_type": "downhill ski resort", "region": "asia/japan/chubu" }, "geometry": { "type": "Point", "coordinates": [ 138.169945, 36.910408 ] } },
{ "type": "Feature", "properties": { "winter_sports_id": 937101624, "winter_sports_type": "way", "name": "アライスノーリゾート", "country": "Japan", "state": "Niigata", "total_area_ha": 383.38, "total_area_acres": 947.0, "skiable_terrain_ha": 31.76, "skiable_terrain_acres": 78.0, "total_lifts": 4, "longest_lift_mi": 1.75, "downhill_trails": 6, "longest_trail_mi": 0.0, "avg_trail_mi": 0.0, "trails_novice": 0, "trails_easy": 1, "trails_intermediate": 5, "trails_advanced": 0, "trails_expert": 0, "trails_freeride": 0, "trails_extreme": 0, "gladed_terrain": "No", "snow_park": "No", "sledding_tubing": "No", "lift_types": "chair lift: 3, gondola: 1", "resort_type": "downhill ski resort", "region": "asia/japan/chubu" }, "geometry": { "type": "Point", "coordinates": [ 138.157045, 36.989481 ] } },
{ "type": "Feature", "properties": { "winter_sports_id": 937371922, "winter_sports_type": "way", "name": "聖高原スキー場", "country": "Japan", "state": "Nagano", "total_area_ha": 6.95, "total_area_acres": 17.0, "skiable_terrain_ha": 5.5, "skiable_terrain_acres": 14.0, "total_lifts": 1, "longest_lift_mi": 0.18, "downhill_trails": 3, "longest_trail_mi": 0.0, "avg_trail_mi": 0.0, "trails_novice": 0, "trails_easy": 1, "trails_intermediate": 1, "trails_advanced": 1, "trails_expert": 0, "trails_freeride": 0, "trails_extreme": 0, "gladed_terrain": "No", "snow_park": "No", "sledding_tubing": "No", "lift_types": "chair lift: 1", "resort_type": "downhill ski resort", "region": "asia/japan/chubu" }, "geometry": { "type": "Point", "coordinates": [ 138.072966, 36.48701 ] } },
{ "type": "Feature", "properties": { "winter_sports_id": 937384804, "winter_sports_type": "way", "name": "奥志賀高原スキー場", "country": "Japan", "state": "Nagano", "total_area_ha": 190.71, "total_area_acres": 471.0, "skiable_terrain_ha": 98.35, "skiable_terrain_acres": 243.0, "total_lifts": 9, "longest_lift_mi": 1.29, "downhill_trails": 54, "longest_trail_mi": 0.48, "avg_trail_mi": 0.1, "trails_novice": 0, "trails_easy": 16, "trails_intermediate": 18, "trails_advanced": 9, "trails_expert": 2, "trails_freeride": 0, "trails_extreme": 0, "gladed_terrain": "No", "snow_park": "No", "sledding_tubing": "No", "lift_types": "chair lift: 6, gondola: 3", "resort_type": "downhill ski resort", "region": "asia/japan/chubu" }, "geometry": { "type": "Point", "coordinates": [ 138.522841, 36.770679 ] } },
{ "type": "Feature", "properties": { "winter_sports_id": 937384805, "winter_sports_type": "way", "name": "志賀高原 焼額山スキー場", "country": "Japan", "state": "Nagano", "total_area_ha": 396.24, "total_area_acres": 979.0, "skiable_terrain_ha": 187.66, "skiable_terrain_acres": 464.0, "total_lifts": 15, "longest_lift_mi": 1.29, "downhill_trails": 71, "longest_trail_mi": 0.48, "avg_trail_mi": 0.11, "trails_novice": 0, "trails_easy": 20, "trails_intermediate": 26, "trails_advanced": 9, "trails_expert": 1, "trails_freeride": 0, "trails_extreme": 0, "gladed_terrain": "No", "snow_park": "No", "sledding_tubing": "No", "lift_types": "chair lift: 12, gondola: 3", "resort_type": "downhill ski resort", "region": "asia/japan/chubu" }, "geometry": { "type": "Point", "coordinates": [ 138.51977, 36.752601 ] } },
{ "type": "Feature", "properties": { "winter_sports_id": 937384806, "winter_sports_type": "way", "name": "志賀高原 一の瀬山の神スキー場", "country": "Japan", "state": "Nagano", "total_area_ha": 27.65, "total_area_acres": 68.0, "skiable_terrain_ha": 228.17, "skiable_terrain_acres": 564.0, "total_lifts": 20, "longest_lift_mi": 1.29, "downhill_trails": 82, "longest_trail_mi": 0.48, "avg_trail_mi": 0.07, "trails_novice": 0, "trails_easy": 27, "trails_intermediate": 27, "trails_advanced": 7, "trails_expert": 1, "trails_freeride": 0, "trails_extreme": 0, "gladed_terrain": "No", "snow_park": "No", "sledding_tubing": "No", "lift_types": "chair lift: 17, gondola: 3", "resort_type": "downhill ski resort", "region": "asia/japan/chubu" }, "geometry": { "type": "Point", "coordinates": [ 138.509791, 36.74339 ] } },
{ "type": "Feature", "properties": { "winter_sports_id": 937384807, "winter_sports_type": "way", "name": "志賀高原 一の瀬ダイヤモンドスキー場", "country": "Japan", "state": "Nagano", "total_area_ha": 17.06, "total_area_acres": 42.0, "skiable_terrain_ha": 244.41, "skiable_terrain_acres": 604.0, "total_lifts": 21, "longest_lift_mi": 1.29, "downhill_trails": 91, "longest_trail_mi": 0.48, "avg_trail_mi": 0.06, "trails_novice": 0, "trails_easy": 32, "trails_intermediate": 24, "trails_advanced": 7, "trails_expert": 1, "trails_freeride": 0, "trails_extreme": 0, "gladed_terrain": "No", "snow_park": "No", "sledding_tubing": "No", "lift_types": "chair lift: 18, gondola: 3", "resort_type": "downhill ski resort", "region": "asia/japan/chubu" }, "geometry": { "type": "Point", "coordinates": [ 138.509858, 36.739364 ] } },
{ "type": "Feature", "properties": { "winter_sports_id": 937384808, "winter_sports_type": "way", "name": "志賀高原 一の瀬ファミリースキー場", "country": "Japan", "state": "Nagano", "total_area_ha": 72.11, "total_area_acres": 178.0, "skiable_terrain_ha": 232.55, "skiable_terrain_acres": 575.0, "total_lifts": 20, "longest_lift_mi": 1.29, "downhill_trails": 82, "longest_trail_mi": 0.04, "avg_trail_mi": 0.01, "trails_novice": 0, "trails_easy": 30, "trails_intermediate": 23, "trails_advanced": 4, "trails_expert": 0, "trails_freeride": 0, "trails_extreme": 0, "gladed_terrain": "No", "snow_park": "No", "sledding_tubing": "No", "lift_types": "chair lift: 18, gondola: 2", "resort_type": "downhill ski resort", "region": "asia/japan/chubu" }, "geometry": { "type": "Point", "coordinates": [ 138.520219, 36.736183 ] } },
{ "type": "Feature", "properties": { "winter_sports_id": 937384809, "winter_sports_type": "way", "name": "志賀高原 タンネの森 オコジョスキー場", "country": "Japan", "state": "Nagano", "total_area_ha": 19.68, "total_area_acres": 49.0, "skiable_terrain_ha": 227.99, "skiable_terrain_acres": 563.0, "total_lifts": 20, "longest_lift_mi": 0.79, "downhill_trails": 85, "longest_trail_mi": 0.04, "avg_trail_mi": 0.01, "trails_novice": 0, "trails_easy": 31, "trails_intermediate": 23, "trails_advanced": 4, "trails_expert": 0, "trails_freeride": 0, "trails_extreme": 0, "gladed_terrain": "No", "snow_park": "No", "sledding_tubing": "No", "lift_types": "chair lift: 18, gondola: 2", "resort_type": "downhill ski resort", "region": "asia/japan/chubu" }, "geometry": { "type": "Point", "coordinates": [ 138.515282, 36.733025 ] } },
{ "type": "Feature", "properties": { "winter_sports_id": 937384810, "winter_sports_type": "way", "name": "志賀高原 高天ヶ原マンモススキー場", "country": "Japan", "state": "Nagano", "total_area_ha": 31.68, "total_area_acres": 78.0, "skiable_terrain_ha": 201.43, "skiable_terrain_acres": 498.0, "total_lifts": 19, "longest_lift_mi": 0.79, "downhill_trails": 80, "longest_trail_mi": 0.02, "avg_trail_mi": 0.01, "trails_novice": 0, "trails_easy": 28, "trails_intermediate": 22, "trails_advanced": 3, "trails_expert": 0, "trails_freeride": 0, "trails_extreme": 0, "gladed_terrain": "No", "snow_park": "No", "sledding_tubing": "No", "lift_types": "chair lift: 17, gondola: 2", "resort_type": "downhill ski resort", "region": "asia/japan/chubu" }, "geometry": { "type": "Point", "coordinates": [ 138.514892, 36.730453 ] } },
{ "type": "Feature", "properties": { "winter_sports_id": 937384811, "winter_sports_type": "way", "name": "志賀高原 西館山スキー場", "country": "Japan", "state": "Nagano", "total_area_ha": 54.69, "total_area_acres": 135.0, "skiable_terrain_ha": 145.48, "skiable_terrain_acres": 359.0, "total_lifts": 23, "longest_lift_mi": 0.79, "downhill_trails": 86, "longest_trail_mi": 0.02, "avg_trail_mi": 0.01, "trails_novice": 0, "trails_easy": 38, "trails_intermediate": 20, "trails_advanced": 4, "trails_expert": 0, "trails_freeride": 0, "trails_extreme": 0, "gladed_terrain": "No", "snow_park": "No", "sledding_tubing": "No", "lift_types": "chair lift: 19, drag lift: 1, gondola: 3", "resort_type": "downhill ski resort", "region": "asia/japan/chubu" }, "geometry": { "type": "Point", "coordinates": [ 138.502058, 36.727466 ] } },
{ "type": "Feature", "properties": { "winter_sports_id": 937398568, "winter_sports_type": "way", "name": "志賀高原 サンバレースキー場", "country": "Japan", "state": "Nagano", "total_area_ha": 14.15, "total_area_acres": 35.0, "skiable_terrain_ha": 28.28, "skiable_terrain_acres": 70.0, "total_lifts": 9, "longest_lift_mi": 0.62, "downhill_trails": 33, "longest_trail_mi": 0.0, "avg_trail_mi": 0.0, "trails_novice": 0, "trails_easy": 20, "trails_intermediate": 6, "trails_advanced": 3, "trails_expert": 0, "trails_freeride": 0, "trails_extreme": 0, "gladed_terrain": "No", "snow_park": "No", "sledding_tubing": "No", "lift_types": "chair lift: 6, drag lift: 1, gondola: 2", "resort_type": "downhill ski resort", "region": "asia/japan/chubu" }, "geometry": { "type": "Point", "coordinates": [ 138.48574, 36.714828 ] } },
{ "type": "Feature", "properties": { "winter_sports_id": 937398570, "winter_sports_type": "way", "name": "志賀高原 丸池スキー場", "country": "Japan", "state": "Nagano", "total_area_ha": 15.2, "total_area_acres": 38.0, "skiable_terrain_ha": 43.04, "skiable_terrain_acres": 106.0, "total_lifts": 10, "longest_lift_mi": 0.62, "downhill_trails": 40, "longest_trail_mi": 0.01, "avg_trail_mi": 0.01, "trails_novice": 0, "trails_easy": 21, "trails_intermediate": 8, "trails_advanced": 3, "trails_expert": 0, "trails_freeride": 0, "trails_extreme": 0, "gladed_terrain": "No", "snow_park": "No", "sledding_tubing": "No", "lift_types": "chair lift: 7, drag lift: 1, gondola: 2", "resort_type": "downhill ski resort", "region": "asia/japan/chubu" }, "geometry": { "type": "Point", "coordinates": [ 138.489277, 36.714968 ] } },
{ "type": "Feature", "properties": { "winter_sports_id": 937398571, "winter_sports_type": "way", "name": "志賀高原 蓮池スキー場", "country": "Japan", "state": "Nagano", "total_area_ha": 8.91, "total_area_acres": 22.0, "skiable_terrain_ha": 43.04, "skiable_terrain_acres": 106.0, "total_lifts": 10, "longest_lift_mi": 0.62, "downhill_trails": 40, "longest_trail_mi": 0.01, "avg_trail_mi": 0.01, "trails_novice": 0, "trails_easy": 21, "trails_intermediate": 8, "trails_advanced": 3, "trails_expert": 0, "trails_freeride": 0, "trails_extreme": 0, "gladed_terrain": "No", "snow_park": "No", "sledding_tubing": "No", "lift_types": "chair lift: 7, drag lift: 1, gondola: 2", "resort_type": "downhill ski resort", "region": "asia/japan/chubu" }, "geometry": { "type": "Point", "coordinates": [ 138.49204, 36.714029 ] } },
{ "type": "Feature", "properties": { "winter_sports_id": 937398573, "winter_sports_type": "way", "name": "志賀高原 ジャイアントスキー場", "country": "Japan", "state": "Nagano", "total_area_ha": 23.29, "total_area_acres": 58.0, "skiable_terrain_ha": 55.61, "skiable_terrain_acres": 137.0, "total_lifts": 14, "longest_lift_mi": 0.79, "downhill_trails": 48, "longest_trail_mi": 0.01, "avg_trail_mi": 0.01, "trails_novice": 0, "trails_easy": 24, "trails_intermediate": 12, "trails_advanced": 3, "trails_expert": 0, "trails_freeride": 0, "trails_extreme": 0, "gladed_terrain": "No", "snow_park": "No", "sledding_tubing": "No", "lift_types": "chair lift: 10, drag lift: 1, gondola: 3", "resort_type": "downhill ski resort", "region": "asia/japan/chubu" }, "geometry": { "type": "Point", "coordinates": [ 138.495158, 36.716531 ] } },
{ "type": "Feature", "properties": { "winter_sports_id": 937398574, "winter_sports_type": "way", "name": "志賀高原 発哺ブナ平スキー場", "country": "Japan", "state": "Nagano", "total_area_ha": 32.46, "total_area_acres": 80.0, "skiable_terrain_ha": 128.68, "skiable_terrain_acres": 318.0, "total_lifts": 20, "longest_lift_mi": 0.79, "downhill_trails": 74, "longest_trail_mi": 0.02, "avg_trail_mi": 0.01, "trails_novice": 0, "trails_easy": 34, "trails_intermediate": 17, "trails_advanced": 5, "trails_expert": 0, "trails_freeride": 0, "trails_extreme": 0, "gladed_terrain": "No", "snow_park": "No", "sledding_tubing": "No", "lift_types": "chair lift: 16, drag lift: 1, gondola: 3", "resort_type": "downhill ski resort", "region": "asia/japan/chubu" }, "geometry": { "type": "Point", "coordinates": [ 138.503749, 36.721964 ] } },
{ "type": "Feature", "properties": { "winter_sports_id": 937398575, "winter_sports_type": "way", "name": "志賀高原 東館山スキー場", "country": "Japan", "state": "Nagano", "total_area_ha": 64.69, "total_area_acres": 160.0, "skiable_terrain_ha": 191.41, "skiable_terrain_acres": 473.0, "total_lifts": 18, "longest_lift_mi": 0.79, "downhill_trails": 75, "longest_trail_mi": 0.02, "avg_trail_mi": 0.01, "trails_novice": 0, "trails_easy": 26, "trails_intermediate": 19, "trails_advanced": 3, "trails_expert": 0, "trails_freeride": 0, "trails_extreme": 0, "gladed_terrain": "No", "snow_park": "No", "sledding_tubing": "No", "lift_types": "chair lift: 16, gondola: 2", "resort_type": "downhill ski resort", "region": "asia/japan/chubu" }, "geometry": { "type": "Point", "coordinates": [ 138.51628, 36.726563 ] } },
{ "type": "Feature", "properties": { "winter_sports_id": 937398576, "winter_sports_type": "way", "name": "志賀高原 寺小屋スキー場", "country": "Japan", "state": "Nagano", "total_area_ha": 45.74, "total_area_acres": 113.0, "skiable_terrain_ha": 170.15, "skiable_terrain_acres": 420.0, "total_lifts": 15, "longest_lift_mi": 0.79, "downhill_trails": 64, "longest_trail_mi": 0.02, "avg_trail_mi": 0.01, "trails_novice": 0, "trails_easy": 22, "trails_intermediate": 14, "trails_advanced": 3, "trails_expert": 0, "trails_freeride": 0, "trails_extreme": 0, "gladed_terrain": "No", "snow_park": "No", "sledding_tubing": "No", "lift_types": "chair lift: 14, gondola: 1", "resort_type": "downhill ski resort", "region": "asia/japan/chubu" }, "geometry": { "type": "Point", "coordinates": [ 138.526298, 36.730002 ] } },
{ "type": "Feature", "properties": { "winter_sports_id": 937404334, "winter_sports_type": "way", "name": "志賀高原 熊の湯スキー場", "country": "Japan", "state": "Nagano", "total_area_ha": 70.7, "total_area_acres": 175.0, "skiable_terrain_ha": 87.58, "skiable_terrain_acres": 216.0, "total_lifts": 11, "longest_lift_mi": 0.69, "downhill_trails": 32, "longest_trail_mi": 0.13, "avg_trail_mi": 0.11, "trails_novice": 0, "trails_easy": 11, "trails_intermediate": 11, "trails_advanced": 9, "trails_expert": 0, "trails_freeride": 0, "trails_extreme": 0, "gladed_terrain": "No", "snow_park": "No", "sledding_tubing": "No", "lift_types": "chair lift: 11", "resort_type": "downhill ski resort", "region": "asia/japan/chubu" }, "geometry": { "type": "Point", "coordinates": [ 138.497375, 36.678071 ] } },
{ "type": "Feature", "properties": { "winter_sports_id": 937404335, "winter_sports_type": "way", "name": "志賀高原 横手山スキー場", "country": "Japan", "state": "Gunma", "total_area_ha": 165.83, "total_area_acres": 410.0, "skiable_terrain_ha": 97.98, "skiable_terrain_acres": 242.0, "total_lifts": 12, "longest_lift_mi": 0.69, "downhill_trails": 36, "longest_trail_mi": 0.13, "avg_trail_mi": 0.09, "trails_novice": 0, "trails_easy": 11, "trails_intermediate": 15, "trails_advanced": 9, "trails_expert": 0, "trails_freeride": 0, "trails_extreme": 0, "gladed_terrain": "No", "snow_park": "No", "sledding_tubing": "No", "lift_types": "chair lift: 12", "resort_type": "downhill ski resort", "region": "asia/japan/chubu" }, "geometry": { "type": "Point", "coordinates": [ 138.512675, 36.675677 ] } },
{ "type": "Feature", "properties": { "winter_sports_id": 937404336, "winter_sports_type": "way", "name": "志賀高原 渋峠スキー場", "country": "Japan", "state": "Gunma", "total_area_ha": 40.85, "total_area_acres": 101.0, "skiable_terrain_ha": 50.12, "skiable_terrain_acres": 124.0, "total_lifts": 5, "longest_lift_mi": 0.65, "downhill_trails": 18, "longest_trail_mi": 0.05, "avg_trail_mi": 0.05, "trails_novice": 0, "trails_easy": 4, "trails_intermediate": 9, "trails_advanced": 5, "trails_expert": 0, "trails_freeride": 0, "trails_extreme": 0, "gladed_terrain": "No", "snow_park": "No", "sledding_tubing": "No", "lift_types": "chair lift: 5", "resort_type": "downhill ski resort", "region": "asia/japan/chubu" }, "geometry": { "type": "Point", "coordinates": [ 138.529508, 36.669597 ] } },
{ "type": "Feature", "properties": { "winter_sports_id": 938550591, "winter_sports_type": "way", "name": "野沢温泉スキー場", "country": "Japan", "state": "Nagano", "total_area_ha": 943.98, "total_area_acres": 2333.0, "skiable_terrain_ha": 141.71, "skiable_terrain_acres": 350.0, "total_lifts": 17, "longest_lift_mi": 1.86, "downhill_trails": 50, "longest_trail_mi": 0.02, "avg_trail_mi": 0.02, "trails_novice": 0, "trails_easy": 19, "trails_intermediate": 11, "trails_advanced": 19, "trails_expert": 0, "trails_freeride": 0, "trails_extreme": 0, "gladed_terrain": "No", "snow_park": "No", "sledding_tubing": "No", "lift_types": "chair lift: 14, gondola: 2, magic carpet: 1", "resort_type": "downhill ski resort", "region": "asia/japan/chubu" }, "geometry": { "type": "Point", "coordinates": [ 138.469038, 36.917071 ] } },
{ "type": "Feature", "properties": { "winter_sports_id": 941714799, "winter_sports_type": "way", "name": "ひらや高原スキー場", "country": "Japan", "state": "Nagano", "total_area_ha": 6.8, "total_area_acres": 17.0, "skiable_terrain_ha": 4.65, "skiable_terrain_acres": 11.0, "total_lifts": 2, "longest_lift_mi": 0.22, "downhill_trails": 5, "longest_trail_mi": 0.0, "avg_trail_mi": 0.0, "trails_novice": 0, "trails_easy": 2, "trails_intermediate": 2, "trails_advanced": 1, "trails_expert": 0, "trails_freeride": 0, "trails_extreme": 0, "gladed_terrain": "No", "snow_park": "No", "sledding_tubing": "No", "lift_types": "chair lift: 2", "resort_type": "downhill ski resort", "region": "asia/japan/chubu" }, "geometry": { "type": "Point", "coordinates": [ 137.624584, 35.30572 ] } },
{ "type": "Feature", "properties": { "winter_sports_id": 948328123, "winter_sports_type": "way", "name": "ガーラ湯沢スノーリゾート", "country": "Japan", "state": "Niigata", "total_area_ha": 206.11, "total_area_acres": 509.0, "skiable_terrain_ha": 120.73, "skiable_terrain_acres": 298.0, "total_lifts": 16, "longest_lift_mi": 0.87, "downhill_trails": 66, "longest_trail_mi": 0.07, "avg_trail_mi": 0.02, "trails_novice": 17, "trails_easy": 15, "trails_intermediate": 17, "trails_advanced": 9, "trails_expert": 0, "trails_freeride": 0, "trails_extreme": 0, "gladed_terrain": "No", "snow_park": "No", "sledding_tubing": "Yes", "lift_types": "cable car: 2, chair lift: 13, gondola: 1", "resort_type": "downhill ski resort", "region": "asia/japan/chubu" }, "geometry": { "type": "Point", "coordinates": [ 138.784406, 36.949756 ] } },
{ "type": "Feature", "properties": { "winter_sports_id": 948328283, "winter_sports_type": "way", "name": "湯沢高原スキー場", "country": "Japan", "state": "Niigata", "total_area_ha": 98.99, "total_area_acres": 245.0, "skiable_terrain_ha": 121.35, "skiable_terrain_acres": 300.0, "total_lifts": 18, "longest_lift_mi": 0.87, "downhill_trails": 46, "longest_trail_mi": 0.02, "avg_trail_mi": 0.02, "trails_novice": 5, "trails_easy": 18, "trails_intermediate": 11, "trails_advanced": 9, "trails_expert": 1, "trails_freeride": 0, "trails_extreme": 0, "gladed_terrain": "No", "snow_park": "No", "sledding_tubing": "No", "lift_types": "cable car: 2, chair lift: 14, gondola: 1, magic carpet: 1", "resort_type": "downhill ski resort", "region": "asia/japan/chubu" }, "geometry": { "type": "Point", "coordinates": [ 138.793818, 36.933097 ] } },
{ "type": "Feature", "properties": { "winter_sports_id": 948359373, "winter_sports_type": "way", "name": "一本杉スキー場", "country": "Japan", "state": "Niigata", "total_area_ha": 2.58, "total_area_acres": 6.0, "skiable_terrain_ha": 47.08, "skiable_terrain_acres": 116.0, "total_lifts": 15, "longest_lift_mi": 0.76, "downhill_trails": 30, "longest_trail_mi": 0.02, "avg_trail_mi": 0.02, "trails_novice": 0, "trails_easy": 17, "trails_intermediate": 7, "trails_advanced": 5, "trails_expert": 1, "trails_freeride": 0, "trails_extreme": 0, "gladed_terrain": "No", "snow_park": "No", "sledding_tubing": "No", "lift_types": "cable car: 2, chair lift: 12, magic carpet: 1", "resort_type": "downhill ski resort", "region": "asia/japan/chubu" }, "geometry": { "type": "Point", "coordinates": [ 138.805551, 36.93543 ] } },
{ "type": "Feature", "properties": { "winter_sports_id": 948360185, "winter_sports_type": "way", "name": "ナスパスキーガーデン", "country": "Japan", "state": "Niigata", "total_area_ha": 58.02, "total_area_acres": 143.0, "skiable_terrain_ha": 41.97, "skiable_terrain_acres": 104.0, "total_lifts": 13, "longest_lift_mi": 0.76, "downhill_trails": 30, "longest_trail_mi": 0.02, "avg_trail_mi": 0.01, "trails_novice": 0, "trails_easy": 19, "trails_intermediate": 6, "trails_advanced": 4, "trails_expert": 1, "trails_freeride": 0, "trails_extreme": 0, "gladed_terrain": "No", "snow_park": "No", "sledding_tubing": "No", "lift_types": "cable car: 1, chair lift: 11, magic carpet: 1", "resort_type": "downhill ski resort", "region": "asia/japan/chubu" }, "geometry": { "type": "Point", "coordinates": [ 138.805008, 36.924505 ] } },
{ "type": "Feature", "properties": { "winter_sports_id": 948360186, "winter_sports_type": "way", "name": "神立高原スキー場", "country": "Japan", "state": "Niigata", "total_area_ha": 183.49, "total_area_acres": 453.0, "skiable_terrain_ha": 47.46, "skiable_terrain_acres": 117.0, "total_lifts": 6, "longest_lift_mi": 0.6, "downhill_trails": 24, "longest_trail_mi": 0.01, "avg_trail_mi": 0.01, "trails_novice": 0, "trails_easy": 9, "trails_intermediate": 6, "trails_advanced": 8, "trails_expert": 0, "trails_freeride": 1, "trails_extreme": 0, "gladed_terrain": "No", "snow_park": "No", "sledding_tubing": "No", "lift_types": "chair lift: 6", "resort_type": "downhill ski resort", "region": "asia/japan/chubu" }, "geometry": { "type": "Point", "coordinates": [ 138.809765, 36.903254 ] } },
{ "type": "Feature", "properties": { "winter_sports_id": 949496196, "winter_sports_type": "way", "name": "湯沢パークスキー場", "country": "Japan", "state": "Niigata", "total_area_ha": 58.81, "total_area_acres": 145.0, "skiable_terrain_ha": 80.8, "skiable_terrain_acres": 200.0, "total_lifts": 17, "longest_lift_mi": 0.62, "downhill_trails": 29, "longest_trail_mi": 0.0, "avg_trail_mi": 0.0, "trails_novice": 4, "trails_easy": 12, "trails_intermediate": 8, "trails_advanced": 5, "trails_expert": 0, "trails_freeride": 0, "trails_extreme": 0, "gladed_terrain": "No", "snow_park": "No", "sledding_tubing": "No", "lift_types": "chair lift: 15, magic carpet: 2", "resort_type": "downhill ski resort", "region": "asia/japan/chubu" }, "geometry": { "type": "Point", "coordinates": [ 138.859458, 36.924201 ] } },
{ "type": "Feature", "properties": { "winter_sports_id": 949500907, "winter_sports_type": "way", "name": "上越国際", "country": "Japan", "state": "Niigata", "total_area_ha": 572.72, "total_area_acres": 1415.0, "skiable_terrain_ha": 61.64, "skiable_terrain_acres": 152.0, "total_lifts": 13, "longest_lift_mi": 0.94, "downhill_trails": 33, "longest_trail_mi": 0.0, "avg_trail_mi": 0.0, "trails_novice": 0, "trails_easy": 15, "trails_intermediate": 17, "trails_advanced": 1, "trails_expert": 0, "trails_freeride": 0, "trails_extreme": 0, "gladed_terrain": "No", "snow_park": "No", "sledding_tubing": "No", "lift_types": "chair lift: 13", "resort_type": "downhill ski resort", "region": "asia/japan/chubu" }, "geometry": { "type": "Point", "coordinates": [ 138.795107, 37.031106 ] } },
{ "type": "Feature", "properties": { "winter_sports_id": 952120707, "winter_sports_type": "way", "name": "なかさと清津", "country": "Japan", "state": "Niigata", "total_area_ha": 102.49, "total_area_acres": 253.0, "skiable_terrain_ha": 92.02, "skiable_terrain_acres": 227.0, "total_lifts": 1, "longest_lift_mi": 0.91, "downhill_trails": 4, "longest_trail_mi": 0.0, "avg_trail_mi": 0.0, "trails_novice": 0, "trails_easy": 0, "trails_intermediate": 1, "trails_advanced": 0, "trails_expert": 0, "trails_freeride": 0, "trails_extreme": 0, "gladed_terrain": "No", "snow_park": "No", "sledding_tubing": "No", "lift_types": "chair lift: 1", "resort_type": "downhill ski resort", "region": "asia/japan/chubu" }, "geometry": { "type": "Point", "coordinates": [ 138.735326, 37.019656 ] } },
{ "type": "Feature", "properties": { "winter_sports_id": 952129313, "winter_sports_type": "way", "name": "苗場スキー場", "country": "Japan", "state": "Niigata", "total_area_ha": 248.72, "total_area_acres": 615.0, "skiable_terrain_ha": 61.7, "skiable_terrain_acres": 152.0, "total_lifts": 15, "longest_lift_mi": 1.28, "downhill_trails": 23, "longest_trail_mi": 0.0, "avg_trail_mi": 0.0, "trails_novice": 0, "trails_easy": 9, "trails_intermediate": 9, "trails_advanced": 5, "trails_expert": 0, "trails_freeride": 0, "trails_extreme": 0, "gladed_terrain": "No", "snow_park": "No", "sledding_tubing": "No", "lift_types": "chair lift: 13, gondola: 2", "resort_type": "downhill ski resort", "region": "asia/japan/chubu" }, "geometry": { "type": "Point", "coordinates": [ 138.771018, 36.793912 ] } },
{ "type": "Feature", "properties": { "winter_sports_id": 953872291, "winter_sports_type": "way", "name": "富士見パノラマリゾート", "country": "Japan", "state": "Nagano", "total_area_ha": 50.41, "total_area_acres": 125.0, "skiable_terrain_ha": 49.99, "skiable_terrain_acres": 124.0, "total_lifts": 7, "longest_lift_mi": 1.43, "downhill_trails": 16, "longest_trail_mi": 0.0, "avg_trail_mi": 0.0, "trails_novice": 1, "trails_easy": 3, "trails_intermediate": 10, "trails_advanced": 2, "trails_expert": 0, "trails_freeride": 0, "trails_extreme": 0, "gladed_terrain": "No", "snow_park": "No", "sledding_tubing": "No", "lift_types": "chair lift: 6, gondola: 1", "resort_type": "downhill ski resort", "region": "asia/japan/chubu" }, "geometry": { "type": "Point", "coordinates": [ 138.195564, 35.909187 ] } },
{ "type": "Feature", "properties": { "winter_sports_id": 954647481, "winter_sports_type": "way", "name": "北志賀小丸山スキー場", "country": "Japan", "state": "Nagano", "total_area_ha": 26.52, "total_area_acres": 66.0, "skiable_terrain_ha": 26.41, "skiable_terrain_acres": 65.0, "total_lifts": 15, "longest_lift_mi": 1.35, "downhill_trails": 36, "longest_trail_mi": 0.03, "avg_trail_mi": 0.01, "trails_novice": 0, "trails_easy": 13, "trails_intermediate": 11, "trails_advanced": 5, "trails_expert": 0, "trails_freeride": 0, "trails_extreme": 0, "gladed_terrain": "No", "snow_park": "No", "sledding_tubing": "No", "lift_types": "cable car: 1, chair lift: 13, drag lift: 1", "resort_type": "downhill ski resort", "region": "asia/japan/chubu" }, "geometry": { "type": "Point", "coordinates": [ 138.455942, 36.793315 ] } },
{ "type": "Feature", "properties": { "winter_sports_id": 954656377, "winter_sports_type": "way", "name": "竜王スキーパーク", "country": "Japan", "state": "Nagano", "total_area_ha": 177.07, "total_area_acres": 438.0, "skiable_terrain_ha": 93.2, "skiable_terrain_acres": 230.0, "total_lifts": 13, "longest_lift_mi": 1.35, "downhill_trails": 32, "longest_trail_mi": 0.03, "avg_trail_mi": 0.01, "trails_novice": 0, "trails_easy": 8, "trails_intermediate": 8, "trails_advanced": 11, "trails_expert": 0, "trails_freeride": 0, "trails_extreme": 0, "gladed_terrain": "No", "snow_park": "No", "sledding_tubing": "No", "lift_types": "cable car: 1, chair lift: 11, drag lift: 1", "resort_type": "downhill ski resort", "region": "asia/japan/chubu" }, "geometry": { "type": "Point", "coordinates": [ 138.471761, 36.778978 ] } },
{ "type": "Feature", "properties": { "winter_sports_id": 954663673, "winter_sports_type": "way", "name": "よませ温泉スキー場", "country": "Japan", "state": "Nagano", "total_area_ha": 76.17, "total_area_acres": 188.0, "skiable_terrain_ha": 67.66, "skiable_terrain_acres": 167.0, "total_lifts": 9, "longest_lift_mi": 0.64, "downhill_trails": 15, "longest_trail_mi": 0.0, "avg_trail_mi": 0.0, "trails_novice": 0, "trails_easy": 4, "trails_intermediate": 8, "trails_advanced": 3, "trails_expert": 0, "trails_freeride": 0, "trails_extreme": 0, "gladed_terrain": "No", "snow_park": "No", "sledding_tubing": "No", "lift_types": "chair lift: 9", "resort_type": "downhill ski resort", "region": "asia/japan/chubu" }, "geometry": { "type": "Point", "coordinates": [ 138.411217, 36.789094 ] } },
{ "type": "Feature", "properties": { "winter_sports_id": 954664891, "winter_sports_type": "way", "name": "X-JAM高井富士", "country": "Japan", "state": "Nagano", "total_area_ha": 105.5, "total_area_acres": 261.0, "skiable_terrain_ha": 70.84, "skiable_terrain_acres": 175.0, "total_lifts": 11, "longest_lift_mi": 0.64, "downhill_trails": 18, "longest_trail_mi": 0.04, "avg_trail_mi": 0.04, "trails_novice": 0, "trails_easy": 4, "trails_intermediate": 9, "trails_advanced": 3, "trails_expert": 0, "trails_freeride": 0, "trails_extreme": 0, "gladed_terrain": "No", "snow_park": "No", "sledding_tubing": "No", "lift_types": "chair lift: 11", "resort_type": "downhill ski resort", "region": "asia/japan/chubu" }, "geometry": { "type": "Point", "coordinates": [ 138.418564, 36.798258 ] } },
{ "type": "Feature", "properties": { "winter_sports_id": 955246841, "winter_sports_type": "way", "name": "木島平スキー場", "country": "Japan", "state": "Nagano", "total_area_ha": 76.75, "total_area_acres": 190.0, "skiable_terrain_ha": 59.77, "skiable_terrain_acres": 148.0, "total_lifts": 12, "longest_lift_mi": 0.72, "downhill_trails": 37, "longest_trail_mi": 0.13, "avg_trail_mi": 0.04, "trails_novice": 2, "trails_easy": 5, "trails_intermediate": 5, "trails_advanced": 2, "trails_expert": 0, "trails_freeride": 0, "trails_extreme": 0, "gladed_terrain": "No", "snow_park": "No", "sledding_tubing": "No", "lift_types": "chair lift: 12", "resort_type": "downhill ski resort", "region": "asia/japan/chubu" }, "geometry": { "type": "Point", "coordinates": [ 138.404183, 36.817174 ] } },
{ "type": "Feature", "properties": { "winter_sports_id": 955280979, "winter_sports_type": "way", "name": "牧の入高原スノーパーク", "country": "Japan", "state": "Nagano", "total_area_ha": 74.11, "total_area_acres": 183.0, "skiable_terrain_ha": 59.59, "skiable_terrain_acres": 147.0, "total_lifts": 11, "longest_lift_mi": 0.72, "downhill_trails": 36, "longest_trail_mi": 0.13, "avg_trail_mi": 0.04, "trails_novice": 2, "trails_easy": 5, "trails_intermediate": 5, "trails_advanced": 1, "trails_expert": 0, "trails_freeride": 0, "trails_extreme": 0, "gladed_terrain": "No", "snow_park": "No", "sledding_tubing": "No", "lift_types": "chair lift: 11", "resort_type": "downhill ski resort", "region": "asia/japan/chubu" }, "geometry": { "type": "Point", "coordinates": [ 138.397506, 36.814107 ] } },
{ "type": "Feature", "properties": { "winter_sports_id": 997044731, "winter_sports_type": "way", "name": "タングラムスキーサーカス", "country": "Japan", "state": "Nagano", "total_area_ha": 121.49, "total_area_acres": 300.0, "skiable_terrain_ha": 247.24, "skiable_terrain_acres": 611.0, "total_lifts": 14, "longest_lift_mi": 0.59, "downhill_trails": 95, "longest_trail_mi": 0.26, "avg_trail_mi": 0.09, "trails_novice": 0, "trails_easy": 25, "trails_intermediate": 15, "trails_advanced": 46, "trails_expert": 0, "trails_freeride": 0, "trails_extreme": 0, "gladed_terrain": "Yes", "snow_park": "No", "sledding_tubing": "No", "lift_types": "chair lift: 14", "resort_type": "downhill ski resort", "region": "asia/japan/chubu" }, "geometry": { "type": "Point", "coordinates": [ 138.263942, 36.850258 ] } },
{ "type": "Feature", "properties": { "winter_sports_id": 997044732, "winter_sports_type": "way", "name": "斑尾高原スキー場", "country": "Japan", "state": "Nagano", "total_area_ha": 198.58, "total_area_acres": 491.0, "skiable_terrain_ha": 247.2, "skiable_terrain_acres": 611.0, "total_lifts": 14, "longest_lift_mi": 0.59, "downhill_trails": 94, "longest_trail_mi": 0.26, "avg_trail_mi": 0.09, "trails_novice": 0, "trails_easy": 24, "trails_intermediate": 15, "trails_advanced": 46, "trails_expert": 0, "trails_freeride": 0, "trails_extreme": 0, "gladed_terrain": "Yes", "snow_park": "No", "sledding_tubing": "No", "lift_types": "chair lift: 14", "resort_type": "downhill ski resort", "region": "asia/japan/chubu" }, "geometry": { "type": "Point", "coordinates": [ 138.28038, 36.848434 ] } },
{ "type": "Feature", "properties": { "winter_sports_id": 1039248004, "winter_sports_type": "way", "name": "八海山山麓スキー場", "country": "Japan", "state": "Niigata", "total_area_ha": 35.38, "total_area_acres": 87.0, "skiable_terrain_ha": 22.77, "skiable_terrain_acres": 56.0, "total_lifts": 2, "longest_lift_mi": 0.35, "downhill_trails": 6, "longest_trail_mi": 0.0, "avg_trail_mi": 0.0, "trails_novice": 0, "trails_easy": 1, "trails_intermediate": 3, "trails_advanced": 2, "trails_expert": 0, "trails_freeride": 0, "trails_extreme": 0, "gladed_terrain": "No", "snow_park": "No", "sledding_tubing": "Yes", "lift_types": "chair lift: 2", "resort_type": "downhill ski resort", "region": "asia/japan/chubu" }, "geometry": { "type": "Point", "coordinates": [ 138.975809, 37.158347 ] } },
{ "type": "Feature", "properties": { "winter_sports_id": 1040111000, "winter_sports_type": "way", "name": "五日町スキー場", "country": "Japan", "state": "Niigata", "total_area_ha": 34.87, "total_area_acres": 86.0, "skiable_terrain_ha": 9.09, "skiable_terrain_acres": 22.0, "total_lifts": 4, "longest_lift_mi": 0.5, "downhill_trails": 8, "longest_trail_mi": 0.12, "avg_trail_mi": 0.12, "trails_novice": 0, "trails_easy": 1, "trails_intermediate": 5, "trails_advanced": 2, "trails_expert": 0, "trails_freeride": 0, "trails_extreme": 0, "gladed_terrain": "No", "snow_park": "No", "sledding_tubing": "No", "lift_types": "chair lift: 4", "resort_type": "downhill ski resort", "region": "asia/japan/chubu" }, "geometry": { "type": "Point", "coordinates": [ 138.890197, 37.123569 ] } },
{ "type": "Feature", "properties": { "winter_sports_id": 1042547889, "winter_sports_type": "way", "name": "シャトー塩沢スキー場", "country": "Japan", "state": "Niigata", "total_area_ha": 87.74, "total_area_acres": 217.0, "skiable_terrain_ha": 9.83, "skiable_terrain_acres": 24.0, "total_lifts": 4, "longest_lift_mi": 0.56, "downhill_trails": 7, "longest_trail_mi": 0.0, "avg_trail_mi": 0.0, "trails_novice": 3, "trails_easy": 2, "trails_intermediate": 1, "trails_advanced": 0, "trails_expert": 0, "trails_freeride": 0, "trails_extreme": 0, "gladed_terrain": "No", "snow_park": "No", "sledding_tubing": "No", "lift_types": "chair lift: 4", "resort_type": "downhill ski resort", "region": "asia/japan/chubu" }, "geometry": { "type": "Point", "coordinates": [ 138.828622, 37.053539 ] } },
{ "type": "Feature", "properties": { "winter_sports_id": 1158882270, "winter_sports_type": "way", "name": "万座温泉スキー場", "country": "Japan", "state": "Gunma", "total_area_ha": 63.93, "total_area_acres": 158.0, "skiable_terrain_ha": 26.44, "skiable_terrain_acres": 65.0, "total_lifts": 4, "longest_lift_mi": 0.43, "downhill_trails": 14, "longest_trail_mi": 0.05, "avg_trail_mi": 0.03, "trails_novice": 0, "trails_easy": 8, "trails_intermediate": 4, "trails_advanced": 2, "trails_expert": 0, "trails_freeride": 0, "trails_extreme": 0, "gladed_terrain": "No", "snow_park": "No", "sledding_tubing": "No", "lift_types": "chair lift: 4", "resort_type": "downhill ski resort", "region": "asia/japan/chubu" }, "geometry": { "type": "Point", "coordinates": [ 138.501852, 36.640084 ] } },
{ "type": "Feature", "properties": { "winter_sports_id": 1169304510, "winter_sports_type": "way", "name": "余呉高原スキー場", "country": "Japan", "state": "Fukui", "total_area_ha": 36.82, "total_area_acres": 91.0, "skiable_terrain_ha": 21.78, "skiable_terrain_acres": 54.0, "total_lifts": 9, "longest_lift_mi": 0.54, "downhill_trails": 7, "longest_trail_mi": 0.0, "avg_trail_mi": 0.0, "trails_novice": 1, "trails_easy": 3, "trails_intermediate": 2, "trails_advanced": 0, "trails_expert": 1, "trails_freeride": 0, "trails_extreme": 0, "gladed_terrain": "No", "snow_park": "No", "sledding_tubing": "No", "lift_types": "chair lift: 8, magic carpet: 1", "resort_type": "downhill ski resort", "region": "asia/japan/chubu" }, "geometry": { "type": "Point", "coordinates": [ 136.153894, 35.696957 ] } },
{ "type": "Feature", "properties": { "winter_sports_id": 1174493817, "winter_sports_type": "way", "name": "戸狩温泉スキー場", "country": "Japan", "state": "Nagano", "total_area_ha": 121.3, "total_area_acres": 300.0, "skiable_terrain_ha": 43.84, "skiable_terrain_acres": 108.0, "total_lifts": 7, "longest_lift_mi": 0.72, "downhill_trails": 18, "longest_trail_mi": 0.0, "avg_trail_mi": 0.0, "trails_novice": 0, "trails_easy": 8, "trails_intermediate": 5, "trails_advanced": 5, "trails_expert": 0, "trails_freeride": 0, "trails_extreme": 0, "gladed_terrain": "No", "snow_park": "No", "sledding_tubing": "No", "lift_types": "chair lift: 7", "resort_type": "downhill ski resort", "region": "asia/japan/chubu" }, "geometry": { "type": "Point", "coordinates": [ 138.38047, 36.940032 ] } },
{ "type": "Feature", "properties": { "winter_sports_id": 1176708933, "winter_sports_type": "way", "name": "飛騨かわいスキー場", "country": "Japan", "state": "Gifu", "total_area_ha": 39.93, "total_area_acres": 99.0, "skiable_terrain_ha": 22.48, "skiable_terrain_acres": 56.0, "total_lifts": 4, "longest_lift_mi": 0.42, "downhill_trails": 6, "longest_trail_mi": 0.0, "avg_trail_mi": 0.0, "trails_novice": 0, "trails_easy": 1, "trails_intermediate": 2, "trails_advanced": 3, "trails_expert": 0, "trails_freeride": 0, "trails_extreme": 0, "gladed_terrain": "No", "snow_park": "No", "sledding_tubing": "No", "lift_types": "chair lift: 4", "resort_type": "downhill ski resort", "region": "asia/japan/chubu" }, "geometry": { "type": "Point", "coordinates": [ 137.077713, 36.235038 ] } },
{ "type": "Feature", "properties": { "winter_sports_id": 1176717812, "winter_sports_type": "way", "name": "モンデウス飛騨位山スノーパーク", "country": "Japan", "state": "Gifu", "total_area_ha": 51.94, "total_area_acres": 128.0, "skiable_terrain_ha": 19.09, "skiable_terrain_acres": 47.0, "total_lifts": 3, "longest_lift_mi": 0.58, "downhill_trails": 6, "longest_trail_mi": 0.0, "avg_trail_mi": 0.0, "trails_novice": 0, "trails_easy": 3, "trails_intermediate": 2, "trails_advanced": 1, "trails_expert": 0, "trails_freeride": 0, "trails_extreme": 0, "gladed_terrain": "No", "snow_park": "No", "sledding_tubing": "No", "lift_types": "chair lift: 3", "resort_type": "downhill ski resort", "region": "asia/japan/chubu" }, "geometry": { "type": "Point", "coordinates": [ 137.221481, 36.059405 ] } },
{ "type": "Feature", "properties": { "winter_sports_id": 1176728877, "winter_sports_type": "way", "name": "ひだ舟山スノーリゾートアルコピアスキー場くるみ", "country": "Japan", "state": "Gifu", "total_area_ha": 50.96, "total_area_acres": 126.0, "skiable_terrain_ha": 26.9, "skiable_terrain_acres": 66.0, "total_lifts": 4, "longest_lift_mi": 0.6, "downhill_trails": 10, "longest_trail_mi": 0.0, "avg_trail_mi": 0.0, "trails_novice": 0, "trails_easy": 4, "trails_intermediate": 2, "trails_advanced": 4, "trails_expert": 0, "trails_freeride": 0, "trails_extreme": 0, "gladed_terrain": "No", "snow_park": "No", "sledding_tubing": "No", "lift_types": "chair lift: 4", "resort_type": "downhill ski resort", "region": "asia/japan/chubu" }, "geometry": { "type": "Point", "coordinates": [ 137.254343, 36.032745 ] } },
{ "type": "Feature", "properties": { "winter_sports_id": 1178491952, "winter_sports_type": "way", "name": "スノーパーク イエティ", "country": "Japan", "state": "Shizuoka", "total_area_ha": 14.19, "total_area_acres": 35.0, "skiable_terrain_ha": 6.26, "skiable_terrain_acres": 15.0, "total_lifts": 5, "longest_lift_mi": 0.36, "downhill_trails": 4, "longest_trail_mi": 0.0, "avg_trail_mi": 0.0, "trails_novice": 0, "trails_easy": 2, "trails_intermediate": 1, "trails_advanced": 1, "trails_expert": 0, "trails_freeride": 0, "trails_extreme": 0, "gladed_terrain": "No", "snow_park": "No", "sledding_tubing": "Yes", "lift_types": "chair lift: 3, gondola: 1, magic carpet: 1", "resort_type": "downhill ski resort", "region": "asia/japan/chubu" }, "geometry": { "type": "Point", "coordinates": [ 138.772182, 35.301123 ] } },
{ "type": "Feature", "properties": { "winter_sports_id": 1178492476, "winter_sports_type": "way", "name": "ふじてんスノーリゾート", "country": "Japan", "state": "Yamanashi", "total_area_ha": 33.95, "total_area_acres": 84.0, "skiable_terrain_ha": 18.99, "skiable_terrain_acres": 47.0, "total_lifts": 4, "longest_lift_mi": 0.64, "downhill_trails": 6, "longest_trail_mi": 0.0, "avg_trail_mi": 0.0, "trails_novice": 1, "trails_easy": 2, "trails_intermediate": 1, "trails_advanced": 2, "trails_expert": 0, "trails_freeride": 0, "trails_extreme": 0, "gladed_terrain": "No", "snow_park": "No", "sledding_tubing": "No", "lift_types": "chair lift: 4", "resort_type": "downhill ski resort", "region": "asia/japan/chubu" }, "geometry": { "type": "Point", "coordinates": [ 138.688615, 35.436961 ] } },
{ "type": "Feature", "properties": { "winter_sports_id": 1178492889, "winter_sports_type": "way", "name": "カムイみさかスキー場", "country": "Japan", "state": "Yamanashi", "total_area_ha": 9.01, "total_area_acres": 22.0, "skiable_terrain_ha": 4.52, "skiable_terrain_acres": 11.0, "total_lifts": 4, "longest_lift_mi": 0.28, "downhill_trails": 5, "longest_trail_mi": 0.0, "avg_trail_mi": 0.0, "trails_novice": 2, "trails_easy": 2, "trails_intermediate": 1, "trails_advanced": 0, "trails_expert": 0, "trails_freeride": 0, "trails_extreme": 0, "gladed_terrain": "No", "snow_park": "No", "sledding_tubing": "No", "lift_types": "chair lift: 4", "resort_type": "downhill ski resort", "region": "asia/japan/chubu" }, "geometry": { "type": "Point", "coordinates": [ 138.754246, 35.579388 ] } },
{ "type": "Feature", "properties": { "winter_sports_id": 1178696581, "winter_sports_type": "way", "name": "高峰マウンテンパークスキー場", "country": "Japan", "state": "Gunma", "total_area_ha": 38.97, "total_area_acres": 96.0, "skiable_terrain_ha": 11.62, "skiable_terrain_acres": 29.0, "total_lifts": 4, "longest_lift_mi": 0.42, "downhill_trails": 9, "longest_trail_mi": 0.0, "avg_trail_mi": 0.0, "trails_novice": 0, "trails_easy": 5, "trails_intermediate": 3, "trails_advanced": 1, "trails_expert": 0, "trails_freeride": 0, "trails_extreme": 0, "gladed_terrain": "No", "snow_park": "No", "sledding_tubing": "No", "lift_types": "chair lift: 4", "resort_type": "downhill ski resort", "region": "asia/japan/chubu" }, "geometry": { "type": "Point", "coordinates": [ 138.463419, 36.408404 ] } },
{ "type": "Feature", "properties": { "winter_sports_id": 1188381817, "winter_sports_type": "way", "name": "パルコール嬬恋リゾート スキー & ホテル", "country": "Japan", "state": "Gunma", "total_area_ha": 197.25, "total_area_acres": 487.0, "skiable_terrain_ha": 37.19, "skiable_terrain_acres": 92.0, "total_lifts": 3, "longest_lift_mi": 1.92, "downhill_trails": 6, "longest_trail_mi": 0.0, "avg_trail_mi": 0.0, "trails_novice": 0, "trails_easy": 1, "trails_intermediate": 4, "trails_advanced": 1, "trails_expert": 0, "trails_freeride": 0, "trails_extreme": 0, "gladed_terrain": "No", "snow_park": "No", "sledding_tubing": "No", "lift_types": "chair lift: 2, gondola: 1", "resort_type": "downhill ski resort", "region": "asia/japan/chubu" }, "geometry": { "type": "Point", "coordinates": [ 138.447726, 36.556701 ] } },
{ "type": "Feature", "properties": { "winter_sports_id": 1189278314, "winter_sports_type": "way", "name": "高鷲スノーパーク", "country": "Japan", "state": "Gifu", "total_area_ha": 308.26, "total_area_acres": 762.0, "skiable_terrain_ha": 203.2, "skiable_terrain_acres": 502.0, "total_lifts": 9, "longest_lift_mi": 1.52, "downhill_trails": 41, "longest_trail_mi": 0.06, "avg_trail_mi": 0.06, "trails_novice": 0, "trails_easy": 15, "trails_intermediate": 10, "trails_advanced": 11, "trails_expert": 0, "trails_freeride": 0, "trails_extreme": 0, "gladed_terrain": "No", "snow_park": "No", "sledding_tubing": "No", "lift_types": "chair lift: 8, gondola: 1", "resort_type": "downhill ski resort", "region": "asia/japan/chubu" }, "geometry": { "type": "Point", "coordinates": [ 136.863186, 35.995673 ] } },
{ "type": "Feature", "properties": { "winter_sports_id": 1189279617, "winter_sports_type": "way", "name": "ひるがの高原スキー場", "country": "Japan", "state": "Gifu", "total_area_ha": 37.56, "total_area_acres": 93.0, "skiable_terrain_ha": 22.15, "skiable_terrain_acres": 55.0, "total_lifts": 3, "longest_lift_mi": 0.57, "downhill_trails": 5, "longest_trail_mi": 0.0, "avg_trail_mi": 0.0, "trails_novice": 0, "trails_easy": 2, "trails_intermediate": 3, "trails_advanced": 0, "trails_expert": 0, "trails_freeride": 0, "trails_extreme": 0, "gladed_terrain": "No", "snow_park": "No", "sledding_tubing": "No", "lift_types": "chair lift: 3", "resort_type": "downhill ski resort", "region": "asia/japan/chubu" }, "geometry": { "type": "Point", "coordinates": [ 136.914381, 36.005753 ] } },
{ "type": "Feature", "properties": { "winter_sports_id": 1189287861, "winter_sports_type": "way", "name": "九頭竜スキー場", "country": "Japan", "state": "Fukui", "total_area_ha": 26.93, "total_area_acres": 67.0, "skiable_terrain_ha": 15.15, "skiable_terrain_acres": 37.0, "total_lifts": 4, "longest_lift_mi": 0.47, "downhill_trails": 8, "longest_trail_mi": 0.0, "avg_trail_mi": 0.0, "trails_novice": 0, "trails_easy": 2, "trails_intermediate": 4, "trails_advanced": 2, "trails_expert": 0, "trails_freeride": 0, "trails_extreme": 0, "gladed_terrain": "No", "snow_park": "No", "sledding_tubing": "No", "lift_types": "chair lift: 4", "resort_type": "downhill ski resort", "region": "asia/japan/chubu" }, "geometry": { "type": "Point", "coordinates": [ 136.65722, 35.895307 ] } },
{ "type": "Feature", "properties": { "winter_sports_id": 1189288449, "winter_sports_type": "way", "name": "福井和泉スキー場", "country": "Japan", "state": "Fukui", "total_area_ha": 30.72, "total_area_acres": 76.0, "skiable_terrain_ha": 17.98, "skiable_terrain_acres": 44.0, "total_lifts": 2, "longest_lift_mi": 0.5, "downhill_trails": 8, "longest_trail_mi": 0.0, "avg_trail_mi": 0.0, "trails_novice": 1, "trails_easy": 2, "trails_intermediate": 3, "trails_advanced": 2, "trails_expert": 0, "trails_freeride": 0, "trails_extreme": 0, "gladed_terrain": "No", "snow_park": "No", "sledding_tubing": "No", "lift_types": "chair lift: 2", "resort_type": "downhill ski resort", "region": "asia/japan/chubu" }, "geometry": { "type": "Point", "coordinates": [ 136.686009, 35.937082 ] } },
{ "type": "Feature", "properties": { "winter_sports_id": 1201076626, "winter_sports_type": "way", "name": "さかえ倶楽部スキー場", "country": "Japan", "state": "Niigata", "total_area_ha": 43.99, "total_area_acres": 109.0, "skiable_terrain_ha": 25.86, "skiable_terrain_acres": 64.0, "total_lifts": 3, "longest_lift_mi": 0.49, "downhill_trails": 10, "longest_trail_mi": 0.0, "avg_trail_mi": 0.0, "trails_novice": 0, "trails_easy": 4, "trails_intermediate": 4, "trails_advanced": 2, "trails_expert": 0, "trails_freeride": 0, "trails_extreme": 0, "gladed_terrain": "No", "snow_park": "No", "sledding_tubing": "No", "lift_types": "chair lift: 3", "resort_type": "downhill ski resort", "region": "asia/japan/chubu" }, "geometry": { "type": "Point", "coordinates": [ 138.559898, 36.99993 ] } },
{ "type": "Feature", "properties": { "winter_sports_id": 1201230108, "winter_sports_type": "way", "name": "やぶはら高原 スキー場", "country": "Japan", "state": "Nagano", "total_area_ha": 91.38, "total_area_acres": 226.0, "skiable_terrain_ha": 44.53, "skiable_terrain_acres": 110.0, "total_lifts": 6, "longest_lift_mi": 0.47, "downhill_trails": 16, "longest_trail_mi": 0.0, "avg_trail_mi": 0.0, "trails_novice": 1, "trails_easy": 4, "trails_intermediate": 5, "trails_advanced": 6, "trails_expert": 0, "trails_freeride": 0, "trails_extreme": 0, "gladed_terrain": "No", "snow_park": "No", "sledding_tubing": "No", "lift_types": "chair lift: 6", "resort_type": "downhill ski resort", "region": "asia/japan/chubu" }, "geometry": { "type": "Point", "coordinates": [ 137.731885, 35.957753 ] } },
{ "type": "Feature", "properties": { "winter_sports_id": 1201230619, "winter_sports_type": "way", "name": "信州松本 野麦峠スキー場", "country": "Japan", "state": "Nagano", "total_area_ha": 68.16, "total_area_acres": 168.0, "skiable_terrain_ha": 45.57, "skiable_terrain_acres": 113.0, "total_lifts": 4, "longest_lift_mi": 0.94, "downhill_trails": 12, "longest_trail_mi": 0.0, "avg_trail_mi": 0.0, "trails_novice": 1, "trails_easy": 2, "trails_intermediate": 8, "trails_advanced": 1, "trails_expert": 0, "trails_freeride": 0, "trails_extreme": 0, "gladed_terrain": "No", "snow_park": "No", "sledding_tubing": "No", "lift_types": "chair lift: 4", "resort_type": "downhill ski resort", "region": "asia/japan/chubu" }, "geometry": { "type": "Point", "coordinates": [ 137.722799, 36.046864 ] } },
{ "type": "Feature", "properties": { "winter_sports_id": 1201232967, "winter_sports_type": "way", "name": "ブルーリゾート乗鞍", "country": "Japan", "state": "Nagano", "total_area_ha": 103.37, "total_area_acres": 255.0, "skiable_terrain_ha": 58.76, "skiable_terrain_acres": 145.0, "total_lifts": 8, "longest_lift_mi": 0.87, "downhill_trails": 22, "longest_trail_mi": 0.0, "avg_trail_mi": 0.0, "trails_novice": 0, "trails_easy": 9, "trails_intermediate": 7, "trails_advanced": 6, "trails_expert": 0, "trails_freeride": 0, "trails_extreme": 0, "gladed_terrain": "No", "snow_park": "No", "sledding_tubing": "No", "lift_types": "chair lift: 8", "resort_type": "downhill ski resort", "region": "asia/japan/chubu" }, "geometry": { "type": "Point", "coordinates": [ 137.604811, 36.116803 ] } },
{ "type": "Feature", "properties": { "winter_sports_id": 1201567796, "winter_sports_type": "way", "name": "小出スキー場", "country": "Japan", "state": "Niigata", "total_area_ha": 19.59, "total_area_acres": 48.0, "skiable_terrain_ha": 4.97, "skiable_terrain_acres": 12.0, "total_lifts": 3, "longest_lift_mi": 0.21, "downhill_trails": 9, "longest_trail_mi": 0.12, "avg_trail_mi": 0.12, "trails_novice": 0, "trails_easy": 3, "trails_intermediate": 5, "trails_advanced": 1, "trails_expert": 0, "trails_freeride": 0, "trails_extreme": 0, "gladed_terrain": "No", "snow_park": "No", "sledding_tubing": "No", "lift_types": "chair lift: 3", "resort_type": "downhill ski resort", "region": "asia/japan/chubu" }, "geometry": { "type": "Point", "coordinates": [ 138.950631, 37.227011 ] } },
{ "type": "Feature", "properties": { "winter_sports_id": 1201568241, "winter_sports_type": "way", "name": "薬師スキー場", "country": "Japan", "state": "Niigata", "total_area_ha": 8.53, "total_area_acres": 21.0, "skiable_terrain_ha": 1.69, "skiable_terrain_acres": 4.0, "total_lifts": 1, "longest_lift_mi": 0.26, "downhill_trails": 5, "longest_trail_mi": 0.0, "avg_trail_mi": 0.0, "trails_novice": 0, "trails_easy": 1, "trails_intermediate": 2, "trails_advanced": 2, "trails_expert": 0, "trails_freeride": 0, "trails_extreme": 0, "gladed_terrain": "No", "snow_park": "No", "sledding_tubing": "No", "lift_types": "chair lift: 1", "resort_type": "downhill ski resort", "region": "asia/japan/chubu" }, "geometry": { "type": "Point", "coordinates": [ 138.993525, 37.233232 ] } },
{ "type": "Feature", "properties": { "winter_sports_id": 1201568723, "winter_sports_type": "way", "name": "古志高原スキー場", "country": "Japan", "state": "Niigata", "total_area_ha": 4.48, "total_area_acres": 11.0, "skiable_terrain_ha": 2.68, "skiable_terrain_acres": 7.0, "total_lifts": 1, "longest_lift_mi": 0.33, "downhill_trails": 5, "longest_trail_mi": 0.07, "avg_trail_mi": 0.07, "trails_novice": 0, "trails_easy": 3, "trails_intermediate": 2, "trails_advanced": 0, "trails_expert": 0, "trails_freeride": 0, "trails_extreme": 0, "gladed_terrain": "No", "snow_park": "No", "sledding_tubing": "No", "lift_types": "chair lift: 1", "resort_type": "downhill ski resort", "region": "asia/japan/chubu" }, "geometry": { "type": "Point", "coordinates": [ 138.884966, 37.316159 ] } },
{ "type": "Feature", "properties": { "winter_sports_id": 1201570295, "winter_sports_type": "way", "name": "須原スキー場", "country": "Japan", "state": "Niigata", "total_area_ha": 36.78, "total_area_acres": 91.0, "skiable_terrain_ha": 13.25, "skiable_terrain_acres": 33.0, "total_lifts": 4, "longest_lift_mi": 0.81, "downhill_trails": 13, "longest_trail_mi": 0.02, "avg_trail_mi": 0.02, "trails_novice": 0, "trails_easy": 6, "trails_intermediate": 4, "trails_advanced": 3, "trails_expert": 0, "trails_freeride": 0, "trails_extreme": 0, "gladed_terrain": "No", "snow_park": "No", "sledding_tubing": "No", "lift_types": "chair lift: 4", "resort_type": "downhill ski resort", "region": "asia/japan/chubu" }, "geometry": { "type": "Point", "coordinates": [ 139.010146, 37.329665 ] } },
{ "type": "Feature", "properties": { "winter_sports_id": 1201639229, "winter_sports_type": "way", "name": "国境高原スノーパーク", "country": "Japan", "state": "Fukui", "total_area_ha": 23.18, "total_area_acres": 57.0, "skiable_terrain_ha": 10.27, "skiable_terrain_acres": 25.0, "total_lifts": 4, "longest_lift_mi": 0.42, "downhill_trails": 6, "longest_trail_mi": 0.0, "avg_trail_mi": 0.0, "trails_novice": 0, "trails_easy": 3, "trails_intermediate": 2, "trails_advanced": 1, "trails_expert": 0, "trails_freeride": 0, "trails_extreme": 0, "gladed_terrain": "No", "snow_park": "No", "sledding_tubing": "No", "lift_types": "chair lift: 4", "resort_type": "downhill ski resort", "region": "asia/japan/chubu" }, "geometry": { "type": "Point", "coordinates": [ 136.089358, 35.535031 ] } },
{ "type": "Feature", "properties": { "winter_sports_id": 1201640645, "winter_sports_type": "way", "name": "今庄365スキー場", "country": "Japan", "state": "Fukui", "total_area_ha": 67.31, "total_area_acres": 166.0, "skiable_terrain_ha": 25.67, "skiable_terrain_acres": 63.0, "total_lifts": 4, "longest_lift_mi": 0.75, "downhill_trails": 12, "longest_trail_mi": 0.0, "avg_trail_mi": 0.0, "trails_novice": 0, "trails_easy": 3, "trails_intermediate": 5, "trails_advanced": 4, "trails_expert": 0, "trails_freeride": 0, "trails_extreme": 0, "gladed_terrain": "No", "snow_park": "No", "sledding_tubing": "No", "lift_types": "chair lift: 4", "resort_type": "downhill ski resort", "region": "asia/japan/chubu" }, "geometry": { "type": "Point", "coordinates": [ 136.14218, 35.721713 ] } },
{ "type": "Feature", "properties": { "winter_sports_id": 1201643329, "winter_sports_type": "way", "name": "グランスノー奥伊吹", "country": "Japan", "state": "Gifu", "total_area_ha": 66.12, "total_area_acres": 163.0, "skiable_terrain_ha": 18.73, "skiable_terrain_acres": 46.0, "total_lifts": 11, "longest_lift_mi": 0.43, "downhill_trails": 18, "longest_trail_mi": 0.0, "avg_trail_mi": 0.0, "trails_novice": 0, "trails_easy": 6, "trails_intermediate": 8, "trails_advanced": 3, "trails_expert": 1, "trails_freeride": 0, "trails_extreme": 0, "gladed_terrain": "No", "snow_park": "No", "sledding_tubing": "No", "lift_types": "chair lift: 9, magic carpet: 2", "resort_type": "downhill ski resort", "region": "asia/japan/chubu" }, "geometry": { "type": "Point", "coordinates": [ 136.392731, 35.518654 ] } },
{ "type": "Feature", "properties": { "winter_sports_id": 1202438491, "winter_sports_type": "way", "name": "大倉岳高原スキー場", "country": "Japan", "state": "Ishikawa", "total_area_ha": 21.61, "total_area_acres": 53.0, "skiable_terrain_ha": 6.04, "skiable_terrain_acres": 15.0, "total_lifts": 4, "longest_lift_mi": 0.54, "downhill_trails": 5, "longest_trail_mi": 0.0, "avg_trail_mi": 0.0, "trails_novice": 0, "trails_easy": 1, "trails_intermediate": 3, "trails_advanced": 1, "trails_expert": 0, "trails_freeride": 0, "trails_extreme": 0, "gladed_terrain": "No", "snow_park": "No", "sledding_tubing": "No", "lift_types": "chair lift: 4", "resort_type": "downhill ski resort", "region": "asia/japan/chubu" }, "geometry": { "type": "Point", "coordinates": [ 136.538519, 36.27931 ] } },
{ "type": "Feature", "properties": { "winter_sports_id": 1202438976, "winter_sports_type": "way", "name": "白山一里野温泉スキー場", "country": "Japan", "state": "Ishikawa", "total_area_ha": 44.4, "total_area_acres": 110.0, "skiable_terrain_ha": 25.6, "skiable_terrain_acres": 63.0, "total_lifts": 4, "longest_lift_mi": 0.82, "downhill_trails": 8, "longest_trail_mi": 0.0, "avg_trail_mi": 0.0, "trails_novice": 1, "trails_easy": 3, "trails_intermediate": 2, "trails_advanced": 2, "trails_expert": 0, "trails_freeride": 0, "trails_extreme": 0, "gladed_terrain": "No", "snow_park": "No", "sledding_tubing": "No", "lift_types": "chair lift: 3, gondola: 1", "resort_type": "downhill ski resort", "region": "asia/japan/chubu" }, "geometry": { "type": "Point", "coordinates": [ 136.710245, 36.262365 ] } },
{ "type": "Feature", "properties": { "winter_sports_id": 1202440345, "winter_sports_type": "way", "name": "シャトレーゼスキーバレー野辺山", "country": "Japan", "state": "Nagano", "total_area_ha": 20.98, "total_area_acres": 52.0, "skiable_terrain_ha": 11.9, "skiable_terrain_acres": 29.0, "total_lifts": 3, "longest_lift_mi": 0.55, "downhill_trails": 7, "longest_trail_mi": 0.01, "avg_trail_mi": 0.01, "trails_novice": 0, "trails_easy": 3, "trails_intermediate": 2, "trails_advanced": 2, "trails_expert": 0, "trails_freeride": 0, "trails_extreme": 0, "gladed_terrain": "No", "snow_park": "No", "sledding_tubing": "No", "lift_types": "chair lift: 3", "resort_type": "downhill ski resort", "region": "asia/japan/chubu" }, "geometry": { "type": "Point", "coordinates": [ 138.500121, 35.929835 ] } },
{ "type": "Feature", "properties": { "winter_sports_id": 1202440838, "winter_sports_type": "way", "name": "シャトレーゼスキーバレー小海", "country": "Japan", "state": "Nagano", "total_area_ha": 46.67, "total_area_acres": 115.0, "skiable_terrain_ha": 20.85, "skiable_terrain_acres": 52.0, "total_lifts": 5, "longest_lift_mi": 0.8, "downhill_trails": 9, "longest_trail_mi": 0.0, "avg_trail_mi": 0.0, "trails_novice": 2, "trails_easy": 4, "trails_intermediate": 2, "trails_advanced": 1, "trails_expert": 0, "trails_freeride": 0, "trails_extreme": 0, "gladed_terrain": "No", "snow_park": "No", "sledding_tubing": "No", "lift_types": "chair lift: 5", "resort_type": "downhill ski resort", "region": "asia/japan/chubu" }, "geometry": { "type": "Point", "coordinates": [ 138.404352, 36.053979 ] } },
{ "type": "Feature", "properties": { "winter_sports_id": 1202441057, "winter_sports_type": "way", "name": "ピラタス蓼科スノーリゾート", "country": "Japan", "state": "Nagano", "total_area_ha": 57.82, "total_area_acres": 143.0, "skiable_terrain_ha": 45.37, "skiable_terrain_acres": 112.0, "total_lifts": 3, "longest_lift_mi": 1.31, "downhill_trails": 7, "longest_trail_mi": 0.0, "avg_trail_mi": 0.0, "trails_novice": 0, "trails_easy": 1, "trails_intermediate": 4, "trails_advanced": 2, "trails_expert": 0, "trails_freeride": 0, "trails_extreme": 0, "gladed_terrain": "No", "snow_park": "No", "sledding_tubing": "No", "lift_types": "cable car: 1, chair lift: 2", "resort_type": "downhill ski resort", "region": "asia/japan/chubu" }, "geometry": { "type": "Point", "coordinates": [ 138.312016, 36.073831 ] } },
{ "type": "Feature", "properties": { "winter_sports_id": 1202441174, "winter_sports_type": "way", "name": "蓼科東急スキー場", "country": "Japan", "state": "Nagano", "total_area_ha": 4.68, "total_area_acres": 12.0, "skiable_terrain_ha": 1.84, "skiable_terrain_acres": 5.0, "total_lifts": 2, "longest_lift_mi": 0.17, "downhill_trails": 3, "longest_trail_mi": 0.0, "avg_trail_mi": 0.0, "trails_novice": 0, "trails_easy": 1, "trails_intermediate": 1, "trails_advanced": 1, "trails_expert": 0, "trails_freeride": 0, "trails_extreme": 0, "gladed_terrain": "No", "snow_park": "No", "sledding_tubing": "Yes", "lift_types": "chair lift: 1, magic carpet: 1", "resort_type": "downhill ski resort", "region": "asia/japan/chubu" }, "geometry": { "type": "Point", "coordinates": [ 138.257768, 36.069634 ] } },
{ "type": "Feature", "properties": { "winter_sports_id": 1202441820, "winter_sports_type": "way", "name": "パラダ", "country": "Japan", "state": "Nagano", "total_area_ha": 43.44, "total_area_acres": 107.0, "skiable_terrain_ha": 25.44, "skiable_terrain_acres": 63.0, "total_lifts": 8, "longest_lift_mi": 0.4, "downhill_trails": 7, "longest_trail_mi": 0.0, "avg_trail_mi": 0.0, "trails_novice": 0, "trails_easy": 5, "trails_intermediate": 2, "trails_advanced": 0, "trails_expert": 0, "trails_freeride": 0, "trails_extreme": 0, "gladed_terrain": "No", "snow_park": "No", "sledding_tubing": "No", "lift_types": "chair lift: 8", "resort_type": "downhill ski resort", "region": "asia/japan/chubu" }, "geometry": { "type": "Point", "coordinates": [ 138.513818, 36.286228 ] } },
{ "type": "Feature", "properties": { "winter_sports_id": 1202442731, "winter_sports_type": "way", "name": "軽井沢プリンスホテルスキー場", "country": "Japan", "state": "Gunma", "total_area_ha": 65.06, "total_area_acres": 161.0, "skiable_terrain_ha": 20.74, "skiable_terrain_acres": 51.0, "total_lifts": 8, "longest_lift_mi": 0.63, "downhill_trails": 20, "longest_trail_mi": 0.0, "avg_trail_mi": 0.0, "trails_novice": 0, "trails_easy": 13, "trails_intermediate": 3, "trails_advanced": 4, "trails_expert": 0, "trails_freeride": 0, "trails_extreme": 0, "gladed_terrain": "No", "snow_park": "No", "sledding_tubing": "No", "lift_types": "chair lift: 8", "resort_type": "downhill ski resort", "region": "asia/japan/chubu" }, "geometry": { "type": "Point", "coordinates": [ 138.643434, 36.336439 ] } },
{ "type": "Feature", "properties": { "winter_sports_id": 1202443815, "winter_sports_type": "way", "name": "ヤマボクワイルドスノーパーク", "country": "Japan", "state": "Nagano", "total_area_ha": 119.59, "total_area_acres": 296.0, "skiable_terrain_ha": 60.13, "skiable_terrain_acres": 149.0, "total_lifts": 3, "longest_lift_mi": 0.4, "downhill_trails": 20, "longest_trail_mi": 0.0, "avg_trail_mi": 0.0, "trails_novice": 0, "trails_easy": 3, "trails_intermediate": 6, "trails_advanced": 8, "trails_expert": 0, "trails_freeride": 3, "trails_extreme": 0, "gladed_terrain": "No", "snow_park": "No", "sledding_tubing": "No", "lift_types": "chair lift: 3", "resort_type": "downhill ski resort", "region": "asia/japan/chubu" }, "geometry": { "type": "Point", "coordinates": [ 138.464258, 36.672713 ] } },
{ "type": "Feature", "properties": { "winter_sports_id": 1208478420, "winter_sports_type": "way", "name": "三川温泉スキー場", "country": "Japan", "state": "Niigata", "total_area_ha": 34.56, "total_area_acres": 85.0, "skiable_terrain_ha": 24.53, "skiable_terrain_acres": 61.0, "total_lifts": 4, "longest_lift_mi": 0.32, "downhill_trails": 11, "longest_trail_mi": 0.0, "avg_trail_mi": 0.0, "trails_novice": 0, "trails_easy": 6, "trails_intermediate": 3, "trails_advanced": 2, "trails_expert": 0, "trails_freeride": 0, "trails_extreme": 0, "gladed_terrain": "No", "snow_park": "No", "sledding_tubing": "No", "lift_types": "chair lift: 4", "resort_type": "downhill ski resort", "region": "asia/japan/chubu" }, "geometry": { "type": "Point", "coordinates": [ 139.395654, 37.717816 ] } },
{ "type": "Feature", "properties": { "winter_sports_id": 1208479232, "winter_sports_type": "way", "name": "ニノックススノーパーク", "country": "Japan", "state": "Niigata", "total_area_ha": 39.13, "total_area_acres": 97.0, "skiable_terrain_ha": 20.2, "skiable_terrain_acres": 50.0, "total_lifts": 3, "longest_lift_mi": 0.88, "downhill_trails": 6, "longest_trail_mi": 0.0, "avg_trail_mi": 0.0, "trails_novice": 0, "trails_easy": 2, "trails_intermediate": 2, "trails_advanced": 2, "trails_expert": 0, "trails_freeride": 0, "trails_extreme": 0, "gladed_terrain": "No", "snow_park": "No", "sledding_tubing": "No", "lift_types": "chair lift: 3", "resort_type": "downhill ski resort", "region": "asia/japan/chubu" }, "geometry": { "type": "Point", "coordinates": [ 139.479427, 37.92327 ] } },
{ "type": "Feature", "properties": { "winter_sports_id": 1208479993, "winter_sports_type": "way", "name": "胎内スキー場", "country": "Japan", "state": "Niigata", "total_area_ha": 130.23, "total_area_acres": 322.0, "skiable_terrain_ha": 68.58, "skiable_terrain_acres": 169.0, "total_lifts": 9, "longest_lift_mi": 1.02, "downhill_trails": 18, "longest_trail_mi": 0.0, "avg_trail_mi": 0.0, "trails_novice": 0, "trails_easy": 7, "trails_intermediate": 6, "trails_advanced": 2, "trails_expert": 0, "trails_freeride": 2, "trails_extreme": 0, "gladed_terrain": "No", "snow_park": "No", "sledding_tubing": "No", "lift_types": "chair lift: 9", "resort_type": "downhill ski resort", "region": "asia/japan/chubu" }, "geometry": { "type": "Point", "coordinates": [ 139.504159, 38.002729 ] } },
{ "type": "Feature", "properties": { "winter_sports_id": 1220434615, "winter_sports_type": "way", "name": "白山セイモアスキー場", "country": "Japan", "state": "Ishikawa", "total_area_ha": 74.2, "total_area_acres": 183.0, "skiable_terrain_ha": 47.9, "skiable_terrain_acres": 118.0, "total_lifts": 4, "longest_lift_mi": 0.73, "downhill_trails": 14, "longest_trail_mi": 0.0, "avg_trail_mi": 0.0, "trails_novice": 0, "trails_easy": 6, "trails_intermediate": 4, "trails_advanced": 4, "trails_expert": 0, "trails_freeride": 0, "trails_extreme": 0, "gladed_terrain": "No", "snow_park": "No", "sledding_tubing": "No", "lift_types": "chair lift: 4", "resort_type": "downhill ski resort", "region": "asia/japan/chubu" }, "geometry": { "type": "Point", "coordinates": [ 136.686408, 36.341424 ] } },
{ "type": "Feature", "properties": { "winter_sports_id": 1220435020, "winter_sports_type": "way", "name": "高山市営飛騨高山スキー場", "country": "Japan", "state": "Gifu", "total_area_ha": 33.74, "total_area_acres": 83.0, "skiable_terrain_ha": 14.11, "skiable_terrain_acres": 35.0, "total_lifts": 3, "longest_lift_mi": 0.56, "downhill_trails": 6, "longest_trail_mi": 0.0, "avg_trail_mi": 0.0, "trails_novice": 0, "trails_easy": 2, "trails_intermediate": 3, "trails_advanced": 1, "trails_expert": 0, "trails_freeride": 0, "trails_extreme": 0, "gladed_terrain": "No", "snow_park": "No", "sledding_tubing": "No", "lift_types": "chair lift: 3", "resort_type": "downhill ski resort", "region": "asia/japan/chubu" }, "geometry": { "type": "Point", "coordinates": [ 137.435048, 36.141661 ] } },
{ "type": "Feature", "properties": { "winter_sports_id": 1220491455, "winter_sports_type": "way", "name": "平湯温泉スキー場", "country": "Japan", "state": "Gifu", "total_area_ha": 42.32, "total_area_acres": 105.0, "skiable_terrain_ha": 31.22, "skiable_terrain_acres": 77.0, "total_lifts": 2, "longest_lift_mi": 0.66, "downhill_trails": 3, "longest_trail_mi": 0.0, "avg_trail_mi": 0.0, "trails_novice": 0, "trails_easy": 1, "trails_intermediate": 1, "trails_advanced": 1, "trails_expert": 0, "trails_freeride": 0, "trails_extreme": 0, "gladed_terrain": "No", "snow_park": "No", "sledding_tubing": "No", "lift_types": "chair lift: 2", "resort_type": "downhill ski resort", "region": "asia/japan/chubu" }, "geometry": { "type": "Point", "coordinates": [ 137.55939, 36.184873 ] } },
{ "type": "Feature", "properties": { "winter_sports_id": 1220492415, "winter_sports_type": "way", "name": "金沢市営医王山スキー場", "country": "Japan", "state": "Ishikawa", "total_area_ha": 9.34, "total_area_acres": 23.0, "skiable_terrain_ha": 3.96, "skiable_terrain_acres": 10.0, "total_lifts": 2, "longest_lift_mi": 0.24, "downhill_trails": 6, "longest_trail_mi": 0.0, "avg_trail_mi": 0.0, "trails_novice": 0, "trails_easy": 4, "trails_intermediate": 1, "trails_advanced": 1, "trails_expert": 0, "trails_freeride": 0, "trails_extreme": 0, "gladed_terrain": "No", "snow_park": "No", "sledding_tubing": "No", "lift_types": "chair lift: 2", "resort_type": "downhill ski resort", "region": "asia/japan/chubu" }, "geometry": { "type": "Point", "coordinates": [ 136.752101, 36.525775 ] } },
{ "type": "Feature", "properties": { "winter_sports_id": 1220493390, "winter_sports_type": "way", "name": "イオックス・アローザ", "country": "Japan", "state": "Toyama", "total_area_ha": 42.05, "total_area_acres": 104.0, "skiable_terrain_ha": 17.71, "skiable_terrain_acres": 44.0, "total_lifts": 6, "longest_lift_mi": 0.96, "downhill_trails": 9, "longest_trail_mi": 0.0, "avg_trail_mi": 0.0, "trails_novice": 2, "trails_easy": 2, "trails_intermediate": 3, "trails_advanced": 2, "trails_expert": 0, "trails_freeride": 0, "trails_extreme": 0, "gladed_terrain": "No", "snow_park": "No", "sledding_tubing": "No", "lift_types": "chair lift: 5, gondola: 1", "resort_type": "downhill ski resort", "region": "asia/japan/chubu" }, "geometry": { "type": "Point", "coordinates": [ 136.81196, 36.514677 ] } },
{ "type": "Feature", "properties": { "winter_sports_id": 1220494270, "winter_sports_type": "way", "name": "立山山麓スキー場", "country": "Japan", "state": "Toyama", "total_area_ha": 162.25, "total_area_acres": 401.0, "skiable_terrain_ha": 96.19, "skiable_terrain_acres": 238.0, "total_lifts": 10, "longest_lift_mi": 1.06, "downhill_trails": 17, "longest_trail_mi": 0.02, "avg_trail_mi": 0.02, "trails_novice": 0, "trails_easy": 3, "trails_intermediate": 5, "trails_advanced": 4, "trails_expert": 0, "trails_freeride": 0, "trails_extreme": 0, "gladed_terrain": "No", "snow_park": "No", "sledding_tubing": "No", "lift_types": "chair lift: 9, gondola: 1", "resort_type": "downhill ski resort", "region": "asia/japan/chubu" }, "geometry": { "type": "Point", "coordinates": [ 137.425171, 36.568179 ] } },
{ "type": "Feature", "properties": { "winter_sports_id": 1221231986, "winter_sports_type": "way", "name": "鷲ヶ岳スキー場", "country": "Japan", "state": "Gifu", "total_area_ha": 80.48, "total_area_acres": 199.0, "skiable_terrain_ha": 82.8, "skiable_terrain_acres": 205.0, "total_lifts": 9, "longest_lift_mi": 0.85, "downhill_trails": 33, "longest_trail_mi": 0.0, "avg_trail_mi": 0.0, "trails_novice": 0, "trails_easy": 6, "trails_intermediate": 13, "trails_advanced": 8, "trails_expert": 0, "trails_freeride": 0, "trails_extreme": 0, "gladed_terrain": "No", "snow_park": "No", "sledding_tubing": "No", "lift_types": "chair lift: 9", "resort_type": "downhill ski resort", "region": "asia/japan/chubu" }, "geometry": { "type": "Point", "coordinates": [ 136.93145, 35.943781 ] } },
{ "type": "Feature", "properties": { "winter_sports_id": 1221232599, "winter_sports_type": "way", "name": "ホワイトピアたかす", "country": "Japan", "state": "Gifu", "total_area_ha": 71.77, "total_area_acres": 177.0, "skiable_terrain_ha": 82.8, "skiable_terrain_acres": 205.0, "total_lifts": 9, "longest_lift_mi": 0.85, "downhill_trails": 33, "longest_trail_mi": 0.0, "avg_trail_mi": 0.0, "trails_novice": 0, "trails_easy": 6, "trails_intermediate": 13, "trails_advanced": 8, "trails_expert": 0, "trails_freeride": 0, "trails_extreme": 0, "gladed_terrain": "No", "snow_park": "No", "sledding_tubing": "No", "lift_types": "chair lift: 9", "resort_type": "downhill ski resort", "region": "asia/japan/chubu" }, "geometry": { "type": "Point", "coordinates": [ 136.939359, 35.951576 ] } },
{ "type": "Feature", "properties": { "winter_sports_id": 1221232880, "winter_sports_type": "way", "name": "郡上ヴァカンス村スキー場", "country": "Japan", "state": "Gifu", "total_area_ha": 7.86, "total_area_acres": 19.0, "skiable_terrain_ha": 2.69, "skiable_terrain_acres": 7.0, "total_lifts": 1, "longest_lift_mi": 0.29, "downhill_trails": 2, "longest_trail_mi": 0.0, "avg_trail_mi": 0.0, "trails_novice": 0, "trails_easy": 2, "trails_intermediate": 0, "trails_advanced": 0, "trails_expert": 0, "trails_freeride": 0, "trails_extreme": 0, "gladed_terrain": "No", "snow_park": "No", "sledding_tubing": "No", "lift_types": "chair lift: 1", "resort_type": "downhill ski resort", "region": "asia/japan/chubu" }, "geometry": { "type": "Point", "coordinates": [ 136.940824, 35.975636 ] } },
{ "type": "Feature", "properties": { "winter_sports_id": 1221233782, "winter_sports_type": "way", "name": "しらおスキー場", "country": "Japan", "state": "Gifu", "total_area_ha": 69.5, "total_area_acres": 172.0, "skiable_terrain_ha": 44.56, "skiable_terrain_acres": 110.0, "total_lifts": 5, "longest_lift_mi": 0.55, "downhill_trails": 9, "longest_trail_mi": 0.0, "avg_trail_mi": 0.0, "trails_novice": 0, "trails_easy": 4, "trails_intermediate": 5, "trails_advanced": 0, "trails_expert": 0, "trails_freeride": 0, "trails_extreme": 0, "gladed_terrain": "No", "snow_park": "No", "sledding_tubing": "No", "lift_types": "chair lift: 5", "resort_type": "downhill ski resort", "region": "asia/japan/chubu" }, "geometry": { "type": "Point", "coordinates": [ 136.93926, 35.899659 ] } },
{ "type": "Feature", "properties": { "winter_sports_id": 1221234009, "winter_sports_type": "way", "name": "めいほうスキー場", "country": "Japan", "state": "Gifu", "total_area_ha": 184.58, "total_area_acres": 456.0, "skiable_terrain_ha": 172.34, "skiable_terrain_acres": 426.0, "total_lifts": 5, "longest_lift_mi": 0.9, "downhill_trails": 18, "longest_trail_mi": 0.0, "avg_trail_mi": 0.0, "trails_novice": 0, "trails_easy": 4, "trails_intermediate": 5, "trails_advanced": 3, "trails_expert": 0, "trails_freeride": 0, "trails_extreme": 0, "gladed_terrain": "No", "snow_park": "No", "sledding_tubing": "No", "lift_types": "chair lift: 5", "resort_type": "downhill ski resort", "region": "asia/japan/chubu" }, "geometry": { "type": "Point", "coordinates": [ 137.029672, 35.951169 ] } },
{ "type": "Feature", "properties": { "winter_sports_id": 1221237456, "winter_sports_type": "way", "name": "長岡市営スキー場", "country": "Japan", "state": "Niigata", "total_area_ha": 16.43, "total_area_acres": 41.0, "skiable_terrain_ha": 6.35, "skiable_terrain_acres": 16.0, "total_lifts": 2, "longest_lift_mi": 0.36, "downhill_trails": 4, "longest_trail_mi": 0.0, "avg_trail_mi": 0.0, "trails_novice": 0, "trails_easy": 2, "trails_intermediate": 1, "trails_advanced": 1, "trails_expert": 0, "trails_freeride": 0, "trails_extreme": 0, "gladed_terrain": "No", "snow_park": "No", "sledding_tubing": "No", "lift_types": "chair lift: 2", "resort_type": "downhill ski resort", "region": "asia/japan/chubu" }, "geometry": { "type": "Point", "coordinates": [ 138.895836, 37.413044 ] } },
{ "type": "Feature", "properties": { "winter_sports_id": 1257259815, "winter_sports_type": "way", "name": "菅平高原パインビークスキー場", "country": "Japan", "state": "Nagano", "total_area_ha": 213.83, "total_area_acres": 528.0, "skiable_terrain_ha": 76.21, "skiable_terrain_acres": 188.0, "total_lifts": 6, "longest_lift_mi": 0.6, "downhill_trails": 28, "longest_trail_mi": 0.13, "avg_trail_mi": 0.06, "trails_novice": 0, "trails_easy": 16, "trails_intermediate": 7, "trails_advanced": 5, "trails_expert": 0, "trails_freeride": 0, "trails_extreme": 0, "gladed_terrain": "No", "snow_park": "No", "sledding_tubing": "No", "lift_types": "chair lift: 6", "resort_type": "downhill ski resort", "region": "asia/japan/chubu" }, "geometry": { "type": "Point", "coordinates": [ 138.310975, 36.520473 ] } },
{ "type": "Feature", "properties": { "winter_sports_id": 1257427792, "winter_sports_type": "way", "name": "峰の原高原スキー場", "country": "Japan", "state": "Nagano", "total_area_ha": 86.08, "total_area_acres": 213.0, "skiable_terrain_ha": 65.06, "skiable_terrain_acres": 161.0, "total_lifts": 6, "longest_lift_mi": 0.59, "downhill_trails": 18, "longest_trail_mi": 0.0, "avg_trail_mi": 0.0, "trails_novice": 4, "trails_easy": 10, "trails_intermediate": 3, "trails_advanced": 1, "trails_expert": 0, "trails_freeride": 0, "trails_extreme": 0, "gladed_terrain": "No", "snow_park": "No", "sledding_tubing": "No", "lift_types": "chair lift: 6", "resort_type": "downhill ski resort", "region": "asia/japan/chubu" }, "geometry": { "type": "Point", "coordinates": [ 138.354111, 36.558613 ] } },
{ "type": "Feature", "properties": { "winter_sports_id": 1348679001, "winter_sports_type": "way", "name": "ニュー・グリーンピア", "country": "Japan", "state": "Niigata", "total_area_ha": 57.66, "total_area_acres": 142.0, "skiable_terrain_ha": 28.46, "skiable_terrain_acres": 70.0, "total_lifts": 3, "longest_lift_mi": 0.58, "downhill_trails": 11, "longest_trail_mi": 0.0, "avg_trail_mi": 0.0, "trails_novice": 0, "trails_easy": 7, "trails_intermediate": 3, "trails_advanced": 1, "trails_expert": 0, "trails_freeride": 0, "trails_extreme": 0, "gladed_terrain": "No", "snow_park": "No", "sledding_tubing": "No", "lift_types": "chair lift: 3", "resort_type": "downhill ski resort", "region": "asia/japan/chubu" }, "geometry": { "type": "Point", "coordinates": [ 138.688271, 36.952649 ] } },
{ "type": "Feature", "properties": { "winter_sports_id": 1375474653, "winter_sports_type": "way", "name": "佐渡市平スキー場", "country": "Japan", "state": "Niigata", "total_area_ha": 4.77, "total_area_acres": 12.0, "skiable_terrain_ha": 0.75, "skiable_terrain_acres": 2.0, "total_lifts": 1, "longest_lift_mi": 0.11, "downhill_trails": 3, "longest_trail_mi": 0.0, "avg_trail_mi": 0.0, "trails_novice": 0, "trails_easy": 1, "trails_intermediate": 1, "trails_advanced": 1, "trails_expert": 0, "trails_freeride": 0, "trails_extreme": 0, "gladed_terrain": "No", "snow_park": "No", "sledding_tubing": "No", "lift_types": "chair lift: 1", "resort_type": "downhill ski resort", "region": "asia/japan/chubu" }, "geometry": { "type": "Point", "coordinates": [ 138.351404, 38.076731 ] } },
{ "type": "Feature", "properties": { "winter_sports_id": 1415197311, "winter_sports_type": "way", "name": "母袋温泉スキー場", "country": "Japan", "state": "Gifu", "total_area_ha": 5.59, "total_area_acres": 14.0, "skiable_terrain_ha": 0.0, "skiable_terrain_acres": 0.0, "total_lifts": 1, "longest_lift_mi": 0.25, "downhill_trails": 0, "longest_trail_mi": 0.0, "avg_trail_mi": 0.0, "trails_novice": 0, "trails_easy": 0, "trails_intermediate": 0, "trails_advanced": 0, "trails_expert": 0, "trails_freeride": 0, "trails_extreme": 0, "gladed_terrain": "No", "snow_park": "No", "sledding_tubing": "No", "lift_types": "chair lift: 1", "resort_type": "downhill ski resort", "region": "asia/japan/chubu" }, "geometry": { "type": "Point", "coordinates": [ 136.954934, 35.865976 ] } },
{ "type": "Feature", "properties": { "winter_sports_id": 1458250089, "winter_sports_type": "way", "name": "あわすのスキー場", "country": "Japan", "state": "Toyama", "total_area_ha": 20.11, "total_area_acres": 50.0, "skiable_terrain_ha": 62.39, "skiable_terrain_acres": 154.0, "total_lifts": 7, "longest_lift_mi": 1.06, "downhill_trails": 13, "longest_trail_mi": 0.02, "avg_trail_mi": 0.02, "trails_novice": 0, "trails_easy": 2, "trails_intermediate": 3, "trails_advanced": 3, "trails_expert": 0, "trails_freeride": 0, "trails_extreme": 0, "gladed_terrain": "No", "snow_park": "No", "sledding_tubing": "No", "lift_types": "chair lift: 6, gondola: 1", "resort_type": "downhill ski resort", "region": "asia/japan/chubu" }, "geometry": { "type": "Point", "coordinates": [ 137.444155, 36.573408 ] } },
{ "type": "Feature", "properties": { "winter_sports_id": 1458250741, "winter_sports_type": "way", "name": "あさひプライムスキー場", "country": "Japan", "state": "Nagano", "total_area_ha": 6.37, "total_area_acres": 16.0, "skiable_terrain_ha": 2.61, "skiable_terrain_acres": 6.0, "total_lifts": 2, "longest_lift_mi": 0.29, "downhill_trails": 4, "longest_trail_mi": 0.0, "avg_trail_mi": 0.0, "trails_novice": 0, "trails_easy": 2, "trails_intermediate": 1, "trails_advanced": 0, "trails_expert": 0, "trails_freeride": 0, "trails_extreme": 0, "gladed_terrain": "No", "snow_park": "No", "sledding_tubing": "No", "lift_types": "chair lift: 2", "resort_type": "downhill ski resort", "region": "asia/japan/chubu" }, "geometry": { "type": "Point", "coordinates": [ 137.830532, 36.117424 ] } },
{ "type": "Feature", "properties": { "winter_sports_id": 1458630488, "winter_sports_type": "way", "name": "ぶどうスノーリゾート", "country": "Japan", "state": "Niigata", "total_area_ha": 39.36, "total_area_acres": 97.0, "skiable_terrain_ha": 27.6, "skiable_terrain_acres": 68.0, "total_lifts": 2, "longest_lift_mi": 0.47, "downhill_trails": 6, "longest_trail_mi": 0.0, "avg_trail_mi": 0.0, "trails_novice": 0, "trails_easy": 1, "trails_intermediate": 1, "trails_advanced": 4, "trails_expert": 0, "trails_freeride": 0, "trails_extreme": 0, "gladed_terrain": "No", "snow_park": "No", "sledding_tubing": "No", "lift_types": "chair lift: 2", "resort_type": "downhill ski resort", "region": "asia/japan/chubu" }, "geometry": { "type": "Point", "coordinates": [ 139.546573, 38.391546 ] } },
{ "type": "Feature", "properties": { "winter_sports_id": 1458630941, "winter_sports_type": "way", "name": "茶臼山高原スキー場", "country": "Japan", "state": "Nagano", "total_area_ha": 15.37, "total_area_acres": 38.0, "skiable_terrain_ha": 11.87, "skiable_terrain_acres": 29.0, "total_lifts": 2, "longest_lift_mi": 0.36, "downhill_trails": 4, "longest_trail_mi": 0.0, "avg_trail_mi": 0.0, "trails_novice": 0, "trails_easy": 1, "trails_intermediate": 2, "trails_advanced": 1, "trails_expert": 0, "trails_freeride": 0, "trails_extreme": 0, "gladed_terrain": "No", "snow_park": "No", "sledding_tubing": "No", "lift_types": "chair lift: 2", "resort_type": "downhill ski resort", "region": "asia/japan/chubu" }, "geometry": { "type": "Point", "coordinates": [ 137.656586, 35.217629 ] } },
{ "type": "Feature", "properties": { "winter_sports_id": 1458684045, "winter_sports_type": "way", "name": "中央道　伊那スキーリゾート", "country": "Japan", "state": "Nagano", "total_area_ha": 14.06, "total_area_acres": 35.0, "skiable_terrain_ha": 2.56, "skiable_terrain_acres": 6.0, "total_lifts": 3, "longest_lift_mi": 0.35, "downhill_trails": 3, "longest_trail_mi": 0.0, "avg_trail_mi": 0.0, "trails_novice": 0, "trails_easy": 1, "trails_intermediate": 1, "trails_advanced": 0, "trails_expert": 0, "trails_freeride": 0, "trails_extreme": 0, "gladed_terrain": "No", "snow_park": "No", "sledding_tubing": "No", "lift_types": "chair lift: 2, magic carpet: 1", "resort_type": "downhill ski resort", "region": "asia/japan/chubu" }, "geometry": { "type": "Point", "coordinates": [ 137.910674, 35.81553 ] } },
{ "type": "Feature", "properties": { "winter_sports_id": 1458695224, "winter_sports_type": "way", "name": "キューピットバレイスキー場", "country": "Japan", "state": "Niigata", "total_area_ha": 126.56, "total_area_acres": 313.0, "skiable_terrain_ha": 23.39, "skiable_terrain_acres": 58.0, "total_lifts": 3, "longest_lift_mi": 0.95, "downhill_trails": 4, "longest_trail_mi": 0.12, "avg_trail_mi": 0.12, "trails_novice": 0, "trails_easy": 2, "trails_intermediate": 1, "trails_advanced": 0, "trails_expert": 1, "trails_freeride": 0, "trails_extreme": 0, "gladed_terrain": "No", "snow_park": "No", "sledding_tubing": "No", "lift_types": "chair lift: 3", "resort_type": "downhill ski resort", "region": "asia/japan/chubu" }, "geometry": { "type": "Point", "coordinates": [ 138.491572, 37.044874 ] } },
{ "type": "Feature", "properties": { "winter_sports_id": 1458947806, "winter_sports_type": "way", "name": "ダイナランドスキー場", "country": "Japan", "state": "Gifu", "total_area_ha": 116.63, "total_area_acres": 288.0, "skiable_terrain_ha": 203.2, "skiable_terrain_acres": 502.0, "total_lifts": 9, "longest_lift_mi": 1.52, "downhill_trails": 41, "longest_trail_mi": 0.06, "avg_trail_mi": 0.06, "trails_novice": 0, "trails_easy": 15, "trails_intermediate": 10, "trails_advanced": 11, "trails_expert": 0, "trails_freeride": 0, "trails_extreme": 0, "gladed_terrain": "No", "snow_park": "No", "sledding_tubing": "No", "lift_types": "chair lift: 8, gondola: 1", "resort_type": "downhill ski resort", "region": "asia/japan/chubu" }, "geometry": { "type": "Point", "coordinates": [ 136.862415, 35.991261 ] } },
{ "type": "Feature", "properties": { "winter_sports_id": 1462558555, "winter_sports_type": "way", "name": "1462558555", "country": "Japan", "state": "Nagano", "total_area_ha": 5.69, "total_area_acres": 14.0, "skiable_terrain_ha": 100.4, "skiable_terrain_acres": 248.0, "total_lifts": 12, "longest_lift_mi": 0.43, "downhill_trails": 36, "longest_trail_mi": 0.0, "avg_trail_mi": 0.0, "trails_novice": 0, "trails_easy": 17, "trails_intermediate": 13, "trails_advanced": 5, "trails_expert": 0, "trails_freeride": 0, "trails_extreme": 0, "gladed_terrain": "No", "snow_park": "No", "sledding_tubing": "No", "lift_types": "chair lift: 12", "resort_type": "downhill ski resort", "region": "asia/japan/chubu" }, "geometry": { "type": "Point", "coordinates": [ 138.336236, 36.533485 ] } },
{ "type": "Feature", "properties": { "winter_sports_id": 1463884606, "winter_sports_type": "way", "name": "ファミリーゲレンデ 霧ヶ峰スキー場", "country": "Japan", "state": "Nagano", "total_area_ha": 10.86, "total_area_acres": 27.0, "skiable_terrain_ha": 3.47, "skiable_terrain_acres": 9.0, "total_lifts": 2, "longest_lift_mi": 0.18, "downhill_trails": 5, "longest_trail_mi": 0.0, "avg_trail_mi": 0.0, "trails_novice": 0, "trails_easy": 0, "trails_intermediate": 0, "trails_advanced": 0, "trails_expert": 0, "trails_freeride": 0, "trails_extreme": 0, "gladed_terrain": "No", "snow_park": "No", "sledding_tubing": "No", "lift_types": "chair lift: 2", "resort_type": "downhill ski resort", "region": "asia/japan/chubu" }, "geometry": { "type": "Point", "coordinates": [ 138.16253, 36.096466 ] } },
{ "type": "Feature", "properties": { "winter_sports_id": 1469699107, "winter_sports_type": "way", "name": "金谷山スキー場", "country": "Japan", "state": "Niigata", "total_area_ha": 2.79, "total_area_acres": 7.0, "skiable_terrain_ha": 0.46, "skiable_terrain_acres": 1.0, "total_lifts": 1, "longest_lift_mi": 0.15, "downhill_trails": 1, "longest_trail_mi": 0.0, "avg_trail_mi": 0.0, "trails_novice": 0, "trails_easy": 0, "trails_intermediate": 0, "trails_advanced": 0, "trails_expert": 0, "trails_freeride": 0, "trails_extreme": 0, "gladed_terrain": "No", "snow_park": "No", "sledding_tubing": "No", "lift_types": "chair lift: 1", "resort_type": "downhill ski resort", "region": "asia/japan/chubu" }, "geometry": { "type": "Point", "coordinates": [ 138.223707, 37.103522 ] } },
{ "type": "Feature", "properties": { "winter_sports_id": 1469706159, "winter_sports_type": "way", "name": "駒ヶ根スキーリゾート", "country": "Japan", "state": "Nagano", "total_area_ha": 7.8, "total_area_acres": 19.0, "skiable_terrain_ha": 3.38, "skiable_terrain_acres": 8.0, "total_lifts": 3, "longest_lift_mi": 0.29, "downhill_trails": 2, "longest_trail_mi": 0.0, "avg_trail_mi": 0.0, "trails_novice": 0, "trails_easy": 1, "trails_intermediate": 1, "trails_advanced": 0, "trails_expert": 0, "trails_freeride": 0, "trails_extreme": 0, "gladed_terrain": "No", "snow_park": "No", "sledding_tubing": "Yes", "lift_types": "chair lift: 2, magic carpet: 1", "resort_type": "downhill ski resort", "region": "asia/japan/chubu" }, "geometry": { "type": "Point", "coordinates": [ 137.886684, 35.739194 ] } },
{ "type": "Feature", "properties": { "winter_sports_id": 1475616294, "winter_sports_type": "way", "name": "菅平高原ダボスの岡スキー場", "country": "Japan", "state": "Nagano", "total_area_ha": 156.45, "total_area_acres": 387.0, "skiable_terrain_ha": 136.43, "skiable_terrain_acres": 337.0, "total_lifts": 13, "longest_lift_mi": 0.59, "downhill_trails": 44, "longest_trail_mi": 0.0, "avg_trail_mi": 0.0, "trails_novice": 3, "trails_easy": 21, "trails_intermediate": 14, "trails_advanced": 5, "trails_expert": 0, "trails_freeride": 0, "trails_extreme": 0, "gladed_terrain": "No", "snow_park": "No", "sledding_tubing": "No", "lift_types": "chair lift: 13", "resort_type": "downhill ski resort", "region": "asia/japan/chubu" }, "geometry": { "type": "Point", "coordinates": [ 138.352531, 36.541634 ] } },
{ "type": "Feature", "properties": { "winter_sports_id": 1475616299, "winter_sports_type": "way", "name": "菅平高原太郎スキー場", "country": "Japan", "state": "Nagano", "total_area_ha": 101.37, "total_area_acres": 250.0, "skiable_terrain_ha": 100.4, "skiable_terrain_acres": 248.0, "total_lifts": 11, "longest_lift_mi": 0.43, "downhill_trails": 36, "longest_trail_mi": 0.0, "avg_trail_mi": 0.0, "trails_novice": 0, "trails_easy": 17, "trails_intermediate": 13, "trails_advanced": 5, "trails_expert": 0, "trails_freeride": 0, "trails_extreme": 0, "gladed_terrain": "No", "snow_park": "No", "sledding_tubing": "No", "lift_types": "chair lift: 11", "resort_type": "downhill ski resort", "region": "asia/japan/chubu" }, "geometry": { "type": "Point", "coordinates": [ 138.333635, 36.535409 ] } },
{ "type": "Feature", "properties": { "winter_sports_id": 143448124, "winter_sports_type": "way", "name": "143448124", "country": "Japan", "state": "Shimane", "total_area_ha": 20.53, "total_area_acres": 51.0, "skiable_terrain_ha": 12.83, "skiable_terrain_acres": 32.0, "total_lifts": 2, "longest_lift_mi": 0.29, "downhill_trails": 7, "longest_trail_mi": 0.0, "avg_trail_mi": 0.0, "trails_novice": 1, "trails_easy": 2, "trails_intermediate": 1, "trails_advanced": 3, "trails_expert": 0, "trails_freeride": 0, "trails_extreme": 0, "gladed_terrain": "No", "snow_park": "No", "sledding_tubing": "No", "lift_types": "chair lift: 2", "resort_type": "downhill ski resort", "region": "asia/japan/chugoku" }, "geometry": { "type": "Point", "coordinates": [ 132.458427, 34.796213 ] } },
{ "type": "Feature", "properties": { "winter_sports_id": 146456431, "winter_sports_type": "way", "name": "アサヒテングストン", "country": "Japan", "state": "Shimane", "total_area_ha": 73.25, "total_area_acres": 181.0, "skiable_terrain_ha": 33.46, "skiable_terrain_acres": 83.0, "total_lifts": 5, "longest_lift_mi": 1.05, "downhill_trails": 9, "longest_trail_mi": 0.0, "avg_trail_mi": 0.0, "trails_novice": 1, "trails_easy": 2, "trails_intermediate": 4, "trails_advanced": 2, "trails_expert": 0, "trails_freeride": 0, "trails_extreme": 0, "gladed_terrain": "No", "snow_park": "No", "sledding_tubing": "No", "lift_types": "chair lift: 4, gondola: 1", "resort_type": "downhill ski resort", "region": "asia/japan/chugoku" }, "geometry": { "type": "Point", "coordinates": [ 132.364896, 34.813104 ] } },
{ "type": "Feature", "properties": { "winter_sports_id": 673656706, "winter_sports_type": "way", "name": "わかさ氷ノ山スキー場", "country": "Japan", "state": "Hyōgo", "total_area_ha": 42.52, "total_area_acres": 105.0, "skiable_terrain_ha": 18.3, "skiable_terrain_acres": 45.0, "total_lifts": 5, "longest_lift_mi": 0.5, "downhill_trails": 14, "longest_trail_mi": 0.03, "avg_trail_mi": 0.03, "trails_novice": 0, "trails_easy": 3, "trails_intermediate": 4, "trails_advanced": 5, "trails_expert": 0, "trails_freeride": 0, "trails_extreme": 0, "gladed_terrain": "No", "snow_park": "No", "sledding_tubing": "No", "lift_types": "chair lift: 5", "resort_type": "downhill ski resort", "region": "asia/japan/chugoku" }, "geometry": { "type": "Point", "coordinates": [ 134.49283, 35.347345 ] } },
{ "type": "Feature", "properties": { "winter_sports_id": 844917262, "winter_sports_type": "way", "name": "県民の森スキー場", "country": "Japan", "state": "Shimane", "total_area_ha": 19.98, "total_area_acres": 49.0, "skiable_terrain_ha": 0.0, "skiable_terrain_acres": 0.0, "total_lifts": 2, "longest_lift_mi": 0.43, "downhill_trails": 0, "longest_trail_mi": 0.0, "avg_trail_mi": 0.0, "trails_novice": 0, "trails_easy": 0, "trails_intermediate": 0, "trails_advanced": 0, "trails_expert": 0, "trails_freeride": 0, "trails_extreme": 0, "gladed_terrain": "No", "snow_park": "No", "sledding_tubing": "No", "lift_types": "chair lift: 2", "resort_type": "downhill ski resort", "region": "asia/japan/chugoku" }, "geometry": { "type": "Point", "coordinates": [ 133.06746, 35.067659 ] } },
{ "type": "Feature", "properties": { "winter_sports_id": 1188616490, "winter_sports_type": "way", "name": "十種ヶ峰スキー場", "country": "Japan", "state": "Shimane", "total_area_ha": 9.63, "total_area_acres": 24.0, "skiable_terrain_ha": 8.22, "skiable_terrain_acres": 20.0, "total_lifts": 1, "longest_lift_mi": 0.28, "downhill_trails": 4, "longest_trail_mi": 0.0, "avg_trail_mi": 0.0, "trails_novice": 1, "trails_easy": 1, "trails_intermediate": 1, "trails_advanced": 0, "trails_expert": 0, "trails_freeride": 1, "trails_extreme": 0, "gladed_terrain": "No", "snow_park": "No", "sledding_tubing": "No", "lift_types": "chair lift: 1", "resort_type": "downhill ski resort", "region": "asia/japan/chugoku" }, "geometry": { "type": "Point", "coordinates": [ 131.695084, 34.446639 ] } },
{ "type": "Feature", "properties": { "winter_sports_id": 1188617893, "winter_sports_type": "way", "name": "女鹿平温泉めがひらスキー場", "country": "Japan", "state": "Hiroshima", "total_area_ha": 35.51, "total_area_acres": 88.0, "skiable_terrain_ha": 35.99, "skiable_terrain_acres": 89.0, "total_lifts": 3, "longest_lift_mi": 0.58, "downhill_trails": 10, "longest_trail_mi": 0.0, "avg_trail_mi": 0.0, "trails_novice": 4, "trails_easy": 0, "trails_intermediate": 4, "trails_advanced": 2, "trails_expert": 0, "trails_freeride": 0, "trails_extreme": 0, "gladed_terrain": "No", "snow_park": "No", "sledding_tubing": "No", "lift_types": "chair lift: 3", "resort_type": "downhill ski resort", "region": "asia/japan/chugoku" }, "geometry": { "type": "Point", "coordinates": [ 132.13481, 34.496803 ] } },
{ "type": "Feature", "properties": { "winter_sports_id": 1188622733, "winter_sports_type": "way", "name": "恐羅漢スノーパーク", "country": "Japan", "state": "Hiroshima", "total_area_ha": 62.65, "total_area_acres": 155.0, "skiable_terrain_ha": 36.06, "skiable_terrain_acres": 89.0, "total_lifts": 8, "longest_lift_mi": 0.47, "downhill_trails": 21, "longest_trail_mi": 0.07, "avg_trail_mi": 0.07, "trails_novice": 2, "trails_easy": 7, "trails_intermediate": 3, "trails_advanced": 9, "trails_expert": 0, "trails_freeride": 0, "trails_extreme": 0, "gladed_terrain": "No", "snow_park": "No", "sledding_tubing": "No", "lift_types": "chair lift: 8", "resort_type": "downhill ski resort", "region": "asia/japan/chugoku" }, "geometry": { "type": "Point", "coordinates": [ 132.138936, 34.597313 ] } },
{ "type": "Feature", "properties": { "winter_sports_id": 1188624622, "winter_sports_type": "way", "name": "やわたハイランド１９１リゾート", "country": "Japan", "state": "Hiroshima", "total_area_ha": 26.07, "total_area_acres": 64.0, "skiable_terrain_ha": 16.31, "skiable_terrain_acres": 40.0, "total_lifts": 4, "longest_lift_mi": 0.45, "downhill_trails": 15, "longest_trail_mi": 0.0, "avg_trail_mi": 0.0, "trails_novice": 3, "trails_easy": 1, "trails_intermediate": 4, "trails_advanced": 2, "trails_expert": 0, "trails_freeride": 0, "trails_extreme": 0, "gladed_terrain": "No", "snow_park": "No", "sledding_tubing": "No", "lift_types": "chair lift: 4", "resort_type": "downhill ski resort", "region": "asia/japan/chugoku" }, "geometry": { "type": "Point", "coordinates": [ 132.155483, 34.694399 ] } },
{ "type": "Feature", "properties": { "winter_sports_id": 1188627524, "winter_sports_type": "way", "name": "芸北高原大佐スキー場", "country": "Japan", "state": "Hiroshima", "total_area_ha": 25.88, "total_area_acres": 64.0, "skiable_terrain_ha": 9.27, "skiable_terrain_acres": 23.0, "total_lifts": 5, "longest_lift_mi": 0.39, "downhill_trails": 10, "longest_trail_mi": 0.0, "avg_trail_mi": 0.0, "trails_novice": 3, "trails_easy": 1, "trails_intermediate": 3, "trails_advanced": 3, "trails_expert": 0, "trails_freeride": 0, "trails_extreme": 0, "gladed_terrain": "No", "snow_park": "No", "sledding_tubing": "No", "lift_types": "chair lift: 5", "resort_type": "downhill ski resort", "region": "asia/japan/chugoku" }, "geometry": { "type": "Point", "coordinates": [ 132.212297, 34.746371 ] } },
{ "type": "Feature", "properties": { "winter_sports_id": 1189121385, "winter_sports_type": "way", "name": "ユートピアサイオト", "country": "Japan", "state": "Shimane", "total_area_ha": 46.49, "total_area_acres": 115.0, "skiable_terrain_ha": 17.03, "skiable_terrain_acres": 42.0, "total_lifts": 6, "longest_lift_mi": 0.48, "downhill_trails": 6, "longest_trail_mi": 0.0, "avg_trail_mi": 0.0, "trails_novice": 2, "trails_easy": 2, "trails_intermediate": 2, "trails_advanced": 0, "trails_expert": 0, "trails_freeride": 0, "trails_extreme": 0, "gladed_terrain": "No", "snow_park": "No", "sledding_tubing": "No", "lift_types": "chair lift: 6", "resort_type": "downhill ski resort", "region": "asia/japan/chugoku" }, "geometry": { "type": "Point", "coordinates": [ 132.323541, 34.781564 ] } },
{ "type": "Feature", "properties": { "winter_sports_id": 1201621425, "winter_sports_type": "way", "name": "1201621425", "country": "Japan", "state": "Hiroshima", "total_area_ha": 147.45, "total_area_acres": 364.0, "skiable_terrain_ha": 32.64, "skiable_terrain_acres": 81.0, "total_lifts": 6, "longest_lift_mi": 0.98, "downhill_trails": 16, "longest_trail_mi": 0.0, "avg_trail_mi": 0.0, "trails_novice": 5, "trails_easy": 1, "trails_intermediate": 5, "trails_advanced": 5, "trails_expert": 0, "trails_freeride": 0, "trails_extreme": 0, "gladed_terrain": "No", "snow_park": "No", "sledding_tubing": "No", "lift_types": "chair lift: 6", "resort_type": "downhill ski resort", "region": "asia/japan/chugoku" }, "geometry": { "type": "Point", "coordinates": [ 132.225651, 34.708221 ] } },
{ "type": "Feature", "properties": { "winter_sports_id": 1201625902, "winter_sports_type": "way", "name": "琴引フォレストパークスキー場", "country": "Japan", "state": "Shimane", "total_area_ha": 23.8, "total_area_acres": 59.0, "skiable_terrain_ha": 10.77, "skiable_terrain_acres": 27.0, "total_lifts": 3, "longest_lift_mi": 0.43, "downhill_trails": 7, "longest_trail_mi": 0.0, "avg_trail_mi": 0.0, "trails_novice": 1, "trails_easy": 5, "trails_intermediate": 1, "trails_advanced": 0, "trails_expert": 0, "trails_freeride": 0, "trails_extreme": 0, "gladed_terrain": "No", "snow_park": "No", "sledding_tubing": "No", "lift_types": "chair lift: 3", "resort_type": "downhill ski resort", "region": "asia/japan/chugoku" }, "geometry": { "type": "Point", "coordinates": [ 132.771596, 35.051906 ] } },
{ "type": "Feature", "properties": { "winter_sports_id": 1201626670, "winter_sports_type": "way", "name": "猫山スキー場", "country": "Japan", "state": "Hiroshima", "total_area_ha": 30.11, "total_area_acres": 74.0, "skiable_terrain_ha": 14.71, "skiable_terrain_acres": 36.0, "total_lifts": 4, "longest_lift_mi": 0.47, "downhill_trails": 7, "longest_trail_mi": 0.0, "avg_trail_mi": 0.0, "trails_novice": 0, "trails_easy": 3, "trails_intermediate": 3, "trails_advanced": 1, "trails_expert": 0, "trails_freeride": 0, "trails_extreme": 0, "gladed_terrain": "No", "snow_park": "No", "sledding_tubing": "No", "lift_types": "chair lift: 4", "resort_type": "downhill ski resort", "region": "asia/japan/chugoku" }, "geometry": { "type": "Point", "coordinates": [ 133.199703, 35.037305 ] } },
{ "type": "Feature", "properties": { "winter_sports_id": 1201627496, "winter_sports_type": "way", "name": "道後山観光（株）", "country": "Japan", "state": "Tottori", "total_area_ha": 15.96, "total_area_acres": 39.0, "skiable_terrain_ha": 6.32, "skiable_terrain_acres": 16.0, "total_lifts": 2, "longest_lift_mi": 0.75, "downhill_trails": 3, "longest_trail_mi": 0.0, "avg_trail_mi": 0.0, "trails_novice": 0, "trails_easy": 0, "trails_intermediate": 1, "trails_advanced": 2, "trails_expert": 0, "trails_freeride": 0, "trails_extreme": 0, "gladed_terrain": "No", "snow_park": "No", "sledding_tubing": "No", "lift_types": "chair lift: 2", "resort_type": "downhill ski resort", "region": "asia/japan/chugoku" }, "geometry": { "type": "Point", "coordinates": [ 133.206967, 35.060908 ] } },
{ "type": "Feature", "properties": { "winter_sports_id": 1201629135, "winter_sports_type": "way", "name": "奥大山スキー場", "country": "Japan", "state": "Tottori", "total_area_ha": 22.31, "total_area_acres": 55.0, "skiable_terrain_ha": 7.74, "skiable_terrain_acres": 19.0, "total_lifts": 2, "longest_lift_mi": 0.27, "downhill_trails": 6, "longest_trail_mi": 0.0, "avg_trail_mi": 0.0, "trails_novice": 1, "trails_easy": 1, "trails_intermediate": 2, "trails_advanced": 2, "trails_expert": 0, "trails_freeride": 0, "trails_extreme": 0, "gladed_terrain": "No", "snow_park": "No", "sledding_tubing": "No", "lift_types": "chair lift: 2", "resort_type": "downhill ski resort", "region": "asia/japan/chugoku" }, "geometry": { "type": "Point", "coordinates": [ 133.559241, 35.344079 ] } },
{ "type": "Feature", "properties": { "winter_sports_id": 1201629598, "winter_sports_type": "way", "name": "津黒高原スキー場", "country": "Japan", "state": "Tottori", "total_area_ha": 7.12, "total_area_acres": 18.0, "skiable_terrain_ha": 2.62, "skiable_terrain_acres": 6.0, "total_lifts": 2, "longest_lift_mi": 0.22, "downhill_trails": 2, "longest_trail_mi": 0.0, "avg_trail_mi": 0.0, "trails_novice": 0, "trails_easy": 1, "trails_intermediate": 1, "trails_advanced": 0, "trails_expert": 0, "trails_freeride": 0, "trails_extreme": 0, "gladed_terrain": "No", "snow_park": "No", "sledding_tubing": "No", "lift_types": "chair lift: 1, drag lift: 1", "resort_type": "downhill ski resort", "region": "asia/japan/chugoku" }, "geometry": { "type": "Point", "coordinates": [ 133.797394, 35.256702 ] } },
{ "type": "Feature", "properties": { "winter_sports_id": 1208477331, "winter_sports_type": "way", "name": "瑞穂ハイランド", "country": "Japan", "state": "Shimane", "total_area_ha": 123.54, "total_area_acres": 305.0, "skiable_terrain_ha": 96.66, "skiable_terrain_acres": 239.0, "total_lifts": 5, "longest_lift_mi": 1.22, "downhill_trails": 13, "longest_trail_mi": 0.0, "avg_trail_mi": 0.0, "trails_novice": 0, "trails_easy": 4, "trails_intermediate": 4, "trails_advanced": 5, "trails_expert": 0, "trails_freeride": 0, "trails_extreme": 0, "gladed_terrain": "No", "snow_park": "No", "sledding_tubing": "No", "lift_types": "chair lift: 4, gondola: 1", "resort_type": "downhill ski resort", "region": "asia/japan/chugoku" }, "geometry": { "type": "Point", "coordinates": [ 132.391161, 34.797824 ] } },
{ "type": "Feature", "properties": { "winter_sports_id": 1345106617, "winter_sports_type": "way", "name": "ひるぜんベアバレースキー場", "country": "Japan", "state": "Okayama", "total_area_ha": 15.41, "total_area_acres": 38.0, "skiable_terrain_ha": 8.4, "skiable_terrain_acres": 21.0, "total_lifts": 3, "longest_lift_mi": 0.35, "downhill_trails": 8, "longest_trail_mi": 0.0, "avg_trail_mi": 0.0, "trails_novice": 2, "trails_easy": 0, "trails_intermediate": 0, "trails_advanced": 0, "trails_expert": 0, "trails_freeride": 0, "trails_extreme": 0, "gladed_terrain": "No", "snow_park": "No", "sledding_tubing": "No", "lift_types": "chair lift: 2, magic carpet: 1", "resort_type": "downhill ski resort", "region": "asia/japan/chugoku" }, "geometry": { "type": "Point", "coordinates": [ 133.597854, 35.259546 ] } },
{ "type": "Feature", "properties": { "winter_sports_id": 1458247001, "winter_sports_type": "way", "name": "安蔵公園スキー場", "country": "Japan", "state": "Tottori", "total_area_ha": 1.95, "total_area_acres": 5.0, "skiable_terrain_ha": 0.52, "skiable_terrain_acres": 1.0, "total_lifts": 2, "longest_lift_mi": 0.1, "downhill_trails": 3, "longest_trail_mi": 0.0, "avg_trail_mi": 0.0, "trails_novice": 0, "trails_easy": 3, "trails_intermediate": 0, "trails_advanced": 0, "trails_expert": 0, "trails_freeride": 0, "trails_extreme": 0, "gladed_terrain": "No", "snow_park": "No", "sledding_tubing": "No", "lift_types": "rope tow: 2", "resort_type": "downhill ski resort", "region": "asia/japan/chugoku" }, "geometry": { "type": "Point", "coordinates": [ 134.064875, 35.404358 ] } },
{ "type": "Feature", "properties": { "winter_sports_id": 1458631222, "winter_sports_type": "way", "name": "ちくさ高原スキー場", "country": "Japan", "state": "Okayama", "total_area_ha": 37.42, "total_area_acres": 92.0, "skiable_terrain_ha": 25.51, "skiable_terrain_acres": 63.0, "total_lifts": 5, "longest_lift_mi": 0.33, "downhill_trails": 12, "longest_trail_mi": 0.02, "avg_trail_mi": 0.02, "trails_novice": 0, "trails_easy": 0, "trails_intermediate": 0, "trails_advanced": 0, "trails_expert": 0, "trails_freeride": 0, "trails_extreme": 0, "gladed_terrain": "No", "snow_park": "No", "sledding_tubing": "No", "lift_types": "chair lift: 3, drag lift: 2", "resort_type": "downhill ski resort", "region": "asia/japan/chugoku" }, "geometry": { "type": "Point", "coordinates": [ 134.386293, 35.217427 ] } },
{ "type": "Feature", "properties": { "winter_sports_id": 1458697240, "winter_sports_type": "way", "name": "大山ますみず高原スノーパーク", "country": "Japan", "state": "Tottori", "total_area_ha": 13.52, "total_area_acres": 33.0, "skiable_terrain_ha": 11.88, "skiable_terrain_acres": 29.0, "total_lifts": 1, "longest_lift_mi": 0.32, "downhill_trails": 2, "longest_trail_mi": 0.0, "avg_trail_mi": 0.0, "trails_novice": 0, "trails_easy": 0, "trails_intermediate": 0, "trails_advanced": 0, "trails_expert": 0, "trails_freeride": 0, "trails_extreme": 0, "gladed_terrain": "No", "snow_park": "No", "sledding_tubing": "No", "lift_types": "chair lift: 1", "resort_type": "downhill ski resort", "region": "asia/japan/chugoku" }, "geometry": { "type": "Point", "coordinates": [ 133.517726, 35.369614 ] } },
{ "type": "Feature", "properties": { "winter_sports_id": 1458699771, "winter_sports_type": "way", "name": "だいせんホワイトリゾート", "country": "Japan", "state": "Tottori", "total_area_ha": 116.55, "total_area_acres": 288.0, "skiable_terrain_ha": 1.92, "skiable_terrain_acres": 5.0, "total_lifts": 13, "longest_lift_mi": 0.78, "downhill_trails": 1, "longest_trail_mi": 0.0, "avg_trail_mi": 0.0, "trails_novice": 0, "trails_easy": 0, "trails_intermediate": 0, "trails_advanced": 0, "trails_expert": 0, "trails_freeride": 0, "trails_extreme": 0, "gladed_terrain": "No", "snow_park": "No", "sledding_tubing": "No", "lift_types": "chair lift: 13", "resort_type": "downhill ski resort", "region": "asia/japan/chugoku" }, "geometry": { "type": "Point", "coordinates": [ 133.539415, 35.3975 ] } },
{ "type": "Feature", "properties": { "winter_sports_id": 1466018949, "winter_sports_type": "way", "name": "いぶきの里スキー場", "country": "Japan", "state": "Tottori", "total_area_ha": 20.03, "total_area_acres": 49.0, "skiable_terrain_ha": 10.94, "skiable_terrain_acres": 27.0, "total_lifts": 3, "longest_lift_mi": 0.34, "downhill_trails": 10, "longest_trail_mi": 0.04, "avg_trail_mi": 0.04, "trails_novice": 0, "trails_easy": 0, "trails_intermediate": 0, "trails_advanced": 0, "trails_expert": 0, "trails_freeride": 0, "trails_extreme": 0, "gladed_terrain": "No", "snow_park": "No", "sledding_tubing": "No", "lift_types": "chair lift: 3", "resort_type": "downhill ski resort", "region": "asia/japan/chugoku" }, "geometry": { "type": "Point", "coordinates": [ 133.406811, 35.164988 ] } },
{ "type": "Feature", "properties": { "winter_sports_id": 1467768348, "winter_sports_type": "way", "name": "鏡ヶ成スキー場", "country": "Japan", "state": "Tottori", "total_area_ha": 5.57, "total_area_acres": 14.0, "skiable_terrain_ha": 1.26, "skiable_terrain_acres": 3.0, "total_lifts": 2, "longest_lift_mi": 0.2, "downhill_trails": 1, "longest_trail_mi": 0.0, "avg_trail_mi": 0.0, "trails_novice": 0, "trails_easy": 0, "trails_intermediate": 0, "trails_advanced": 0, "trails_expert": 0, "trails_freeride": 0, "trails_extreme": 0, "gladed_terrain": "No", "snow_park": "No", "sledding_tubing": "No", "lift_types": "chair lift: 2", "resort_type": "downhill ski resort", "region": "asia/japan/chugoku" }, "geometry": { "type": "Point", "coordinates": [ 133.593653, 35.345638 ] } },
{ "type": "Feature", "properties": { "winter_sports_id": 172593585, "winter_sports_type": "way", "name": "サンタプレゼントパーク", "country": "Japan", "state": "Hokkaidō", "total_area_ha": 30.29, "total_area_acres": 75.0, "skiable_terrain_ha": 22.04, "skiable_terrain_acres": 54.0, "total_lifts": 5, "longest_lift_mi": 0.46, "downhill_trails": 9, "longest_trail_mi": 0.0, "avg_trail_mi": 0.0, "trails_novice": 0, "trails_easy": 6, "trails_intermediate": 0, "trails_advanced": 0, "trails_expert": 0, "trails_freeride": 0, "trails_extreme": 0, "gladed_terrain": "No", "snow_park": "No", "sledding_tubing": "No", "lift_types": "chair lift: 5", "resort_type": "downhill ski resort", "region": "asia/japan/hokkaido" }, "geometry": { "type": "Point", "coordinates": [ 142.299214, 43.758454 ] } },
{ "type": "Feature", "properties": { "winter_sports_id": 199829499, "winter_sports_type": "way", "name": "豊富町温泉スキー場", "country": "Japan", "state": "Hokkaidō", "total_area_ha": 11.62, "total_area_acres": 29.0, "skiable_terrain_ha": 0.0, "skiable_terrain_acres": 0.0, "total_lifts": 1, "longest_lift_mi": 0.27, "downhill_trails": 0, "longest_trail_mi": 0.0, "avg_trail_mi": 0.0, "trails_novice": 0, "trails_easy": 0, "trails_intermediate": 0, "trails_advanced": 0, "trails_expert": 0, "trails_freeride": 0, "trails_extreme": 0, "gladed_terrain": "No", "snow_park": "No", "sledding_tubing": "No", "lift_types": "chair lift: 1", "resort_type": "downhill ski resort", "region": "asia/japan/hokkaido" }, "geometry": { "type": "Point", "coordinates": [ 141.844071, 45.075991 ] } },
{ "type": "Feature", "properties": { "winter_sports_id": 207269012, "winter_sports_type": "way", "name": "伊ノ沢市民スキー場", "country": "Japan", "state": "Hokkaidō", "total_area_ha": 6.06, "total_area_acres": 15.0, "skiable_terrain_ha": 1.12, "skiable_terrain_acres": 3.0, "total_lifts": 1, "longest_lift_mi": 0.14, "downhill_trails": 1, "longest_trail_mi": 0.0, "avg_trail_mi": 0.0, "trails_novice": 0, "trails_easy": 0, "trails_intermediate": 0, "trails_advanced": 0, "trails_expert": 0, "trails_freeride": 0, "trails_extreme": 0, "gladed_terrain": "No", "snow_park": "No", "sledding_tubing": "No", "lift_types": "rope tow: 1", "resort_type": "downhill ski resort", "region": "asia/japan/hokkaido" }, "geometry": { "type": "Point", "coordinates": [ 142.331426, 43.74752 ] } },
{ "type": "Feature", "properties": { "winter_sports_id": 239857074, "winter_sports_type": "way", "name": "厚沢部町民スキー場（太鼓山スキー場）", "country": "Japan", "state": "Hokkaidō", "total_area_ha": 3.29, "total_area_acres": 8.0, "skiable_terrain_ha": 0.39, "skiable_terrain_acres": 1.0, "total_lifts": 1, "longest_lift_mi": 0.07, "downhill_trails": 1, "longest_trail_mi": 0.0, "avg_trail_mi": 0.0, "trails_novice": 0, "trails_easy": 0, "trails_intermediate": 0, "trails_advanced": 0, "trails_expert": 0, "trails_freeride": 0, "trails_extreme": 0, "gladed_terrain": "No", "snow_park": "No", "sledding_tubing": "No", "lift_types": "rope tow: 1", "resort_type": "downhill ski resort", "region": "asia/japan/hokkaido" }, "geometry": { "type": "Point", "coordinates": [ 140.235209, 41.922073 ] } },
{ "type": "Feature", "properties": { "winter_sports_id": 256401232, "winter_sports_type": "way", "name": "フッズスノーエリア", "country": "Japan", "state": "Hokkaidō", "total_area_ha": 20.5, "total_area_acres": 51.0, "skiable_terrain_ha": 6.75, "skiable_terrain_acres": 17.0, "total_lifts": 3, "longest_lift_mi": 0.36, "downhill_trails": 13, "longest_trail_mi": 0.05, "avg_trail_mi": 0.03, "trails_novice": 0, "trails_easy": 4, "trails_intermediate": 6, "trails_advanced": 3, "trails_expert": 0, "trails_freeride": 0, "trails_extreme": 0, "gladed_terrain": "No", "snow_park": "No", "sledding_tubing": "No", "lift_types": "chair lift: 3", "resort_type": "downhill ski resort", "region": "asia/japan/hokkaido" }, "geometry": { "type": "Point", "coordinates": [ 141.277316, 42.95028 ] } },
{ "type": "Feature", "properties": { "winter_sports_id": 259709530, "winter_sports_type": "way", "name": "こまどりスキー場", "country": "Japan", "state": "Hokkaidō", "total_area_ha": 5.7, "total_area_acres": 14.0, "skiable_terrain_ha": 2.81, "skiable_terrain_acres": 7.0, "total_lifts": 2, "longest_lift_mi": 0.17, "downhill_trails": 3, "longest_trail_mi": 0.0, "avg_trail_mi": 0.0, "trails_novice": 0, "trails_easy": 0, "trails_intermediate": 2, "trails_advanced": 1, "trails_expert": 0, "trails_freeride": 0, "trails_extreme": 0, "gladed_terrain": "No", "snow_park": "No", "sledding_tubing": "No", "lift_types": "chair lift: 2", "resort_type": "downhill ski resort", "region": "asia/japan/hokkaido" }, "geometry": { "type": "Point", "coordinates": [ 141.688062, 45.387613 ] } },
{ "type": "Feature", "properties": { "winter_sports_id": 262495699, "winter_sports_type": "way", "name": "中頓別町寿スキー場", "country": "Japan", "state": "Hokkaidō", "total_area_ha": 11.33, "total_area_acres": 28.0, "skiable_terrain_ha": 0.0, "skiable_terrain_acres": 0.0, "total_lifts": 1, "longest_lift_mi": 0.35, "downhill_trails": 0, "longest_trail_mi": 0.0, "avg_trail_mi": 0.0, "trails_novice": 0, "trails_easy": 0, "trails_intermediate": 0, "trails_advanced": 0, "trails_expert": 0, "trails_freeride": 0, "trails_extreme": 0, "gladed_terrain": "No", "snow_park": "No", "sledding_tubing": "No", "lift_types": "chair lift: 1", "resort_type": "downhill ski resort", "region": "asia/japan/hokkaido" }, "geometry": { "type": "Point", "coordinates": [ 142.284123, 44.992575 ] } },
{ "type": "Feature", "properties": { "winter_sports_id": 290283443, "winter_sports_type": "way", "name": "ピヤシリスキー場", "country": "Japan", "state": "Hokkaidō", "total_area_ha": 84.91, "total_area_acres": 210.0, "skiable_terrain_ha": 29.69, "skiable_terrain_acres": 73.0, "total_lifts": 4, "longest_lift_mi": 0.41, "downhill_trails": 8, "longest_trail_mi": 0.0, "avg_trail_mi": 0.0, "trails_novice": 0, "trails_easy": 3, "trails_intermediate": 3, "trails_advanced": 2, "trails_expert": 0, "trails_freeride": 0, "trails_extreme": 0, "gladed_terrain": "No", "snow_park": "No", "sledding_tubing": "No", "lift_types": "chair lift: 4", "resort_type": "downhill ski resort", "region": "asia/japan/hokkaido" }, "geometry": { "type": "Point", "coordinates": [ 142.51394, 44.408922 ] } },
{ "type": "Feature", "properties": { "winter_sports_id": 291469633, "winter_sports_type": "way", "name": "和寒東山スキー場", "country": "Japan", "state": "Hokkaidō", "total_area_ha": 27.21, "total_area_acres": 67.0, "skiable_terrain_ha": 0.0, "skiable_terrain_acres": 0.0, "total_lifts": 2, "longest_lift_mi": 0.34, "downhill_trails": 0, "longest_trail_mi": 0.0, "avg_trail_mi": 0.0, "trails_novice": 0, "trails_easy": 0, "trails_intermediate": 0, "trails_advanced": 0, "trails_expert": 0, "trails_freeride": 0, "trails_extreme": 0, "gladed_terrain": "No", "snow_park": "No", "sledding_tubing": "No", "lift_types": "chair lift: 2", "resort_type": "downhill ski resort", "region": "asia/japan/hokkaido" }, "geometry": { "type": "Point", "coordinates": [ 142.417478, 44.03682 ] } },
{ "type": "Feature", "properties": { "winter_sports_id": 302740855, "winter_sports_type": "way", "name": "音威富士スキー場", "country": "Japan", "state": "Hokkaidō", "total_area_ha": 10.34, "total_area_acres": 26.0, "skiable_terrain_ha": 4.04, "skiable_terrain_acres": 10.0, "total_lifts": 0, "longest_lift_mi": 0.0, "downhill_trails": 1, "longest_trail_mi": 0.0, "avg_trail_mi": 0.0, "trails_novice": 0, "trails_easy": 0, "trails_intermediate": 0, "trails_advanced": 0, "trails_expert": 0, "trails_freeride": 0, "trails_extreme": 0, "gladed_terrain": "No", "snow_park": "No", "sledding_tubing": "No", "lift_types": null, "resort_type": "downhill ski resort", "region": "asia/japan/hokkaido" }, "geometry": { "type": "Point", "coordinates": [ 142.277618, 44.721156 ] } },
{ "type": "Feature", "properties": { "winter_sports_id": 307319167, "winter_sports_type": "way", "name": "ほろたちスキー場", "country": "Japan", "state": "Hokkaidō", "total_area_ha": 28.24, "total_area_acres": 70.0, "skiable_terrain_ha": 27.38, "skiable_terrain_acres": 68.0, "total_lifts": 1, "longest_lift_mi": 0.37, "downhill_trails": 4, "longest_trail_mi": 0.0, "avg_trail_mi": 0.0, "trails_novice": 0, "trails_easy": 1, "trails_intermediate": 2, "trails_advanced": 1, "trails_expert": 0, "trails_freeride": 0, "trails_extreme": 0, "gladed_terrain": "No", "snow_park": "No", "sledding_tubing": "No", "lift_types": "chair lift: 1", "resort_type": "downhill ski resort", "region": "asia/japan/hokkaido" }, "geometry": { "type": "Point", "coordinates": [ 142.135595, 44.014952 ] } },
{ "type": "Feature", "properties": { "winter_sports_id": 329622412, "winter_sports_type": "way", "name": "上ノ国町営湯ノ岱スキー場", "country": "Japan", "state": "Hokkaidō", "total_area_ha": 2.12, "total_area_acres": 5.0, "skiable_terrain_ha": 0.34, "skiable_terrain_acres": 1.0, "total_lifts": 3, "longest_lift_mi": 0.09, "downhill_trails": 4, "longest_trail_mi": 0.0, "avg_trail_mi": 0.0, "trails_novice": 0, "trails_easy": 0, "trails_intermediate": 0, "trails_advanced": 0, "trails_expert": 0, "trails_freeride": 0, "trails_extreme": 0, "gladed_terrain": "No", "snow_park": "No", "sledding_tubing": "No", "lift_types": "rope tow: 3", "resort_type": "downhill ski resort", "region": "asia/japan/hokkaido" }, "geometry": { "type": "Point", "coordinates": [ 140.253251, 41.749669 ] } },
{ "type": "Feature", "properties": { "winter_sports_id": 341164658, "winter_sports_type": "way", "name": "スノークルーズオーンズ", "country": "Japan", "state": "Hokkaidō", "total_area_ha": 19.49, "total_area_acres": 48.0, "skiable_terrain_ha": 3.74, "skiable_terrain_acres": 9.0, "total_lifts": 2, "longest_lift_mi": 0.49, "downhill_trails": 9, "longest_trail_mi": 0.0, "avg_trail_mi": 0.0, "trails_novice": 0, "trails_easy": 2, "trails_intermediate": 4, "trails_advanced": 3, "trails_expert": 0, "trails_freeride": 0, "trails_extreme": 0, "gladed_terrain": "No", "snow_park": "No", "sledding_tubing": "No", "lift_types": "chair lift: 2", "resort_type": "downhill ski resort", "region": "asia/japan/hokkaido" }, "geometry": { "type": "Point", "coordinates": [ 141.127669, 43.143911 ] } },
{ "type": "Feature", "properties": { "winter_sports_id": 430492786, "winter_sports_type": "way", "name": "ピリカスキー場", "country": "Japan", "state": "Hokkaidō", "total_area_ha": 35.82, "total_area_acres": 89.0, "skiable_terrain_ha": 7.46, "skiable_terrain_acres": 18.0, "total_lifts": 1, "longest_lift_mi": 0.78, "downhill_trails": 11, "longest_trail_mi": 0.0, "avg_trail_mi": 0.0, "trails_novice": 0, "trails_easy": 5, "trails_intermediate": 3, "trails_advanced": 3, "trails_expert": 0, "trails_freeride": 0, "trails_extreme": 0, "gladed_terrain": "No", "snow_park": "No", "sledding_tubing": "No", "lift_types": "chair lift: 1", "resort_type": "downhill ski resort", "region": "asia/japan/hokkaido" }, "geometry": { "type": "Point", "coordinates": [ 140.203699, 42.461638 ] } },
{ "type": "Feature", "properties": { "winter_sports_id": 430502608, "winter_sports_type": "way", "name": "札幌藻岩山スキー場", "country": "Japan", "state": "Hokkaidō", "total_area_ha": 89.12, "total_area_acres": 220.0, "skiable_terrain_ha": 35.98, "skiable_terrain_acres": 89.0, "total_lifts": 6, "longest_lift_mi": 0.72, "downhill_trails": 16, "longest_trail_mi": 0.0, "avg_trail_mi": 0.0, "trails_novice": 4, "trails_easy": 5, "trails_intermediate": 4, "trails_advanced": 3, "trails_expert": 0, "trails_freeride": 0, "trails_extreme": 0, "gladed_terrain": "No", "snow_park": "No", "sledding_tubing": "No", "lift_types": "cable car: 1, chair lift: 5", "resort_type": "downhill ski resort", "region": "asia/japan/hokkaido" }, "geometry": { "type": "Point", "coordinates": [ 141.32707, 43.015551 ] } },
{ "type": "Feature", "properties": { "winter_sports_id": 434946934, "winter_sports_type": "way", "name": "ノーザンアークリゾート", "country": "Japan", "state": "Hokkaidō", "total_area_ha": 36.0, "total_area_acres": 89.0, "skiable_terrain_ha": 25.61, "skiable_terrain_acres": 63.0, "total_lifts": 2, "longest_lift_mi": 0.6, "downhill_trails": 4, "longest_trail_mi": 0.0, "avg_trail_mi": 0.0, "trails_novice": 0, "trails_easy": 1, "trails_intermediate": 2, "trails_advanced": 1, "trails_expert": 0, "trails_freeride": 0, "trails_extreme": 0, "gladed_terrain": "No", "snow_park": "No", "sledding_tubing": "No", "lift_types": "chair lift: 2", "resort_type": "downhill ski resort", "region": "asia/japan/hokkaido" }, "geometry": { "type": "Point", "coordinates": [ 143.918963, 43.871247 ] } },
{ "type": "Feature", "properties": { "winter_sports_id": 439098832, "winter_sports_type": "way", "name": "網走レイクビュースキー場", "country": "Japan", "state": "Hokkaidō", "total_area_ha": 23.56, "total_area_acres": 58.0, "skiable_terrain_ha": 18.91, "skiable_terrain_acres": 47.0, "total_lifts": 1, "longest_lift_mi": 0.55, "downhill_trails": 6, "longest_trail_mi": 0.0, "avg_trail_mi": 0.0, "trails_novice": 0, "trails_easy": 2, "trails_intermediate": 2, "trails_advanced": 1, "trails_expert": 0, "trails_freeride": 0, "trails_extreme": 0, "gladed_terrain": "No", "snow_park": "No", "sledding_tubing": "No", "lift_types": "chair lift: 1", "resort_type": "downhill ski resort", "region": "asia/japan/hokkaido" }, "geometry": { "type": "Point", "coordinates": [ 144.22991, 43.988146 ] } },
{ "type": "Feature", "properties": { "winter_sports_id": 478522135, "winter_sports_type": "way", "name": "ぴっぷスキー場", "country": "Japan", "state": "Hokkaidō", "total_area_ha": 75.04, "total_area_acres": 185.0, "skiable_terrain_ha": 58.82, "skiable_terrain_acres": 145.0, "total_lifts": 4, "longest_lift_mi": 0.7, "downhill_trails": 30, "longest_trail_mi": 0.19, "avg_trail_mi": 0.04, "trails_novice": 3, "trails_easy": 14, "trails_intermediate": 8, "trails_advanced": 5, "trails_expert": 0, "trails_freeride": 0, "trails_extreme": 0, "gladed_terrain": "No", "snow_park": "No", "sledding_tubing": "No", "lift_types": "chair lift: 3, rope tow: 1", "resort_type": "downhill ski resort", "region": "asia/japan/hokkaido" }, "geometry": { "type": "Point", "coordinates": [ 142.501467, 43.933997 ] } },
{ "type": "Feature", "properties": { "winter_sports_id": 479915906, "winter_sports_type": "way", "name": "カムイスキーリンクス", "country": "Japan", "state": "Hokkaidō", "total_area_ha": 245.95, "total_area_acres": 608.0, "skiable_terrain_ha": 110.09, "skiable_terrain_acres": 272.0, "total_lifts": 6, "longest_lift_mi": 1.4, "downhill_trails": 56, "longest_trail_mi": 0.02, "avg_trail_mi": 0.01, "trails_novice": 0, "trails_easy": 25, "trails_intermediate": 16, "trails_advanced": 6, "trails_expert": 9, "trails_freeride": 0, "trails_extreme": 0, "gladed_terrain": "No", "snow_park": "No", "sledding_tubing": "No", "lift_types": "chair lift: 5, gondola: 1", "resort_type": "downhill ski resort", "region": "asia/japan/hokkaido" }, "geometry": { "type": "Point", "coordinates": [ 142.199032, 43.700898 ] } },
{ "type": "Feature", "properties": { "winter_sports_id": 487093516, "winter_sports_type": "way", "name": "当麻スキー場", "country": "Japan", "state": "Hokkaidō", "total_area_ha": 8.4, "total_area_acres": 21.0, "skiable_terrain_ha": 0.0, "skiable_terrain_acres": 0.0, "total_lifts": 0, "longest_lift_mi": 0.0, "downhill_trails": 0, "longest_trail_mi": 0.0, "avg_trail_mi": 0.0, "trails_novice": 0, "trails_easy": 0, "trails_intermediate": 0, "trails_advanced": 0, "trails_expert": 0, "trails_freeride": 0, "trails_extreme": 0, "gladed_terrain": "No", "snow_park": "No", "sledding_tubing": "No", "lift_types": null, "resort_type": "not a downhill ski resort", "region": "asia/japan/hokkaido" }, "geometry": { "type": "Point", "coordinates": [ 142.536169, 43.836501 ] } },
{ "type": "Feature", "properties": { "winter_sports_id": 597771020, "winter_sports_type": "way", "name": "恵庭市民スキー場", "country": "Japan", "state": "Hokkaidō", "total_area_ha": 5.96, "total_area_acres": 15.0, "skiable_terrain_ha": 1.79, "skiable_terrain_acres": 4.0, "total_lifts": 1, "longest_lift_mi": 0.17, "downhill_trails": 2, "longest_trail_mi": 0.0, "avg_trail_mi": 0.0, "trails_novice": 0, "trails_easy": 2, "trails_intermediate": 0, "trails_advanced": 0, "trails_expert": 0, "trails_freeride": 0, "trails_extreme": 0, "gladed_terrain": "No", "snow_park": "No", "sledding_tubing": "No", "lift_types": "chair lift: 1", "resort_type": "downhill ski resort", "region": "asia/japan/hokkaido" }, "geometry": { "type": "Point", "coordinates": [ 141.488591, 42.845622 ] } },
{ "type": "Feature", "properties": { "winter_sports_id": 598421263, "winter_sports_type": "way", "name": "富良野スキー場", "country": "Japan", "state": "Hokkaidō", "total_area_ha": 391.42, "total_area_acres": 967.0, "skiable_terrain_ha": 166.45, "skiable_terrain_acres": 411.0, "total_lifts": 10, "longest_lift_mi": 1.76, "downhill_trails": 64, "longest_trail_mi": 0.12, "avg_trail_mi": 0.04, "trails_novice": 0, "trails_easy": 33, "trails_intermediate": 24, "trails_advanced": 4, "trails_expert": 2, "trails_freeride": 0, "trails_extreme": 0, "gladed_terrain": "No", "snow_park": "No", "sledding_tubing": "No", "lift_types": "cable car: 1, chair lift: 8, gondola: 1", "resort_type": "downhill ski resort", "region": "asia/japan/hokkaido" }, "geometry": { "type": "Point", "coordinates": [ 142.339369, 43.332667 ] } },
{ "type": "Feature", "properties": { "winter_sports_id": 612725628, "winter_sports_type": "way", "name": "北海道グリーンランド ホワイトパーク", "country": "Japan", "state": "Hokkaidō", "total_area_ha": 20.75, "total_area_acres": 51.0, "skiable_terrain_ha": 9.42, "skiable_terrain_acres": 23.0, "total_lifts": 5, "longest_lift_mi": 0.43, "downhill_trails": 4, "longest_trail_mi": 0.0, "avg_trail_mi": 0.0, "trails_novice": 0, "trails_easy": 0, "trails_intermediate": 0, "trails_advanced": 0, "trails_expert": 0, "trails_freeride": 0, "trails_extreme": 0, "gladed_terrain": "No", "snow_park": "No", "sledding_tubing": "No", "lift_types": "chair lift: 5", "resort_type": "downhill ski resort", "region": "asia/japan/hokkaido" }, "geometry": { "type": "Point", "coordinates": [ 141.78628, 43.168556 ] } },
{ "type": "Feature", "properties": { "winter_sports_id": 667593226, "winter_sports_type": "way", "name": "キャンモア・スキービレッジ", "country": "Japan", "state": "Hokkaidō", "total_area_ha": 58.81, "total_area_acres": 145.0, "skiable_terrain_ha": 37.99, "skiable_terrain_acres": 94.0, "total_lifts": 2, "longest_lift_mi": 0.67, "downhill_trails": 10, "longest_trail_mi": 0.32, "avg_trail_mi": 0.3, "trails_novice": 0, "trails_easy": 3, "trails_intermediate": 4, "trails_advanced": 1, "trails_expert": 1, "trails_freeride": 0, "trails_extreme": 0, "gladed_terrain": "No", "snow_park": "No", "sledding_tubing": "No", "lift_types": "chair lift: 2", "resort_type": "downhill ski resort", "region": "asia/japan/hokkaido" }, "geometry": { "type": "Point", "coordinates": [ 142.540783, 43.730934 ] } },
{ "type": "Feature", "properties": { "winter_sports_id": 672881398, "winter_sports_type": "way", "name": "札幌国際スキー場", "country": "Japan", "state": "Hokkaidō", "total_area_ha": 206.27, "total_area_acres": 510.0, "skiable_terrain_ha": 139.38, "skiable_terrain_acres": 344.0, "total_lifts": 4, "longest_lift_mi": 1.18, "downhill_trails": 29, "longest_trail_mi": 0.07, "avg_trail_mi": 0.03, "trails_novice": 0, "trails_easy": 10, "trails_intermediate": 14, "trails_advanced": 3, "trails_expert": 0, "trails_freeride": 0, "trails_extreme": 0, "gladed_terrain": "No", "snow_park": "No", "sledding_tubing": "No", "lift_types": "chair lift: 3, gondola: 1", "resort_type": "downhill ski resort", "region": "asia/japan/hokkaido" }, "geometry": { "type": "Point", "coordinates": [ 141.07035, 43.073008 ] } },
{ "type": "Feature", "properties": { "winter_sports_id": 706288985, "winter_sports_type": "way", "name": "潮見台シャンツェ小樽スキージャンプ台", "country": "Japan", "state": "Hokkaidō", "total_area_ha": 0.6, "total_area_acres": 1.0, "skiable_terrain_ha": 0.0, "skiable_terrain_acres": 0.0, "total_lifts": 0, "longest_lift_mi": 0.0, "downhill_trails": 0, "longest_trail_mi": 0.0, "avg_trail_mi": 0.0, "trails_novice": 0, "trails_easy": 0, "trails_intermediate": 0, "trails_advanced": 0, "trails_expert": 0, "trails_freeride": 0, "trails_extreme": 0, "gladed_terrain": "No", "snow_park": "No", "sledding_tubing": "No", "lift_types": null, "resort_type": "not a downhill ski resort", "region": "asia/japan/hokkaido" }, "geometry": { "type": "Point", "coordinates": [ 141.011141, 43.175628 ] } },
{ "type": "Feature", "properties": { "winter_sports_id": 728921562, "winter_sports_type": "way", "name": "寿都町民スキー場", "country": "Japan", "state": "Hokkaidō", "total_area_ha": 3.91, "total_area_acres": 10.0, "skiable_terrain_ha": 1.18, "skiable_terrain_acres": 3.0, "total_lifts": 1, "longest_lift_mi": 0.13, "downhill_trails": 2, "longest_trail_mi": 0.0, "avg_trail_mi": 0.0, "trails_novice": 0, "trails_easy": 2, "trails_intermediate": 0, "trails_advanced": 0, "trails_expert": 0, "trails_freeride": 0, "trails_extreme": 0, "gladed_terrain": "No", "snow_park": "No", "sledding_tubing": "No", "lift_types": "rope tow: 1", "resort_type": "downhill ski resort", "region": "asia/japan/hokkaido" }, "geometry": { "type": "Point", "coordinates": [ 140.219847, 42.793266 ] } },
{ "type": "Feature", "properties": { "winter_sports_id": 741180802, "winter_sports_type": "way", "name": "市営大山スキー場", "country": "Japan", "state": "Hokkaidō", "total_area_ha": 12.94, "total_area_acres": 32.0, "skiable_terrain_ha": 0.0, "skiable_terrain_acres": 0.0, "total_lifts": 2, "longest_lift_mi": 0.42, "downhill_trails": 0, "longest_trail_mi": 0.0, "avg_trail_mi": 0.0, "trails_novice": 0, "trails_easy": 0, "trails_intermediate": 0, "trails_advanced": 0, "trails_expert": 0, "trails_freeride": 0, "trails_extreme": 0, "gladed_terrain": "No", "snow_park": "No", "sledding_tubing": "No", "lift_types": "chair lift: 2", "resort_type": "downhill ski resort", "region": "asia/japan/hokkaido" }, "geometry": { "type": "Point", "coordinates": [ 143.330402, 44.346044 ] } },
{ "type": "Feature", "properties": { "winter_sports_id": 912892855, "winter_sports_type": "way", "name": "ニポタウン", "country": "Japan", "state": "Hokkaidō", "total_area_ha": 0.18, "total_area_acres": 0.0, "skiable_terrain_ha": 91.6, "skiable_terrain_acres": 226.0, "total_lifts": 8, "longest_lift_mi": 1.49, "downhill_trails": 42, "longest_trail_mi": 0.0, "avg_trail_mi": 0.0, "trails_novice": 3, "trails_easy": 14, "trails_intermediate": 22, "trails_advanced": 2, "trails_expert": 0, "trails_freeride": 0, "trails_extreme": 0, "gladed_terrain": "No", "snow_park": "No", "sledding_tubing": "Yes", "lift_types": "chair lift: 6, gondola: 1, magic carpet: 1", "resort_type": "downhill ski resort", "region": "asia/japan/hokkaido" }, "geometry": { "type": "Point", "coordinates": [ 142.630016, 43.063767 ] } },
{ "type": "Feature", "properties": { "winter_sports_id": 913328023, "winter_sports_type": "way", "name": "トマム スキー場", "country": "Japan", "state": "Hokkaidō", "total_area_ha": 344.35, "total_area_acres": 851.0, "skiable_terrain_ha": 193.3, "skiable_terrain_acres": 478.0, "total_lifts": 9, "longest_lift_mi": 1.49, "downhill_trails": 67, "longest_trail_mi": 0.13, "avg_trail_mi": 0.06, "trails_novice": 3, "trails_easy": 22, "trails_intermediate": 30, "trails_advanced": 8, "trails_expert": 0, "trails_freeride": 1, "trails_extreme": 0, "gladed_terrain": "No", "snow_park": "No", "sledding_tubing": "Yes", "lift_types": "chair lift: 7, gondola: 1, magic carpet: 1", "resort_type": "downhill ski resort", "region": "asia/japan/hokkaido" }, "geometry": { "type": "Point", "coordinates": [ 142.61826, 43.070133 ] } },
{ "type": "Feature", "properties": { "winter_sports_id": 934055659, "winter_sports_type": "way", "name": "934055659", "country": "Japan", "state": "Hokkaidō", "total_area_ha": 343.96, "total_area_acres": 850.0, "skiable_terrain_ha": 166.23, "skiable_terrain_acres": 411.0, "total_lifts": 9, "longest_lift_mi": 1.22, "downhill_trails": 44, "longest_trail_mi": 0.01, "avg_trail_mi": 0.01, "trails_novice": 0, "trails_easy": 25, "trails_intermediate": 8, "trails_advanced": 11, "trails_expert": 0, "trails_freeride": 0, "trails_extreme": 0, "gladed_terrain": "No", "snow_park": "No", "sledding_tubing": "No", "lift_types": "chair lift: 7, gondola: 1, platter: 1", "resort_type": "downhill ski resort", "region": "asia/japan/hokkaido" }, "geometry": { "type": "Point", "coordinates": [ 142.795747, 43.176063 ] } },
{ "type": "Feature", "properties": { "winter_sports_id": 934296801, "winter_sports_type": "way", "name": "新得山スキー場", "country": "Japan", "state": "Hokkaidō", "total_area_ha": 31.27, "total_area_acres": 77.0, "skiable_terrain_ha": 23.93, "skiable_terrain_acres": 59.0, "total_lifts": 1, "longest_lift_mi": 0.47, "downhill_trails": 8, "longest_trail_mi": 0.18, "avg_trail_mi": 0.07, "trails_novice": 0, "trails_easy": 5, "trails_intermediate": 2, "trails_advanced": 1, "trails_expert": 0, "trails_freeride": 0, "trails_extreme": 0, "gladed_terrain": "No", "snow_park": "No", "sledding_tubing": "No", "lift_types": "chair lift: 1", "resort_type": "downhill ski resort", "region": "asia/japan/hokkaido" }, "geometry": { "type": "Point", "coordinates": [ 142.82669, 43.091051 ] } },
{ "type": "Feature", "properties": { "winter_sports_id": 934298187, "winter_sports_type": "way", "name": "国設南ふらのスキー場", "country": "Japan", "state": "Hokkaidō", "total_area_ha": 33.97, "total_area_acres": 84.0, "skiable_terrain_ha": 5.18, "skiable_terrain_acres": 13.0, "total_lifts": 2, "longest_lift_mi": 0.46, "downhill_trails": 16, "longest_trail_mi": 0.01, "avg_trail_mi": 0.01, "trails_novice": 0, "trails_easy": 9, "trails_intermediate": 4, "trails_advanced": 3, "trails_expert": 0, "trails_freeride": 0, "trails_extreme": 0, "gladed_terrain": "No", "snow_park": "No", "sledding_tubing": "No", "lift_types": "chair lift: 2", "resort_type": "downhill ski resort", "region": "asia/japan/hokkaido" }, "geometry": { "type": "Point", "coordinates": [ 142.55095, 43.156784 ] } },
{ "type": "Feature", "properties": { "winter_sports_id": 934300779, "winter_sports_type": "way", "name": "日高国際", "country": "Japan", "state": "Hokkaidō", "total_area_ha": 58.41, "total_area_acres": 144.0, "skiable_terrain_ha": 23.52, "skiable_terrain_acres": 58.0, "total_lifts": 4, "longest_lift_mi": 0.36, "downhill_trails": 8, "longest_trail_mi": 0.0, "avg_trail_mi": 0.0, "trails_novice": 0, "trails_easy": 2, "trails_intermediate": 4, "trails_advanced": 2, "trails_expert": 0, "trails_freeride": 0, "trails_extreme": 0, "gladed_terrain": "No", "snow_park": "No", "sledding_tubing": "No", "lift_types": "chair lift: 4", "resort_type": "downhill ski resort", "region": "asia/japan/hokkaido" }, "geometry": { "type": "Point", "coordinates": [ 142.456927, 42.864023 ] } },
{ "type": "Feature", "properties": { "winter_sports_id": 934301491, "winter_sports_type": "way", "name": "メムロスキー場", "country": "Japan", "state": "Hokkaidō", "total_area_ha": 31.08, "total_area_acres": 77.0, "skiable_terrain_ha": 20.25, "skiable_terrain_acres": 50.0, "total_lifts": 2, "longest_lift_mi": 0.37, "downhill_trails": 7, "longest_trail_mi": 0.0, "avg_trail_mi": 0.0, "trails_novice": 2, "trails_easy": 1, "trails_intermediate": 1, "trails_advanced": 3, "trails_expert": 0, "trails_freeride": 0, "trails_extreme": 0, "gladed_terrain": "No", "snow_park": "No", "sledding_tubing": "No", "lift_types": "chair lift: 2", "resort_type": "downhill ski resort", "region": "asia/japan/hokkaido" }, "geometry": { "type": "Point", "coordinates": [ 142.984939, 42.831229 ] } },
{ "type": "Feature", "properties": { "winter_sports_id": 934303265, "winter_sports_type": "way", "name": "ぬかびら源泉郷スキー場", "country": "Japan", "state": "Hokkaidō", "total_area_ha": 105.6, "total_area_acres": 261.0, "skiable_terrain_ha": 0.0, "skiable_terrain_acres": 0.0, "total_lifts": 2, "longest_lift_mi": 0.87, "downhill_trails": 0, "longest_trail_mi": 0.0, "avg_trail_mi": 0.0, "trails_novice": 0, "trails_easy": 0, "trails_intermediate": 0, "trails_advanced": 0, "trails_expert": 0, "trails_freeride": 0, "trails_extreme": 0, "gladed_terrain": "No", "snow_park": "No", "sledding_tubing": "No", "lift_types": "chair lift: 2", "resort_type": "downhill ski resort", "region": "asia/japan/hokkaido" }, "geometry": { "type": "Point", "coordinates": [ 143.183616, 43.357393 ] } },
{ "type": "Feature", "properties": { "winter_sports_id": 943537589, "winter_sports_type": "way", "name": "そっち岳スキー場", "country": "Japan", "state": "Hokkaidō", "total_area_ha": 8.67, "total_area_acres": 21.0, "skiable_terrain_ha": 0.0, "skiable_terrain_acres": 0.0, "total_lifts": 1, "longest_lift_mi": 0.2, "downhill_trails": 0, "longest_trail_mi": 0.0, "avg_trail_mi": 0.0, "trails_novice": 0, "trails_easy": 0, "trails_intermediate": 0, "trails_advanced": 0, "trails_expert": 0, "trails_freeride": 0, "trails_extreme": 0, "gladed_terrain": "No", "snow_park": "No", "sledding_tubing": "No", "lift_types": "chair lift: 1", "resort_type": "downhill ski resort", "region": "asia/japan/hokkaido" }, "geometry": { "type": "Point", "coordinates": [ 141.797606, 43.536418 ] } },
{ "type": "Feature", "properties": { "winter_sports_id": 1056644213, "winter_sports_type": "way", "name": "阿寒ロイヤルバレイ", "country": "Japan", "state": "Hokkaidō", "total_area_ha": 15.91, "total_area_acres": 39.0, "skiable_terrain_ha": 2.69, "skiable_terrain_acres": 7.0, "total_lifts": 1, "longest_lift_mi": 0.32, "downhill_trails": 1, "longest_trail_mi": 0.0, "avg_trail_mi": 0.0, "trails_novice": 0, "trails_easy": 0, "trails_intermediate": 0, "trails_advanced": 0, "trails_expert": 0, "trails_freeride": 0, "trails_extreme": 0, "gladed_terrain": "No", "snow_park": "No", "sledding_tubing": "No", "lift_types": "chair lift: 1", "resort_type": "downhill ski resort", "region": "asia/japan/hokkaido" }, "geometry": { "type": "Point", "coordinates": [ 144.135838, 43.106985 ] } },
{ "type": "Feature", "properties": { "winter_sports_id": 1056648118, "winter_sports_type": "way", "name": "安平山 スキー場", "country": "Japan", "state": "Hokkaidō", "total_area_ha": 7.79, "total_area_acres": 19.0, "skiable_terrain_ha": 2.94, "skiable_terrain_acres": 7.0, "total_lifts": 1, "longest_lift_mi": 0.2, "downhill_trails": 3, "longest_trail_mi": 0.0, "avg_trail_mi": 0.0, "trails_novice": 0, "trails_easy": 1, "trails_intermediate": 1, "trails_advanced": 1, "trails_expert": 0, "trails_freeride": 0, "trails_extreme": 0, "gladed_terrain": "No", "snow_park": "No", "sledding_tubing": "No", "lift_types": "chair lift: 1", "resort_type": "downhill ski resort", "region": "asia/japan/hokkaido" }, "geometry": { "type": "Point", "coordinates": [ 141.794965, 42.864376 ] } },
{ "type": "Feature", "properties": { "winter_sports_id": 1056649917, "winter_sports_type": "way", "name": "あさひスキー場", "country": "Japan", "state": "Hokkaidō", "total_area_ha": 8.16, "total_area_acres": 20.0, "skiable_terrain_ha": 4.33, "skiable_terrain_acres": 11.0, "total_lifts": 1, "longest_lift_mi": 0.28, "downhill_trails": 2, "longest_trail_mi": 0.0, "avg_trail_mi": 0.0, "trails_novice": 0, "trails_easy": 0, "trails_intermediate": 0, "trails_advanced": 0, "trails_expert": 0, "trails_freeride": 0, "trails_extreme": 0, "gladed_terrain": "No", "snow_park": "No", "sledding_tubing": "No", "lift_types": "chair lift: 1", "resort_type": "downhill ski resort", "region": "asia/japan/hokkaido" }, "geometry": { "type": "Point", "coordinates": [ 142.597562, 44.12216 ] } },
{ "type": "Feature", "properties": { "winter_sports_id": 1056651738, "winter_sports_type": "way", "name": "旭岳", "country": "Japan", "state": "Hokkaidō", "total_area_ha": 166.89, "total_area_acres": 412.0, "skiable_terrain_ha": 107.75, "skiable_terrain_acres": 266.0, "total_lifts": 1, "longest_lift_mi": 1.43, "downhill_trails": 7, "longest_trail_mi": 0.05, "avg_trail_mi": 0.03, "trails_novice": 0, "trails_easy": 3, "trails_intermediate": 2, "trails_advanced": 2, "trails_expert": 0, "trails_freeride": 0, "trails_extreme": 0, "gladed_terrain": "No", "snow_park": "No", "sledding_tubing": "No", "lift_types": "cable car: 1", "resort_type": "downhill ski resort", "region": "asia/japan/hokkaido" }, "geometry": { "type": "Point", "coordinates": [ 142.8127, 43.656472 ] } },
{ "type": "Feature", "properties": { "winter_sports_id": 1056688097, "winter_sports_type": "way", "name": "旭ケ丘スキー場", "country": "Japan", "state": "Hokkaidō", "total_area_ha": 30.53, "total_area_acres": 75.0, "skiable_terrain_ha": 3.71, "skiable_terrain_acres": 9.0, "total_lifts": 1, "longest_lift_mi": 0.21, "downhill_trails": 1, "longest_trail_mi": 0.0, "avg_trail_mi": 0.0, "trails_novice": 0, "trails_easy": 0, "trails_intermediate": 0, "trails_advanced": 0, "trails_expert": 0, "trails_freeride": 0, "trails_extreme": 0, "gladed_terrain": "No", "snow_park": "No", "sledding_tubing": "No", "lift_types": "chair lift: 1", "resort_type": "downhill ski resort", "region": "asia/japan/hokkaido" }, "geometry": { "type": "Point", "coordinates": [ 140.733462, 42.900811 ] } },
{ "type": "Feature", "properties": { "winter_sports_id": 1056695421, "winter_sports_type": "way", "name": "朝里川温泉スキー場", "country": "Japan", "state": "Hokkaidō", "total_area_ha": 69.71, "total_area_acres": 172.0, "skiable_terrain_ha": 35.72, "skiable_terrain_acres": 88.0, "total_lifts": 4, "longest_lift_mi": 0.57, "downhill_trails": 23, "longest_trail_mi": 0.1, "avg_trail_mi": 0.04, "trails_novice": 2, "trails_easy": 9, "trails_intermediate": 6, "trails_advanced": 3, "trails_expert": 0, "trails_freeride": 0, "trails_extreme": 0, "gladed_terrain": "No", "snow_park": "No", "sledding_tubing": "No", "lift_types": "chair lift: 4", "resort_type": "downhill ski resort", "region": "asia/japan/hokkaido" }, "geometry": { "type": "Point", "coordinates": [ 141.025964, 43.138321 ] } },
{ "type": "Feature", "properties": { "winter_sports_id": 1080141945, "winter_sports_type": "way", "name": "さっぽろばんけいスキー場", "country": "Japan", "state": "Hokkaidō", "total_area_ha": 50.82, "total_area_acres": 126.0, "skiable_terrain_ha": 25.49, "skiable_terrain_acres": 63.0, "total_lifts": 6, "longest_lift_mi": 0.46, "downhill_trails": 29, "longest_trail_mi": 0.03, "avg_trail_mi": 0.01, "trails_novice": 0, "trails_easy": 14, "trails_intermediate": 6, "trails_advanced": 4, "trails_expert": 0, "trails_freeride": 0, "trails_extreme": 0, "gladed_terrain": "No", "snow_park": "No", "sledding_tubing": "No", "lift_types": "chair lift: 6", "resort_type": "downhill ski resort", "region": "asia/japan/hokkaido" }, "geometry": { "type": "Point", "coordinates": [ 141.277523, 43.027314 ] } },
{ "type": "Feature", "properties": { "winter_sports_id": 1080161782, "winter_sports_type": "way", "name": "小樽天狗山スキー場", "country": "Japan", "state": "Hokkaidō", "total_area_ha": 48.81, "total_area_acres": 121.0, "skiable_terrain_ha": 31.67, "skiable_terrain_acres": 78.0, "total_lifts": 3, "longest_lift_mi": 0.65, "downhill_trails": 6, "longest_trail_mi": 0.0, "avg_trail_mi": 0.0, "trails_novice": 0, "trails_easy": 2, "trails_intermediate": 2, "trails_advanced": 2, "trails_expert": 0, "trails_freeride": 0, "trails_extreme": 0, "gladed_terrain": "No", "snow_park": "No", "sledding_tubing": "No", "lift_types": "cable car: 1, chair lift: 2", "resort_type": "downhill ski resort", "region": "asia/japan/hokkaido" }, "geometry": { "type": "Point", "coordinates": [ 140.971276, 43.173604 ] } },
{ "type": "Feature", "properties": { "winter_sports_id": 1081650641, "winter_sports_type": "way", "name": "キロロリゾート", "country": "Japan", "state": "Hokkaidō", "total_area_ha": 381.73, "total_area_acres": 943.0, "skiable_terrain_ha": 194.63, "skiable_terrain_acres": 481.0, "total_lifts": 9, "longest_lift_mi": 1.97, "downhill_trails": 52, "longest_trail_mi": 0.14, "avg_trail_mi": 0.04, "trails_novice": 0, "trails_easy": 24, "trails_intermediate": 16, "trails_advanced": 12, "trails_expert": 0, "trails_freeride": 0, "trails_extreme": 0, "gladed_terrain": "No", "snow_park": "No", "sledding_tubing": "No", "lift_types": "chair lift: 8, gondola: 1", "resort_type": "downhill ski resort", "region": "asia/japan/hokkaido" }, "geometry": { "type": "Point", "coordinates": [ 141.007868, 43.06308 ] } },
{ "type": "Feature", "properties": { "winter_sports_id": 1081650975, "winter_sports_type": "way", "name": "ルスツリゾートスキー場", "country": "Japan", "state": "Hokkaidō", "total_area_ha": 774.64, "total_area_acres": 1914.0, "skiable_terrain_ha": 193.57, "skiable_terrain_acres": 478.0, "total_lifts": 11, "longest_lift_mi": 1.73, "downhill_trails": 22, "longest_trail_mi": 0.0, "avg_trail_mi": 0.0, "trails_novice": 0, "trails_easy": 7, "trails_intermediate": 8, "trails_advanced": 3, "trails_expert": 4, "trails_freeride": 0, "trails_extreme": 0, "gladed_terrain": "No", "snow_park": "No", "sledding_tubing": "No", "lift_types": "chair lift: 9, gondola: 2", "resort_type": "downhill ski resort", "region": "asia/japan/hokkaido" }, "geometry": { "type": "Point", "coordinates": [ 140.915201, 42.731103 ] } },
{ "type": "Feature", "properties": { "winter_sports_id": 1083653058, "winter_sports_type": "way", "name": "マウントレースイスキー場", "country": "Japan", "state": "Hokkaidō", "total_area_ha": 137.45, "total_area_acres": 340.0, "skiable_terrain_ha": 106.89, "skiable_terrain_acres": 264.0, "total_lifts": 3, "longest_lift_mi": 1.06, "downhill_trails": 33, "longest_trail_mi": 0.01, "avg_trail_mi": 0.01, "trails_novice": 3, "trails_easy": 10, "trails_intermediate": 10, "trails_advanced": 7, "trails_expert": 0, "trails_freeride": 0, "trails_extreme": 0, "gladed_terrain": "No", "snow_park": "No", "sledding_tubing": "No", "lift_types": "chair lift: 2, gondola: 1", "resort_type": "downhill ski resort", "region": "asia/japan/hokkaido" }, "geometry": { "type": "Point", "coordinates": [ 141.979574, 43.046344 ] } },
{ "type": "Feature", "properties": { "winter_sports_id": 1083658291, "winter_sports_type": "way", "name": "サッポロテイネ", "country": "Japan", "state": "Hokkaidō", "total_area_ha": 209.8, "total_area_acres": 518.0, "skiable_terrain_ha": 84.05, "skiable_terrain_acres": 208.0, "total_lifts": 11, "longest_lift_mi": 0.89, "downhill_trails": 21, "longest_trail_mi": 0.02, "avg_trail_mi": 0.02, "trails_novice": 0, "trails_easy": 13, "trails_intermediate": 4, "trails_advanced": 4, "trails_expert": 0, "trails_freeride": 0, "trails_extreme": 0, "gladed_terrain": "No", "snow_park": "No", "sledding_tubing": "No", "lift_types": "chair lift: 9, gondola: 1, magic carpet: 1", "resort_type": "downhill ski resort", "region": "asia/japan/hokkaido" }, "geometry": { "type": "Point", "coordinates": [ 141.204187, 43.086545 ] } },
{ "type": "Feature", "properties": { "winter_sports_id": 1084951198, "winter_sports_type": "way", "name": "サンライバスキー場", "country": "Japan", "state": "Hokkaidō", "total_area_ha": 41.55, "total_area_acres": 103.0, "skiable_terrain_ha": 27.23, "skiable_terrain_acres": 67.0, "total_lifts": 3, "longest_lift_mi": 0.49, "downhill_trails": 12, "longest_trail_mi": 0.04, "avg_trail_mi": 0.04, "trails_novice": 3, "trails_easy": 5, "trails_intermediate": 3, "trails_advanced": 1, "trails_expert": 0, "trails_freeride": 0, "trails_extreme": 0, "gladed_terrain": "No", "snow_park": "No", "sledding_tubing": "No", "lift_types": "chair lift: 3", "resort_type": "downhill ski resort", "region": "asia/japan/hokkaido" }, "geometry": { "type": "Point", "coordinates": [ 141.096915, 42.521353 ] } },
{ "type": "Feature", "properties": { "winter_sports_id": 1218391268, "winter_sports_type": "way", "name": "富士見スキー場", "country": "Japan", "state": "Hokkaidō", "total_area_ha": 1.95, "total_area_acres": 5.0, "skiable_terrain_ha": 0.69, "skiable_terrain_acres": 2.0, "total_lifts": 1, "longest_lift_mi": 0.11, "downhill_trails": 1, "longest_trail_mi": 0.0, "avg_trail_mi": 0.0, "trails_novice": 0, "trails_easy": 0, "trails_intermediate": 0, "trails_advanced": 0, "trails_expert": 0, "trails_freeride": 0, "trails_extreme": 0, "gladed_terrain": "No", "snow_park": "No", "sledding_tubing": "No", "lift_types": "chair lift: 1", "resort_type": "downhill ski resort", "region": "asia/japan/hokkaido" }, "geometry": { "type": "Point", "coordinates": [ 141.043954, 45.305427 ] } },
{ "type": "Feature", "properties": { "winter_sports_id": 1243663830, "winter_sports_type": "way", "name": "八雲町営スキー場", "country": "Japan", "state": "Hokkaidō", "total_area_ha": 7.06, "total_area_acres": 17.0, "skiable_terrain_ha": 5.01, "skiable_terrain_acres": 12.0, "total_lifts": 1, "longest_lift_mi": 0.25, "downhill_trails": 3, "longest_trail_mi": 0.0, "avg_trail_mi": 0.0, "trails_novice": 0, "trails_easy": 1, "trails_intermediate": 1, "trails_advanced": 1, "trails_expert": 0, "trails_freeride": 0, "trails_extreme": 0, "gladed_terrain": "No", "snow_park": "No", "sledding_tubing": "No", "lift_types": "chair lift: 1", "resort_type": "downhill ski resort", "region": "asia/japan/hokkaido" }, "geometry": { "type": "Point", "coordinates": [ 140.233745, 42.212888 ] } },
{ "type": "Feature", "properties": { "winter_sports_id": 1307419152, "winter_sports_type": "way", "name": "名寄市ピヤシリシャンツェ", "country": "Japan", "state": "Hokkaidō", "total_area_ha": 3.88, "total_area_acres": 10.0, "skiable_terrain_ha": 29.69, "skiable_terrain_acres": 73.0, "total_lifts": 4, "longest_lift_mi": 0.41, "downhill_trails": 8, "longest_trail_mi": 0.0, "avg_trail_mi": 0.0, "trails_novice": 0, "trails_easy": 3, "trails_intermediate": 3, "trails_advanced": 2, "trails_expert": 0, "trails_freeride": 0, "trails_extreme": 0, "gladed_terrain": "No", "snow_park": "No", "sledding_tubing": "No", "lift_types": "chair lift: 4", "resort_type": "downhill ski resort", "region": "asia/japan/hokkaido" }, "geometry": { "type": "Point", "coordinates": [ 142.510892, 44.398395 ] } },
{ "type": "Feature", "properties": { "winter_sports_id": 1346855549, "winter_sports_type": "way", "name": "美幌町リリー山スキー場", "country": "Japan", "state": "Hokkaidō", "total_area_ha": 5.37, "total_area_acres": 13.0, "skiable_terrain_ha": 1.16, "skiable_terrain_acres": 3.0, "total_lifts": 1, "longest_lift_mi": 0.24, "downhill_trails": 1, "longest_trail_mi": 0.0, "avg_trail_mi": 0.0, "trails_novice": 0, "trails_easy": 1, "trails_intermediate": 0, "trails_advanced": 0, "trails_expert": 0, "trails_freeride": 0, "trails_extreme": 0, "gladed_terrain": "No", "snow_park": "No", "sledding_tubing": "No", "lift_types": "chair lift: 1", "resort_type": "downhill ski resort", "region": "asia/japan/hokkaido" }, "geometry": { "type": "Point", "coordinates": [ 144.090331, 43.842772 ] } },
{ "type": "Feature", "properties": { "winter_sports_id": 1346859834, "winter_sports_type": "way", "name": "北見若松市民スキー場", "country": "Japan", "state": "Hokkaidō", "total_area_ha": 29.48, "total_area_acres": 73.0, "skiable_terrain_ha": 22.43, "skiable_terrain_acres": 55.0, "total_lifts": 2, "longest_lift_mi": 0.42, "downhill_trails": 3, "longest_trail_mi": 0.0, "avg_trail_mi": 0.0, "trails_novice": 0, "trails_easy": 0, "trails_intermediate": 2, "trails_advanced": 1, "trails_expert": 0, "trails_freeride": 0, "trails_extreme": 0, "gladed_terrain": "No", "snow_park": "No", "sledding_tubing": "No", "lift_types": "chair lift: 1, rope tow: 1", "resort_type": "downhill ski resort", "region": "asia/japan/hokkaido" }, "geometry": { "type": "Point", "coordinates": [ 143.922337, 43.751752 ] } },
{ "type": "Feature", "properties": { "winter_sports_id": 1349165800, "winter_sports_type": "way", "name": "猿払村役場 猿払村営スキー場", "country": "Japan", "state": "Hokkaidō", "total_area_ha": 3.63, "total_area_acres": 9.0, "skiable_terrain_ha": 1.25, "skiable_terrain_acres": 3.0, "total_lifts": 1, "longest_lift_mi": 0.16, "downhill_trails": 1, "longest_trail_mi": 0.0, "avg_trail_mi": 0.0, "trails_novice": 0, "trails_easy": 1, "trails_intermediate": 0, "trails_advanced": 0, "trails_expert": 0, "trails_freeride": 0, "trails_extreme": 0, "gladed_terrain": "No", "snow_park": "No", "sledding_tubing": "No", "lift_types": "t-bar: 1", "resort_type": "downhill ski resort", "region": "asia/japan/hokkaido" }, "geometry": { "type": "Point", "coordinates": [ 142.105618, 45.33611 ] } },
{ "type": "Feature", "properties": { "winter_sports_id": 1350868673, "winter_sports_type": "way", "name": "東ヶ丘スキー場", "country": "Japan", "state": "Hokkaidō", "total_area_ha": 3.94, "total_area_acres": 10.0, "skiable_terrain_ha": 0.0, "skiable_terrain_acres": 0.0, "total_lifts": 1, "longest_lift_mi": 0.13, "downhill_trails": 0, "longest_trail_mi": 0.0, "avg_trail_mi": 0.0, "trails_novice": 0, "trails_easy": 0, "trails_intermediate": 0, "trails_advanced": 0, "trails_expert": 0, "trails_freeride": 0, "trails_extreme": 0, "gladed_terrain": "No", "snow_park": "No", "sledding_tubing": "No", "lift_types": "j-bar: 1", "resort_type": "downhill ski resort", "region": "asia/japan/hokkaido" }, "geometry": { "type": "Point", "coordinates": [ 141.854912, 45.020096 ] } },
{ "type": "Feature", "properties": { "winter_sports_id": 1350904514, "winter_sports_type": "way", "name": "天塩町町民スキー場", "country": "Japan", "state": "Hokkaidō", "total_area_ha": 10.41, "total_area_acres": 26.0, "skiable_terrain_ha": 0.0, "skiable_terrain_acres": 0.0, "total_lifts": 1, "longest_lift_mi": 0.23, "downhill_trails": 0, "longest_trail_mi": 0.0, "avg_trail_mi": 0.0, "trails_novice": 0, "trails_easy": 0, "trails_intermediate": 0, "trails_advanced": 0, "trails_expert": 0, "trails_freeride": 0, "trails_extreme": 0, "gladed_terrain": "No", "snow_park": "No", "sledding_tubing": "No", "lift_types": "chair lift: 1", "resort_type": "downhill ski resort", "region": "asia/japan/hokkaido" }, "geometry": { "type": "Point", "coordinates": [ 141.830197, 44.903932 ] } },
{ "type": "Feature", "properties": { "winter_sports_id": 1351165764, "winter_sports_type": "way", "name": "ふるさとの森スキー場", "country": "Japan", "state": "Hokkaidō", "total_area_ha": 0.96, "total_area_acres": 2.0, "skiable_terrain_ha": 0.0, "skiable_terrain_acres": 0.0, "total_lifts": 0, "longest_lift_mi": 0.0, "downhill_trails": 0, "longest_trail_mi": 0.0, "avg_trail_mi": 0.0, "trails_novice": 0, "trails_easy": 0, "trails_intermediate": 0, "trails_advanced": 0, "trails_expert": 0, "trails_freeride": 0, "trails_extreme": 0, "gladed_terrain": "No", "snow_park": "No", "sledding_tubing": "No", "lift_types": null, "resort_type": "not a downhill ski resort", "region": "asia/japan/hokkaido" }, "geometry": { "type": "Point", "coordinates": [ 140.430146, 41.682064 ] } },
{ "type": "Feature", "properties": { "winter_sports_id": 1351168972, "winter_sports_type": "way", "name": "函館七飯スノーパーク", "country": "Japan", "state": "Hokkaidō", "total_area_ha": 231.64, "total_area_acres": 572.0, "skiable_terrain_ha": 180.9, "skiable_terrain_acres": 447.0, "total_lifts": 3, "longest_lift_mi": 1.98, "downhill_trails": 13, "longest_trail_mi": 0.0, "avg_trail_mi": 0.0, "trails_novice": 0, "trails_easy": 8, "trails_intermediate": 4, "trails_advanced": 1, "trails_expert": 0, "trails_freeride": 0, "trails_extreme": 0, "gladed_terrain": "No", "snow_park": "No", "sledding_tubing": "No", "lift_types": "chair lift: 2, gondola: 1", "resort_type": "downhill ski resort", "region": "asia/japan/hokkaido" }, "geometry": { "type": "Point", "coordinates": [ 140.757084, 41.973141 ] } },
{ "type": "Feature", "properties": { "winter_sports_id": 1351171135, "winter_sports_type": "way", "name": "ニヤマ高原スキー場", "country": "Japan", "state": "Hokkaidō", "total_area_ha": 43.28, "total_area_acres": 107.0, "skiable_terrain_ha": 2.46, "skiable_terrain_acres": 6.0, "total_lifts": 4, "longest_lift_mi": 0.52, "downhill_trails": 2, "longest_trail_mi": 0.0, "avg_trail_mi": 0.0, "trails_novice": 1, "trails_easy": 1, "trails_intermediate": 0, "trails_advanced": 0, "trails_expert": 0, "trails_freeride": 0, "trails_extreme": 0, "gladed_terrain": "No", "snow_park": "No", "sledding_tubing": "No", "lift_types": "chair lift: 4", "resort_type": "downhill ski resort", "region": "asia/japan/hokkaido" }, "geometry": { "type": "Point", "coordinates": [ 140.629145, 41.936608 ] } },
{ "type": "Feature", "properties": { "winter_sports_id": 1392906868, "winter_sports_type": "way", "name": "枝幸町三笠山スキー場", "country": "Japan", "state": "Hokkaidō", "total_area_ha": 10.83, "total_area_acres": 27.0, "skiable_terrain_ha": 6.6, "skiable_terrain_acres": 16.0, "total_lifts": 1, "longest_lift_mi": 0.32, "downhill_trails": 2, "longest_trail_mi": 0.0, "avg_trail_mi": 0.0, "trails_novice": 0, "trails_easy": 0, "trails_intermediate": 0, "trails_advanced": 0, "trails_expert": 0, "trails_freeride": 0, "trails_extreme": 0, "gladed_terrain": "No", "snow_park": "No", "sledding_tubing": "No", "lift_types": "chair lift: 1", "resort_type": "downhill ski resort", "region": "asia/japan/hokkaido" }, "geometry": { "type": "Point", "coordinates": [ 142.563583, 44.935444 ] } },
{ "type": "Feature", "properties": { "winter_sports_id": 1392908822, "winter_sports_type": "way", "name": "美深スキー場", "country": "Japan", "state": "Hokkaidō", "total_area_ha": 4.75, "total_area_acres": 12.0, "skiable_terrain_ha": 2.37, "skiable_terrain_acres": 6.0, "total_lifts": 1, "longest_lift_mi": 0.16, "downhill_trails": 3, "longest_trail_mi": 0.0, "avg_trail_mi": 0.0, "trails_novice": 0, "trails_easy": 1, "trails_intermediate": 2, "trails_advanced": 0, "trails_expert": 0, "trails_freeride": 0, "trails_extreme": 0, "gladed_terrain": "No", "snow_park": "No", "sledding_tubing": "No", "lift_types": "chair lift: 1", "resort_type": "downhill ski resort", "region": "asia/japan/hokkaido" }, "geometry": { "type": "Point", "coordinates": [ 142.360594, 44.489012 ] } },
{ "type": "Feature", "properties": { "winter_sports_id": 1396132161, "winter_sports_type": "way", "name": "グリーンピア大沼", "country": "Japan", "state": "Hokkaidō", "total_area_ha": 39.63, "total_area_acres": 98.0, "skiable_terrain_ha": 15.65, "skiable_terrain_acres": 39.0, "total_lifts": 2, "longest_lift_mi": 0.42, "downhill_trails": 10, "longest_trail_mi": 0.0, "avg_trail_mi": 0.0, "trails_novice": 0, "trails_easy": 6, "trails_intermediate": 3, "trails_advanced": 1, "trails_expert": 0, "trails_freeride": 0, "trails_extreme": 0, "gladed_terrain": "No", "snow_park": "No", "sledding_tubing": "No", "lift_types": "chair lift: 2", "resort_type": "downhill ski resort", "region": "asia/japan/hokkaido" }, "geometry": { "type": "Point", "coordinates": [ 140.597959, 42.008245 ] } },
{ "type": "Feature", "properties": { "winter_sports_id": 1396486633, "winter_sports_type": "way", "name": "室蘭市だんパラスキー場", "country": "Japan", "state": "Hokkaidō", "total_area_ha": 6.97, "total_area_acres": 17.0, "skiable_terrain_ha": 2.49, "skiable_terrain_acres": 6.0, "total_lifts": 1, "longest_lift_mi": 0.25, "downhill_trails": 1, "longest_trail_mi": 0.0, "avg_trail_mi": 0.0, "trails_novice": 0, "trails_easy": 0, "trails_intermediate": 0, "trails_advanced": 0, "trails_expert": 0, "trails_freeride": 0, "trails_extreme": 0, "gladed_terrain": "No", "snow_park": "No", "sledding_tubing": "No", "lift_types": "chair lift: 1", "resort_type": "downhill ski resort", "region": "asia/japan/hokkaido" }, "geometry": { "type": "Point", "coordinates": [ 141.00364, 42.417587 ] } },
{ "type": "Feature", "properties": { "winter_sports_id": 1396487865, "winter_sports_type": "way", "name": "弁景温泉オロフレスキー場", "country": "Japan", "state": "Hokkaidō", "total_area_ha": 11.52, "total_area_acres": 28.0, "skiable_terrain_ha": 7.28, "skiable_terrain_acres": 18.0, "total_lifts": 1, "longest_lift_mi": 0.23, "downhill_trails": 4, "longest_trail_mi": 0.0, "avg_trail_mi": 0.0, "trails_novice": 0, "trails_easy": 1, "trails_intermediate": 2, "trails_advanced": 1, "trails_expert": 0, "trails_freeride": 0, "trails_extreme": 0, "gladed_terrain": "No", "snow_park": "No", "sledding_tubing": "No", "lift_types": "chair lift: 1", "resort_type": "downhill ski resort", "region": "asia/japan/hokkaido" }, "geometry": { "type": "Point", "coordinates": [ 140.983505, 42.555377 ] } },
{ "type": "Feature", "properties": { "winter_sports_id": 1408480314, "winter_sports_type": "way", "name": "桜ヶ丘スキー場", "country": "Japan", "state": "Hokkaidō", "total_area_ha": 10.08, "total_area_acres": 25.0, "skiable_terrain_ha": 0.0, "skiable_terrain_acres": 0.0, "total_lifts": 0, "longest_lift_mi": 0.0, "downhill_trails": 0, "longest_trail_mi": 0.0, "avg_trail_mi": 0.0, "trails_novice": 0, "trails_easy": 0, "trails_intermediate": 0, "trails_advanced": 0, "trails_expert": 0, "trails_freeride": 0, "trails_extreme": 0, "gladed_terrain": "No", "snow_park": "No", "sledding_tubing": "No", "lift_types": null, "resort_type": "not a downhill ski resort", "region": "asia/japan/hokkaido" }, "geometry": { "type": "Point", "coordinates": [ 143.104694, 44.189359 ] } },
{ "type": "Feature", "properties": { "winter_sports_id": 1408480984, "winter_sports_type": "way", "name": "えんがるロックバレースキー", "country": "Japan", "state": "Hokkaidō", "total_area_ha": 52.28, "total_area_acres": 129.0, "skiable_terrain_ha": 30.62, "skiable_terrain_acres": 76.0, "total_lifts": 1, "longest_lift_mi": 0.51, "downhill_trails": 8, "longest_trail_mi": 0.0, "avg_trail_mi": 0.0, "trails_novice": 1, "trails_easy": 4, "trails_intermediate": 1, "trails_advanced": 2, "trails_expert": 0, "trails_freeride": 0, "trails_extreme": 0, "gladed_terrain": "No", "snow_park": "No", "sledding_tubing": "No", "lift_types": "chair lift: 1", "resort_type": "downhill ski resort", "region": "asia/japan/hokkaido" }, "geometry": { "type": "Point", "coordinates": [ 143.497646, 44.017535 ] } },
{ "type": "Feature", "properties": { "winter_sports_id": 1408481212, "winter_sports_type": "way", "name": "佐呂間町営スキー場", "country": "Japan", "state": "Hokkaidō", "total_area_ha": 5.39, "total_area_acres": 13.0, "skiable_terrain_ha": 0.0, "skiable_terrain_acres": 0.0, "total_lifts": 1, "longest_lift_mi": 0.23, "downhill_trails": 0, "longest_trail_mi": 0.0, "avg_trail_mi": 0.0, "trails_novice": 0, "trails_easy": 0, "trails_intermediate": 0, "trails_advanced": 0, "trails_expert": 0, "trails_freeride": 0, "trails_extreme": 0, "gladed_terrain": "No", "snow_park": "No", "sledding_tubing": "No", "lift_types": "chair lift: 1", "resort_type": "downhill ski resort", "region": "asia/japan/hokkaido" }, "geometry": { "type": "Point", "coordinates": [ 143.752462, 44.008226 ] } },
{ "type": "Feature", "properties": { "winter_sports_id": 1408481267, "winter_sports_type": "way", "name": "北見市留辺蘂町八方台スキー場", "country": "Japan", "state": "Hokkaidō", "total_area_ha": 10.36, "total_area_acres": 26.0, "skiable_terrain_ha": 0.0, "skiable_terrain_acres": 0.0, "total_lifts": 1, "longest_lift_mi": 0.27, "downhill_trails": 0, "longest_trail_mi": 0.0, "avg_trail_mi": 0.0, "trails_novice": 0, "trails_easy": 0, "trails_intermediate": 0, "trails_advanced": 0, "trails_expert": 0, "trails_freeride": 0, "trails_extreme": 0, "gladed_terrain": "No", "snow_park": "No", "sledding_tubing": "No", "lift_types": "chair lift: 1", "resort_type": "downhill ski resort", "region": "asia/japan/hokkaido" }, "geometry": { "type": "Point", "coordinates": [ 143.611083, 43.767931 ] } },
{ "type": "Feature", "properties": { "winter_sports_id": 1408481393, "winter_sports_type": "way", "name": "置戸町南ヶ丘スキー場", "country": "Japan", "state": "Hokkaidō", "total_area_ha": 5.82, "total_area_acres": 14.0, "skiable_terrain_ha": 0.0, "skiable_terrain_acres": 0.0, "total_lifts": 1, "longest_lift_mi": 0.18, "downhill_trails": 0, "longest_trail_mi": 0.0, "avg_trail_mi": 0.0, "trails_novice": 0, "trails_easy": 0, "trails_intermediate": 0, "trails_advanced": 0, "trails_expert": 0, "trails_freeride": 0, "trails_extreme": 0, "gladed_terrain": "No", "snow_park": "No", "sledding_tubing": "No", "lift_types": "chair lift: 1", "resort_type": "downhill ski resort", "region": "asia/japan/hokkaido" }, "geometry": { "type": "Point", "coordinates": [ 143.599122, 43.676078 ] } },
{ "type": "Feature", "properties": { "winter_sports_id": 1408481684, "winter_sports_type": "way", "name": "積丹町野外スポーツ林スキー場", "country": "Japan", "state": "Hokkaidō", "total_area_ha": 3.94, "total_area_acres": 10.0, "skiable_terrain_ha": 0.0, "skiable_terrain_acres": 0.0, "total_lifts": 0, "longest_lift_mi": 0.0, "downhill_trails": 0, "longest_trail_mi": 0.0, "avg_trail_mi": 0.0, "trails_novice": 0, "trails_easy": 0, "trails_intermediate": 0, "trails_advanced": 0, "trails_expert": 0, "trails_freeride": 0, "trails_extreme": 0, "gladed_terrain": "No", "snow_park": "No", "sledding_tubing": "No", "lift_types": null, "resort_type": "not a downhill ski resort", "region": "asia/japan/hokkaido" }, "geometry": { "type": "Point", "coordinates": [ 140.604046, 43.291695 ] } },
{ "type": "Feature", "properties": { "winter_sports_id": 1408506909, "winter_sports_type": "way", "name": "ダイナスティスキーリゾート", "country": "Japan", "state": "Hokkaidō", "total_area_ha": 21.71, "total_area_acres": 54.0, "skiable_terrain_ha": 13.44, "skiable_terrain_acres": 33.0, "total_lifts": 3, "longest_lift_mi": 0.27, "downhill_trails": 5, "longest_trail_mi": 0.0, "avg_trail_mi": 0.0, "trails_novice": 0, "trails_easy": 3, "trails_intermediate": 2, "trails_advanced": 0, "trails_expert": 0, "trails_freeride": 0, "trails_extreme": 0, "gladed_terrain": "No", "snow_park": "No", "sledding_tubing": "No", "lift_types": "chair lift: 3", "resort_type": "downhill ski resort", "region": "asia/japan/hokkaido" }, "geometry": { "type": "Point", "coordinates": [ 141.45256, 42.928638 ] } },
{ "type": "Feature", "properties": { "winter_sports_id": 1408507576, "winter_sports_type": "way", "name": "クラッセスノーパーク", "country": "Japan", "state": "Hokkaidō", "total_area_ha": 2.07, "total_area_acres": 5.0, "skiable_terrain_ha": 0.0, "skiable_terrain_acres": 0.0, "total_lifts": 0, "longest_lift_mi": 0.0, "downhill_trails": 0, "longest_trail_mi": 0.0, "avg_trail_mi": 0.0, "trails_novice": 0, "trails_easy": 0, "trails_intermediate": 0, "trails_advanced": 0, "trails_expert": 0, "trails_freeride": 0, "trails_extreme": 0, "gladed_terrain": "No", "snow_park": "No", "sledding_tubing": "No", "lift_types": null, "resort_type": "not a downhill ski resort", "region": "asia/japan/hokkaido" }, "geometry": { "type": "Point", "coordinates": [ 141.529028, 42.970638 ] } },
{ "type": "Feature", "properties": { "winter_sports_id": 1408507908, "winter_sports_type": "way", "name": "暑寒別岳スキー場", "country": "Japan", "state": "Hokkaidō", "total_area_ha": 24.36, "total_area_acres": 60.0, "skiable_terrain_ha": 12.73, "skiable_terrain_acres": 31.0, "total_lifts": 2, "longest_lift_mi": 0.51, "downhill_trails": 6, "longest_trail_mi": 0.0, "avg_trail_mi": 0.0, "trails_novice": 0, "trails_easy": 2, "trails_intermediate": 2, "trails_advanced": 2, "trails_expert": 0, "trails_freeride": 0, "trails_extreme": 0, "gladed_terrain": "No", "snow_park": "No", "sledding_tubing": "No", "lift_types": "chair lift: 2", "resort_type": "downhill ski resort", "region": "asia/japan/hokkaido" }, "geometry": { "type": "Point", "coordinates": [ 141.534648, 43.807223 ] } },
{ "type": "Feature", "properties": { "winter_sports_id": 1408508894, "winter_sports_type": "way", "name": "かもい岳国際スキー場", "country": "Japan", "state": "Hokkaidō", "total_area_ha": 71.73, "total_area_acres": 177.0, "skiable_terrain_ha": 31.55, "skiable_terrain_acres": 78.0, "total_lifts": 4, "longest_lift_mi": 0.6, "downhill_trails": 4, "longest_trail_mi": 0.0, "avg_trail_mi": 0.0, "trails_novice": 0, "trails_easy": 1, "trails_intermediate": 2, "trails_advanced": 1, "trails_expert": 0, "trails_freeride": 0, "trails_extreme": 0, "gladed_terrain": "No", "snow_park": "No", "sledding_tubing": "No", "lift_types": "chair lift: 3, t-bar: 1", "resort_type": "downhill ski resort", "region": "asia/japan/hokkaido" }, "geometry": { "type": "Point", "coordinates": [ 142.00672, 43.520153 ] } },
{ "type": "Feature", "properties": { "winter_sports_id": 1448331027, "winter_sports_type": "way", "name": "明野ヶ丘スキー場", "country": "Japan", "state": "Hokkaidō", "total_area_ha": 3.73, "total_area_acres": 9.0, "skiable_terrain_ha": 2.91, "skiable_terrain_acres": 7.0, "total_lifts": 1, "longest_lift_mi": 0.18, "downhill_trails": 2, "longest_trail_mi": 0.0, "avg_trail_mi": 0.0, "trails_novice": 0, "trails_easy": 1, "trails_intermediate": 1, "trails_advanced": 0, "trails_expert": 0, "trails_freeride": 0, "trails_extreme": 0, "gladed_terrain": "No", "snow_park": "No", "sledding_tubing": "No", "lift_types": "chair lift: 1", "resort_type": "downhill ski resort", "region": "asia/japan/hokkaido" }, "geometry": { "type": "Point", "coordinates": [ 143.371395, 42.895672 ] } },
{ "type": "Feature", "properties": { "winter_sports_id": 1458248558, "winter_sports_type": "way", "name": "ASHIMOI KANKO高穂スキー場", "country": "Japan", "state": "Hokkaidō", "total_area_ha": 5.38, "total_area_acres": 13.0, "skiable_terrain_ha": 1.98, "skiable_terrain_acres": 5.0, "total_lifts": 1, "longest_lift_mi": 0.19, "downhill_trails": 2, "longest_trail_mi": 0.0, "avg_trail_mi": 0.0, "trails_novice": 0, "trails_easy": 0, "trails_intermediate": 0, "trails_advanced": 0, "trails_expert": 0, "trails_freeride": 0, "trails_extreme": 0, "gladed_terrain": "No", "snow_park": "No", "sledding_tubing": "No", "lift_types": "chair lift: 1", "resort_type": "downhill ski resort", "region": "asia/japan/hokkaido" }, "geometry": { "type": "Point", "coordinates": [ 141.962555, 43.821858 ] } },
{ "type": "Feature", "properties": { "winter_sports_id": 1458458188, "winter_sports_type": "way", "name": "美唄国設スキー場", "country": "Japan", "state": "Hokkaidō", "total_area_ha": 20.49, "total_area_acres": 51.0, "skiable_terrain_ha": 14.25, "skiable_terrain_acres": 35.0, "total_lifts": 1, "longest_lift_mi": 0.43, "downhill_trails": 5, "longest_trail_mi": 0.0, "avg_trail_mi": 0.0, "trails_novice": 0, "trails_easy": 0, "trails_intermediate": 0, "trails_advanced": 0, "trails_expert": 0, "trails_freeride": 0, "trails_extreme": 0, "gladed_terrain": "No", "snow_park": "No", "sledding_tubing": "No", "lift_types": "chair lift: 1", "resort_type": "downhill ski resort", "region": "asia/japan/hokkaido" }, "geometry": { "type": "Point", "coordinates": [ 141.947325, 43.319648 ] } },
{ "type": "Feature", "properties": { "winter_sports_id": 1458629919, "winter_sports_type": "way", "name": "望洋台スキー場", "country": "Japan", "state": "Hokkaidō", "total_area_ha": 7.99, "total_area_acres": 20.0, "skiable_terrain_ha": 2.59, "skiable_terrain_acres": 6.0, "total_lifts": 1, "longest_lift_mi": 0.29, "downhill_trails": 1, "longest_trail_mi": 0.0, "avg_trail_mi": 0.0, "trails_novice": 0, "trails_easy": 0, "trails_intermediate": 0, "trails_advanced": 0, "trails_expert": 0, "trails_freeride": 0, "trails_extreme": 0, "gladed_terrain": "No", "snow_park": "No", "sledding_tubing": "No", "lift_types": "chair lift: 1", "resort_type": "downhill ski resort", "region": "asia/japan/hokkaido" }, "geometry": { "type": "Point", "coordinates": [ 141.676553, 44.026444 ] } },
{ "type": "Feature", "properties": { "winter_sports_id": 1458680134, "winter_sports_type": "way", "name": "千歳市民スキー場", "country": "Japan", "state": "Hokkaidō", "total_area_ha": 3.09, "total_area_acres": 8.0, "skiable_terrain_ha": 1.14, "skiable_terrain_acres": 3.0, "total_lifts": 1, "longest_lift_mi": 0.1, "downhill_trails": 1, "longest_trail_mi": 0.0, "avg_trail_mi": 0.0, "trails_novice": 0, "trails_easy": 0, "trails_intermediate": 0, "trails_advanced": 0, "trails_expert": 0, "trails_freeride": 0, "trails_extreme": 0, "gladed_terrain": "No", "snow_park": "No", "sledding_tubing": "No", "lift_types": "chair lift: 1", "resort_type": "downhill ski resort", "region": "asia/japan/hokkaido" }, "geometry": { "type": "Point", "coordinates": [ 141.615886, 42.80225 ] } },
{ "type": "Feature", "properties": { "winter_sports_id": 1458944068, "winter_sports_type": "way", "name": "大雪山層雲峡黒岳スキー場", "country": "Japan", "state": "Hokkaidō", "total_area_ha": 7.9, "total_area_acres": 20.0, "skiable_terrain_ha": 4.99, "skiable_terrain_acres": 12.0, "total_lifts": 2, "longest_lift_mi": 0.96, "downhill_trails": 1, "longest_trail_mi": 0.0, "avg_trail_mi": 0.0, "trails_novice": 0, "trails_easy": 0, "trails_intermediate": 0, "trails_advanced": 0, "trails_expert": 0, "trails_freeride": 0, "trails_extreme": 0, "gladed_terrain": "No", "snow_park": "No", "sledding_tubing": "No", "lift_types": "cable car: 1, chair lift: 1", "resort_type": "downhill ski resort", "region": "asia/japan/hokkaido" }, "geometry": { "type": "Point", "coordinates": [ 142.932739, 43.706416 ] } },
{ "type": "Feature", "properties": { "winter_sports_id": 1463887526, "winter_sports_type": "way", "name": "船見台スキー場", "country": "Japan", "state": "Hokkaidō", "total_area_ha": 2.09, "total_area_acres": 5.0, "skiable_terrain_ha": 0.5, "skiable_terrain_acres": 1.0, "total_lifts": 1, "longest_lift_mi": 0.13, "downhill_trails": 1, "longest_trail_mi": 0.0, "avg_trail_mi": 0.0, "trails_novice": 0, "trails_easy": 0, "trails_intermediate": 0, "trails_advanced": 0, "trails_expert": 0, "trails_freeride": 0, "trails_extreme": 0, "gladed_terrain": "No", "snow_park": "No", "sledding_tubing": "No", "lift_types": "rope tow: 1", "resort_type": "downhill ski resort", "region": "asia/japan/hokkaido" }, "geometry": { "type": "Point", "coordinates": [ 140.727857, 42.587121 ] } },
{ "type": "Feature", "properties": { "winter_sports_id": 1463888923, "winter_sports_type": "way", "name": "風連スキー場", "country": "Japan", "state": "Hokkaidō", "total_area_ha": 3.17, "total_area_acres": 8.0, "skiable_terrain_ha": 0.84, "skiable_terrain_acres": 2.0, "total_lifts": 1, "longest_lift_mi": 0.11, "downhill_trails": 1, "longest_trail_mi": 0.0, "avg_trail_mi": 0.0, "trails_novice": 0, "trails_easy": 0, "trails_intermediate": 0, "trails_advanced": 0, "trails_expert": 0, "trails_freeride": 0, "trails_extreme": 0, "gladed_terrain": "No", "snow_park": "No", "sledding_tubing": "No", "lift_types": "rope tow: 1", "resort_type": "downhill ski resort", "region": "asia/japan/hokkaido" }, "geometry": { "type": "Point", "coordinates": [ 142.347848, 44.296665 ] } },
{ "type": "Feature", "properties": { "winter_sports_id": 1464065409, "winter_sports_type": "way", "name": "羽幌町民スキー場", "country": "Japan", "state": "Hokkaidō", "total_area_ha": 24.29, "total_area_acres": 60.0, "skiable_terrain_ha": 17.21, "skiable_terrain_acres": 43.0, "total_lifts": 1, "longest_lift_mi": 0.42, "downhill_trails": 2, "longest_trail_mi": 0.0, "avg_trail_mi": 0.0, "trails_novice": 0, "trails_easy": 0, "trails_intermediate": 0, "trails_advanced": 0, "trails_expert": 0, "trails_freeride": 0, "trails_extreme": 0, "gladed_terrain": "No", "snow_park": "No", "sledding_tubing": "No", "lift_types": "chair lift: 1", "resort_type": "downhill ski resort", "region": "asia/japan/hokkaido" }, "geometry": { "type": "Point", "coordinates": [ 141.786285, 44.317957 ] } },
{ "type": "Feature", "properties": { "winter_sports_id": 1464066066, "winter_sports_type": "way", "name": "萩の山市民スキー場", "country": "Japan", "state": "Hokkaidō", "total_area_ha": 17.16, "total_area_acres": 42.0, "skiable_terrain_ha": 9.39, "skiable_terrain_acres": 23.0, "total_lifts": 5, "longest_lift_mi": 0.43, "downhill_trails": 3, "longest_trail_mi": 0.0, "avg_trail_mi": 0.0, "trails_novice": 0, "trails_easy": 0, "trails_intermediate": 0, "trails_advanced": 0, "trails_expert": 0, "trails_freeride": 0, "trails_extreme": 0, "gladed_terrain": "No", "snow_park": "No", "sledding_tubing": "No", "lift_types": "chair lift: 5", "resort_type": "downhill ski resort", "region": "asia/japan/hokkaido" }, "geometry": { "type": "Point", "coordinates": [ 141.809725, 43.164944 ] } },
{ "type": "Feature", "properties": { "winter_sports_id": 1464068975, "winter_sports_type": "way", "name": "白銀台スキー場", "country": "Japan", "state": "Hokkaidō", "total_area_ha": 12.31, "total_area_acres": 30.0, "skiable_terrain_ha": 7.86, "skiable_terrain_acres": 19.0, "total_lifts": 1, "longest_lift_mi": 0.4, "downhill_trails": 2, "longest_trail_mi": 0.0, "avg_trail_mi": 0.0, "trails_novice": 0, "trails_easy": 0, "trails_intermediate": 0, "trails_advanced": 0, "trails_expert": 0, "trails_freeride": 0, "trails_extreme": 0, "gladed_terrain": "No", "snow_park": "No", "sledding_tubing": "No", "lift_types": "chair lift: 1", "resort_type": "downhill ski resort", "region": "asia/japan/hokkaido" }, "geometry": { "type": "Point", "coordinates": [ 143.311601, 42.56091 ] } },
{ "type": "Feature", "properties": { "winter_sports_id": 1464071370, "winter_sports_type": "way", "name": "北竜町営スキー場", "country": "Japan", "state": "Hokkaidō", "total_area_ha": 1.48, "total_area_acres": 4.0, "skiable_terrain_ha": 0.79, "skiable_terrain_acres": 2.0, "total_lifts": 1, "longest_lift_mi": 0.12, "downhill_trails": 1, "longest_trail_mi": 0.0, "avg_trail_mi": 0.0, "trails_novice": 0, "trails_easy": 0, "trails_intermediate": 0, "trails_advanced": 0, "trails_expert": 0, "trails_freeride": 0, "trails_extreme": 0, "gladed_terrain": "No", "snow_park": "No", "sledding_tubing": "No", "lift_types": "rope tow: 1", "resort_type": "downhill ski resort", "region": "asia/japan/hokkaido" }, "geometry": { "type": "Point", "coordinates": [ 141.851167, 43.764351 ] } },
{ "type": "Feature", "properties": { "winter_sports_id": 1464071447, "winter_sports_type": "way", "name": "東藻琴白かば台スキー場", "country": "Japan", "state": "Hokkaidō", "total_area_ha": 2.96, "total_area_acres": 7.0, "skiable_terrain_ha": 1.01, "skiable_terrain_acres": 2.0, "total_lifts": 1, "longest_lift_mi": 0.13, "downhill_trails": 1, "longest_trail_mi": 0.0, "avg_trail_mi": 0.0, "trails_novice": 0, "trails_easy": 0, "trails_intermediate": 0, "trails_advanced": 0, "trails_expert": 0, "trails_freeride": 0, "trails_extreme": 0, "gladed_terrain": "No", "snow_park": "No", "sledding_tubing": "No", "lift_types": "rope tow: 1", "resort_type": "downhill ski resort", "region": "asia/japan/hokkaido" }, "geometry": { "type": "Point", "coordinates": [ 144.303118, 43.823598 ] } },
{ "type": "Feature", "properties": { "winter_sports_id": 1466123581, "winter_sports_type": "way", "name": "石狩平原スキー場", "country": "Japan", "state": "Hokkaidō", "total_area_ha": 9.73, "total_area_acres": 24.0, "skiable_terrain_ha": 3.58, "skiable_terrain_acres": 9.0, "total_lifts": 2, "longest_lift_mi": 0.28, "downhill_trails": 3, "longest_trail_mi": 0.0, "avg_trail_mi": 0.0, "trails_novice": 0, "trails_easy": 0, "trails_intermediate": 0, "trails_advanced": 0, "trails_expert": 0, "trails_freeride": 0, "trails_extreme": 0, "gladed_terrain": "No", "snow_park": "No", "sledding_tubing": "No", "lift_types": "chair lift: 2", "resort_type": "downhill ski resort", "region": "asia/japan/hokkaido" }, "geometry": { "type": "Point", "coordinates": [ 141.504795, 43.262164 ] } },
{ "type": "Feature", "properties": { "winter_sports_id": 1466124708, "winter_sports_type": "way", "name": "岩内", "country": "Japan", "state": "Hokkaidō", "total_area_ha": 64.2, "total_area_acres": 159.0, "skiable_terrain_ha": 11.25, "skiable_terrain_acres": 28.0, "total_lifts": 1, "longest_lift_mi": 0.42, "downhill_trails": 6, "longest_trail_mi": 0.08, "avg_trail_mi": 0.08, "trails_novice": 1, "trails_easy": 0, "trails_intermediate": 3, "trails_advanced": 0, "trails_expert": 0, "trails_freeride": 0, "trails_extreme": 0, "gladed_terrain": "No", "snow_park": "No", "sledding_tubing": "No", "lift_types": "chair lift: 1", "resort_type": "downhill ski resort", "region": "asia/japan/hokkaido" }, "geometry": { "type": "Point", "coordinates": [ 140.513472, 42.939045 ] } },
{ "type": "Feature", "properties": { "winter_sports_id": 1468756556, "winter_sports_type": "way", "name": "コンサドーレ仁木スキーパーク", "country": "Japan", "state": "Hokkaidō", "total_area_ha": 10.5, "total_area_acres": 26.0, "skiable_terrain_ha": 8.79, "skiable_terrain_acres": 22.0, "total_lifts": 1, "longest_lift_mi": 0.31, "downhill_trails": 3, "longest_trail_mi": 0.0, "avg_trail_mi": 0.0, "trails_novice": 0, "trails_easy": 1, "trails_intermediate": 1, "trails_advanced": 1, "trails_expert": 0, "trails_freeride": 0, "trails_extreme": 0, "gladed_terrain": "No", "snow_park": "No", "sledding_tubing": "No", "lift_types": "chair lift: 1", "resort_type": "downhill ski resort", "region": "asia/japan/hokkaido" }, "geometry": { "type": "Point", "coordinates": [ 140.734337, 43.114701 ] } },
{ "type": "Feature", "properties": { "winter_sports_id": 1469700920, "winter_sports_type": "way", "name": "桂沢国設スキー場", "country": "Japan", "state": "Hokkaidō", "total_area_ha": 19.95, "total_area_acres": 49.0, "skiable_terrain_ha": 12.77, "skiable_terrain_acres": 32.0, "total_lifts": 1, "longest_lift_mi": 0.47, "downhill_trails": 4, "longest_trail_mi": 0.0, "avg_trail_mi": 0.0, "trails_novice": 0, "trails_easy": 1, "trails_intermediate": 2, "trails_advanced": 1, "trails_expert": 0, "trails_freeride": 0, "trails_extreme": 0, "gladed_terrain": "No", "snow_park": "No", "sledding_tubing": "No", "lift_types": "chair lift: 1", "resort_type": "downhill ski resort", "region": "asia/japan/hokkaido" }, "geometry": { "type": "Point", "coordinates": [ 141.979195, 43.2489 ] } },
{ "type": "Feature", "properties": { "winter_sports_id": 1469704383, "winter_sports_type": "way", "name": "風の丘公園スキー場", "country": "Japan", "state": "Hokkaidō", "total_area_ha": 6.52, "total_area_acres": 16.0, "skiable_terrain_ha": 2.01, "skiable_terrain_acres": 5.0, "total_lifts": 1, "longest_lift_mi": 0.27, "downhill_trails": 1, "longest_trail_mi": 0.0, "avg_trail_mi": 0.0, "trails_novice": 0, "trails_easy": 0, "trails_intermediate": 0, "trails_advanced": 0, "trails_expert": 0, "trails_freeride": 0, "trails_extreme": 0, "gladed_terrain": "No", "snow_park": "No", "sledding_tubing": "No", "lift_types": "chair lift: 1", "resort_type": "downhill ski resort", "region": "asia/japan/hokkaido" }, "geometry": { "type": "Point", "coordinates": [ 144.500568, 43.719438 ] } },
{ "type": "Feature", "properties": { "winter_sports_id": 1469706430, "winter_sports_type": "way", "name": "小清水町民スキー場", "country": "Japan", "state": "Hokkaidō", "total_area_ha": 2.69, "total_area_acres": 7.0, "skiable_terrain_ha": 0.78, "skiable_terrain_acres": 2.0, "total_lifts": 1, "longest_lift_mi": 0.19, "downhill_trails": 1, "longest_trail_mi": 0.0, "avg_trail_mi": 0.0, "trails_novice": 0, "trails_easy": 0, "trails_intermediate": 0, "trails_advanced": 0, "trails_expert": 0, "trails_freeride": 0, "trails_extreme": 0, "gladed_terrain": "No", "snow_park": "No", "sledding_tubing": "No", "lift_types": "rope tow: 1", "resort_type": "downhill ski resort", "region": "asia/japan/hokkaido" }, "geometry": { "type": "Point", "coordinates": [ 144.455197, 43.857416 ] } },
{ "type": "Feature", "properties": { "winter_sports_id": 449158039, "winter_sports_type": "way", "name": "ハチ北高原スキー場", "country": "Japan", "state": "Hyōgo", "total_area_ha": 94.42, "total_area_acres": 233.0, "skiable_terrain_ha": 91.82, "skiable_terrain_acres": 227.0, "total_lifts": 25, "longest_lift_mi": 0.69, "downhill_trails": 40, "longest_trail_mi": 0.0, "avg_trail_mi": 0.0, "trails_novice": 4, "trails_easy": 17, "trails_intermediate": 10, "trails_advanced": 9, "trails_expert": 0, "trails_freeride": 0, "trails_extreme": 0, "gladed_terrain": "No", "snow_park": "No", "sledding_tubing": "No", "lift_types": "chair lift: 25", "resort_type": "downhill ski resort", "region": "asia/japan/kansai" }, "geometry": { "type": "Point", "coordinates": [ 134.54175, 35.401796 ] } },
{ "type": "Feature", "properties": { "winter_sports_id": 952183491, "winter_sports_type": "way", "name": "ハイパーボウル東鉢", "country": "Japan", "state": "Hyōgo", "total_area_ha": 49.59, "total_area_acres": 123.0, "skiable_terrain_ha": 50.23, "skiable_terrain_acres": 124.0, "total_lifts": 12, "longest_lift_mi": 0.57, "downhill_trails": 15, "longest_trail_mi": 0.0, "avg_trail_mi": 0.0, "trails_novice": 2, "trails_easy": 5, "trails_intermediate": 6, "trails_advanced": 2, "trails_expert": 0, "trails_freeride": 0, "trails_extreme": 0, "gladed_terrain": "No", "snow_park": "No", "sledding_tubing": "No", "lift_types": "chair lift: 12", "resort_type": "downhill ski resort", "region": "asia/japan/kansai" }, "geometry": { "type": "Point", "coordinates": [ 134.561038, 35.389373 ] } },
{ "type": "Feature", "properties": { "winter_sports_id": 952183492, "winter_sports_type": "way", "name": "スカイバレイスキー場", "country": "Japan", "state": "Hyōgo", "total_area_ha": 66.74, "total_area_acres": 165.0, "skiable_terrain_ha": 50.23, "skiable_terrain_acres": 124.0, "total_lifts": 12, "longest_lift_mi": 0.53, "downhill_trails": 15, "longest_trail_mi": 0.0, "avg_trail_mi": 0.0, "trails_novice": 2, "trails_easy": 5, "trails_intermediate": 6, "trails_advanced": 2, "trails_expert": 0, "trails_freeride": 0, "trails_extreme": 0, "gladed_terrain": "No", "snow_park": "No", "sledding_tubing": "No", "lift_types": "chair lift: 12", "resort_type": "downhill ski resort", "region": "asia/japan/kansai" }, "geometry": { "type": "Point", "coordinates": [ 134.564717, 35.395273 ] } },
{ "type": "Feature", "properties": { "winter_sports_id": 1087495295, "winter_sports_type": "way", "name": "アップかんなべ", "country": "Japan", "state": "Hyōgo", "total_area_ha": 35.89, "total_area_acres": 89.0, "skiable_terrain_ha": 2.49, "skiable_terrain_acres": 6.0, "total_lifts": 5, "longest_lift_mi": 0.42, "downhill_trails": 2, "longest_trail_mi": 0.0, "avg_trail_mi": 0.0, "trails_novice": 1, "trails_easy": 0, "trails_intermediate": 1, "trails_advanced": 0, "trails_expert": 0, "trails_freeride": 0, "trails_extreme": 0, "gladed_terrain": "No", "snow_park": "No", "sledding_tubing": "No", "lift_types": "chair lift: 5", "resort_type": "downhill ski resort", "region": "asia/japan/kansai" }, "geometry": { "type": "Point", "coordinates": [ 134.678611, 35.503997 ] } },
{ "type": "Feature", "properties": { "winter_sports_id": 1169304510, "winter_sports_type": "way", "name": "余呉高原スキー場", "country": "Japan", "state": "Fukui", "total_area_ha": 36.82, "total_area_acres": 91.0, "skiable_terrain_ha": 21.78, "skiable_terrain_acres": 54.0, "total_lifts": 9, "longest_lift_mi": 0.54, "downhill_trails": 7, "longest_trail_mi": 0.0, "avg_trail_mi": 0.0, "trails_novice": 1, "trails_easy": 3, "trails_intermediate": 2, "trails_advanced": 0, "trails_expert": 1, "trails_freeride": 0, "trails_extreme": 0, "gladed_terrain": "No", "snow_park": "No", "sledding_tubing": "No", "lift_types": "chair lift: 8, magic carpet: 1", "resort_type": "downhill ski resort", "region": "asia/japan/kansai" }, "geometry": { "type": "Point", "coordinates": [ 136.153894, 35.696957 ] } },
{ "type": "Feature", "properties": { "winter_sports_id": 1201632282, "winter_sports_type": "way", "name": "ばんしゅう戸倉スキー場", "country": "Japan", "state": "Hyōgo", "total_area_ha": 15.38, "total_area_acres": 38.0, "skiable_terrain_ha": 6.06, "skiable_terrain_acres": 15.0, "total_lifts": 3, "longest_lift_mi": 0.3, "downhill_trails": 4, "longest_trail_mi": 0.0, "avg_trail_mi": 0.0, "trails_novice": 0, "trails_easy": 3, "trails_intermediate": 1, "trails_advanced": 0, "trails_expert": 0, "trails_freeride": 0, "trails_extreme": 0, "gladed_terrain": "No", "snow_park": "No", "sledding_tubing": "No", "lift_types": "chair lift: 3", "resort_type": "downhill ski resort", "region": "asia/japan/kansai" }, "geometry": { "type": "Point", "coordinates": [ 134.541081, 35.285258 ] } },
{ "type": "Feature", "properties": { "winter_sports_id": 1201636934, "winter_sports_type": "way", "name": "びわ湖バレイ スキー場", "country": "Japan", "state": "Shiga", "total_area_ha": 54.88, "total_area_acres": 136.0, "skiable_terrain_ha": 18.38, "skiable_terrain_acres": 45.0, "total_lifts": 8, "longest_lift_mi": 1.05, "downhill_trails": 8, "longest_trail_mi": 0.0, "avg_trail_mi": 0.0, "trails_novice": 1, "trails_easy": 2, "trails_intermediate": 4, "trails_advanced": 1, "trails_expert": 0, "trails_freeride": 0, "trails_extreme": 0, "gladed_terrain": "No", "snow_park": "No", "sledding_tubing": "No", "lift_types": "cable car: 1, chair lift: 7", "resort_type": "downhill ski resort", "region": "asia/japan/kansai" }, "geometry": { "type": "Point", "coordinates": [ 135.889831, 35.213482 ] } },
{ "type": "Feature", "properties": { "winter_sports_id": 1201638581, "winter_sports_type": "way", "name": "箱館山スキー場", "country": "Japan", "state": "Shiga", "total_area_ha": 23.74, "total_area_acres": 59.0, "skiable_terrain_ha": 9.87, "skiable_terrain_acres": 24.0, "total_lifts": 5, "longest_lift_mi": 0.77, "downhill_trails": 9, "longest_trail_mi": 0.0, "avg_trail_mi": 0.0, "trails_novice": 0, "trails_easy": 3, "trails_intermediate": 4, "trails_advanced": 2, "trails_expert": 0, "trails_freeride": 0, "trails_extreme": 0, "gladed_terrain": "No", "snow_park": "No", "sledding_tubing": "No", "lift_types": "chair lift: 4, gondola: 1", "resort_type": "downhill ski resort", "region": "asia/japan/kansai" }, "geometry": { "type": "Point", "coordinates": [ 135.984732, 35.438624 ] } },
{ "type": "Feature", "properties": { "winter_sports_id": 1201639229, "winter_sports_type": "way", "name": "国境高原スノーパーク", "country": "Japan", "state": "Fukui", "total_area_ha": 23.18, "total_area_acres": 57.0, "skiable_terrain_ha": 10.27, "skiable_terrain_acres": 25.0, "total_lifts": 4, "longest_lift_mi": 0.42, "downhill_trails": 6, "longest_trail_mi": 0.0, "avg_trail_mi": 0.0, "trails_novice": 0, "trails_easy": 3, "trails_intermediate": 2, "trails_advanced": 1, "trails_expert": 0, "trails_freeride": 0, "trails_extreme": 0, "gladed_terrain": "No", "snow_park": "No", "sledding_tubing": "No", "lift_types": "chair lift: 4", "resort_type": "downhill ski resort", "region": "asia/japan/kansai" }, "geometry": { "type": "Point", "coordinates": [ 136.089358, 35.535031 ] } },
{ "type": "Feature", "properties": { "winter_sports_id": 1201643329, "winter_sports_type": "way", "name": "グランスノー奥伊吹", "country": "Japan", "state": "Gifu", "total_area_ha": 66.12, "total_area_acres": 163.0, "skiable_terrain_ha": 18.73, "skiable_terrain_acres": 46.0, "total_lifts": 11, "longest_lift_mi": 0.43, "downhill_trails": 18, "longest_trail_mi": 0.0, "avg_trail_mi": 0.0, "trails_novice": 0, "trails_easy": 6, "trails_intermediate": 8, "trails_advanced": 3, "trails_expert": 1, "trails_freeride": 0, "trails_extreme": 0, "gladed_terrain": "No", "snow_park": "No", "sledding_tubing": "No", "lift_types": "chair lift: 9, magic carpet: 2", "resort_type": "downhill ski resort", "region": "asia/japan/kansai" }, "geometry": { "type": "Point", "coordinates": [ 136.392731, 35.518654 ] } },
{ "type": "Feature", "properties": { "winter_sports_id": 1220420792, "winter_sports_type": "way", "name": "氷ノ山国際スキー場", "country": "Japan", "state": "Hyōgo", "total_area_ha": 33.04, "total_area_acres": 82.0, "skiable_terrain_ha": 8.12, "skiable_terrain_acres": 20.0, "total_lifts": 4, "longest_lift_mi": 0.5, "downhill_trails": 3, "longest_trail_mi": 0.0, "avg_trail_mi": 0.0, "trails_novice": 0, "trails_easy": 1, "trails_intermediate": 2, "trails_advanced": 0, "trails_expert": 0, "trails_freeride": 0, "trails_extreme": 0, "gladed_terrain": "No", "snow_park": "No", "sledding_tubing": "No", "lift_types": "chair lift: 4", "resort_type": "downhill ski resort", "region": "asia/japan/kansai" }, "geometry": { "type": "Point", "coordinates": [ 134.528447, 35.364062 ] } },
{ "type": "Feature", "properties": { "winter_sports_id": 1220421289, "winter_sports_type": "way", "name": "ハチ高原スキー場", "country": "Japan", "state": "Hyōgo", "total_area_ha": 63.83, "total_area_acres": 158.0, "skiable_terrain_ha": 48.85, "skiable_terrain_acres": 121.0, "total_lifts": 14, "longest_lift_mi": 0.61, "downhill_trails": 25, "longest_trail_mi": 0.0, "avg_trail_mi": 0.0, "trails_novice": 3, "trails_easy": 12, "trails_intermediate": 4, "trails_advanced": 6, "trails_expert": 0, "trails_freeride": 0, "trails_extreme": 0, "gladed_terrain": "No", "snow_park": "No", "sledding_tubing": "No", "lift_types": "chair lift: 14", "resort_type": "downhill ski resort", "region": "asia/japan/kansai" }, "geometry": { "type": "Point", "coordinates": [ 134.530701, 35.389381 ] } },
{ "type": "Feature", "properties": { "winter_sports_id": 1220421900, "winter_sports_type": "way", "name": "ミカタスノーパーク", "country": "Japan", "state": "Hyōgo", "total_area_ha": 39.03, "total_area_acres": 96.0, "skiable_terrain_ha": 45.32, "skiable_terrain_acres": 112.0, "total_lifts": 13, "longest_lift_mi": 0.69, "downhill_trails": 21, "longest_trail_mi": 0.0, "avg_trail_mi": 0.0, "trails_novice": 2, "trails_easy": 8, "trails_intermediate": 5, "trails_advanced": 6, "trails_expert": 0, "trails_freeride": 0, "trails_extreme": 0, "gladed_terrain": "No", "snow_park": "No", "sledding_tubing": "No", "lift_types": "chair lift: 13", "resort_type": "downhill ski resort", "region": "asia/japan/kansai" }, "geometry": { "type": "Point", "coordinates": [ 134.531021, 35.409596 ] } },
{ "type": "Feature", "properties": { "winter_sports_id": 1220422088, "winter_sports_type": "way", "name": "おじろスキー場", "country": "Japan", "state": "Hyōgo", "total_area_ha": 34.32, "total_area_acres": 85.0, "skiable_terrain_ha": 5.71, "skiable_terrain_acres": 14.0, "total_lifts": 4, "longest_lift_mi": 1.19, "downhill_trails": 5, "longest_trail_mi": 0.0, "avg_trail_mi": 0.0, "trails_novice": 0, "trails_easy": 3, "trails_intermediate": 1, "trails_advanced": 1, "trails_expert": 0, "trails_freeride": 0, "trails_extreme": 0, "gladed_terrain": "No", "snow_park": "No", "sledding_tubing": "No", "lift_types": "chair lift: 3, gondola: 1", "resort_type": "downhill ski resort", "region": "asia/japan/kansai" }, "geometry": { "type": "Point", "coordinates": [ 134.518836, 35.459918 ] } },
{ "type": "Feature", "properties": { "winter_sports_id": 1220422294, "winter_sports_type": "way", "name": "但馬牧場公園スキー場", "country": "Japan", "state": "Hyōgo", "total_area_ha": 12.37, "total_area_acres": 31.0, "skiable_terrain_ha": 6.71, "skiable_terrain_acres": 17.0, "total_lifts": 2, "longest_lift_mi": 0.36, "downhill_trails": 6, "longest_trail_mi": 0.0, "avg_trail_mi": 0.0, "trails_novice": 1, "trails_easy": 3, "trails_intermediate": 1, "trails_advanced": 1, "trails_expert": 0, "trails_freeride": 0, "trails_extreme": 0, "gladed_terrain": "No", "snow_park": "No", "sledding_tubing": "No", "lift_types": "chair lift: 2", "resort_type": "downhill ski resort", "region": "asia/japan/kansai" }, "geometry": { "type": "Point", "coordinates": [ 134.491634, 35.515531 ] } },
{ "type": "Feature", "properties": { "winter_sports_id": 1458245386, "winter_sports_type": "way", "name": "赤子山スキー場 スノーパル", "country": "Japan", "state": "Shiga", "total_area_ha": 3.21, "total_area_acres": 8.0, "skiable_terrain_ha": 0.64, "skiable_terrain_acres": 2.0, "total_lifts": 1, "longest_lift_mi": 0.08, "downhill_trails": 1, "longest_trail_mi": 0.0, "avg_trail_mi": 0.0, "trails_novice": 0, "trails_easy": 0, "trails_intermediate": 0, "trails_advanced": 0, "trails_expert": 0, "trails_freeride": 0, "trails_extreme": 0, "gladed_terrain": "No", "snow_park": "No", "sledding_tubing": "No", "lift_types": "t-bar: 1", "resort_type": "downhill ski resort", "region": "asia/japan/kansai" }, "geometry": { "type": "Point", "coordinates": [ 136.219966, 35.546376 ] } },
{ "type": "Feature", "properties": { "winter_sports_id": 1458631222, "winter_sports_type": "way", "name": "ちくさ高原スキー場", "country": "Japan", "state": "Okayama", "total_area_ha": 37.42, "total_area_acres": 92.0, "skiable_terrain_ha": 25.51, "skiable_terrain_acres": 63.0, "total_lifts": 4, "longest_lift_mi": 0.33, "downhill_trails": 12, "longest_trail_mi": 0.02, "avg_trail_mi": 0.02, "trails_novice": 0, "trails_easy": 0, "trails_intermediate": 0, "trails_advanced": 0, "trails_expert": 0, "trails_freeride": 0, "trails_extreme": 0, "gladed_terrain": "No", "snow_park": "No", "sledding_tubing": "No", "lift_types": "chair lift: 3, drag lift: 1", "resort_type": "downhill ski resort", "region": "asia/japan/kansai" }, "geometry": { "type": "Point", "coordinates": [ 134.386293, 35.217427 ] } },
{ "type": "Feature", "properties": { "winter_sports_id": 1463893353, "winter_sports_type": "way", "name": "御在所スキー場", "country": "Japan", "state": "Mie", "total_area_ha": 3.43, "total_area_acres": 8.0, "skiable_terrain_ha": 0.66, "skiable_terrain_acres": 2.0, "total_lifts": 3, "longest_lift_mi": 1.24, "downhill_trails": 2, "longest_trail_mi": 0.0, "avg_trail_mi": 0.0, "trails_novice": 0, "trails_easy": 1, "trails_intermediate": 0, "trails_advanced": 1, "trails_expert": 0, "trails_freeride": 0, "trails_extreme": 0, "gladed_terrain": "No", "snow_park": "No", "sledding_tubing": "No", "lift_types": "chair lift: 2, gondola: 1", "resort_type": "downhill ski resort", "region": "asia/japan/kansai" }, "geometry": { "type": "Point", "coordinates": [ 136.42196, 35.020347 ] } },
{ "type": "Feature", "properties": { "winter_sports_id": 91224669, "winter_sports_type": "way", "name": "91224669", "country": "Japan", "state": "Gunma", "total_area_ha": 67.12, "total_area_acres": 166.0, "skiable_terrain_ha": 43.74, "skiable_terrain_acres": 108.0, "total_lifts": 4, "longest_lift_mi": 0.57, "downhill_trails": 13, "longest_trail_mi": 0.0, "avg_trail_mi": 0.0, "trails_novice": 0, "trails_easy": 4, "trails_intermediate": 6, "trails_advanced": 3, "trails_expert": 0, "trails_freeride": 0, "trails_extreme": 0, "gladed_terrain": "No", "snow_park": "No", "sledding_tubing": "No", "lift_types": "chair lift: 4", "resort_type": "downhill ski resort", "region": "asia/japan/kanto" }, "geometry": { "type": "Point", "coordinates": [ 139.190899, 36.802533 ] } },
{ "type": "Feature", "properties": { "winter_sports_id": 389722521, "winter_sports_type": "way", "name": "ノルン水上", "country": "Japan", "state": "Gunma", "total_area_ha": 62.32, "total_area_acres": 154.0, "skiable_terrain_ha": 36.77, "skiable_terrain_acres": 91.0, "total_lifts": 4, "longest_lift_mi": 0.86, "downhill_trails": 9, "longest_trail_mi": 0.0, "avg_trail_mi": 0.0, "trails_novice": 4, "trails_easy": 0, "trails_intermediate": 5, "trails_advanced": 0, "trails_expert": 0, "trails_freeride": 0, "trails_extreme": 0, "gladed_terrain": "No", "snow_park": "No", "sledding_tubing": "No", "lift_types": "chair lift: 4", "resort_type": "downhill ski resort", "region": "asia/japan/kanto" }, "geometry": { "type": "Point", "coordinates": [ 138.934147, 36.740961 ] } },
{ "type": "Feature", "properties": { "winter_sports_id": 389726275, "winter_sports_type": "way", "name": "川場スキー場", "country": "Japan", "state": "Gunma", "total_area_ha": 177.61, "total_area_acres": 439.0, "skiable_terrain_ha": 56.0, "skiable_terrain_acres": 138.0, "total_lifts": 6, "longest_lift_mi": 0.96, "downhill_trails": 11, "longest_trail_mi": 0.0, "avg_trail_mi": 0.0, "trails_novice": 0, "trails_easy": 3, "trails_intermediate": 4, "trails_advanced": 4, "trails_expert": 0, "trails_freeride": 0, "trails_extreme": 0, "gladed_terrain": "No", "snow_park": "No", "sledding_tubing": "No", "lift_types": "chair lift: 5, magic carpet: 1", "resort_type": "downhill ski resort", "region": "asia/japan/kanto" }, "geometry": { "type": "Point", "coordinates": [ 139.115316, 36.777809 ] } },
{ "type": "Feature", "properties": { "winter_sports_id": 547179360, "winter_sports_type": "way", "name": "かたしな高原スキー場", "country": "Japan", "state": "Gunma", "total_area_ha": 73.37, "total_area_acres": 181.0, "skiable_terrain_ha": 142.54, "skiable_terrain_acres": 352.0, "total_lifts": 11, "longest_lift_mi": 1.14, "downhill_trails": 23, "longest_trail_mi": 0.0, "avg_trail_mi": 0.0, "trails_novice": 0, "trails_easy": 5, "trails_intermediate": 14, "trails_advanced": 4, "trails_expert": 0, "trails_freeride": 0, "trails_extreme": 0, "gladed_terrain": "No", "snow_park": "No", "sledding_tubing": "No", "lift_types": "chair lift: 10, gondola: 1", "resort_type": "downhill ski resort", "region": "asia/japan/kanto" }, "geometry": { "type": "Point", "coordinates": [ 139.221641, 36.810133 ] } },
{ "type": "Feature", "properties": { "winter_sports_id": 568836635, "winter_sports_type": "way", "name": "水上高原スキーリゾート", "country": "Japan", "state": "Gunma", "total_area_ha": 114.57, "total_area_acres": 283.0, "skiable_terrain_ha": 44.92, "skiable_terrain_acres": 111.0, "total_lifts": 7, "longest_lift_mi": 0.63, "downhill_trails": 23, "longest_trail_mi": 0.05, "avg_trail_mi": 0.05, "trails_novice": 2, "trails_easy": 4, "trails_intermediate": 9, "trails_advanced": 7, "trails_expert": 0, "trails_freeride": 0, "trails_extreme": 0, "gladed_terrain": "No", "snow_park": "No", "sledding_tubing": "No", "lift_types": "chair lift: 7", "resort_type": "downhill ski resort", "region": "asia/japan/kanto" }, "geometry": { "type": "Point", "coordinates": [ 139.079866, 36.857781 ] } },
{ "type": "Feature", "properties": { "winter_sports_id": 569151593, "winter_sports_type": "way", "name": "藤原スキー場", "country": "Japan", "state": "Gunma", "total_area_ha": 27.11, "total_area_acres": 67.0, "skiable_terrain_ha": 49.4, "skiable_terrain_acres": 122.0, "total_lifts": 9, "longest_lift_mi": 0.63, "downhill_trails": 25, "longest_trail_mi": 0.05, "avg_trail_mi": 0.05, "trails_novice": 2, "trails_easy": 5, "trails_intermediate": 10, "trails_advanced": 7, "trails_expert": 0, "trails_freeride": 0, "trails_extreme": 0, "gladed_terrain": "No", "snow_park": "No", "sledding_tubing": "No", "lift_types": "chair lift: 8, magic carpet: 1", "resort_type": "downhill ski resort", "region": "asia/japan/kanto" }, "geometry": { "type": "Point", "coordinates": [ 139.068773, 36.852431 ] } },
{ "type": "Feature", "properties": { "winter_sports_id": 569178790, "winter_sports_type": "way", "name": "奥利根スノーパーク", "country": "Japan", "state": "Gunma", "total_area_ha": 63.37, "total_area_acres": 157.0, "skiable_terrain_ha": 20.68, "skiable_terrain_acres": 51.0, "total_lifts": 5, "longest_lift_mi": 0.47, "downhill_trails": 11, "longest_trail_mi": 0.0, "avg_trail_mi": 0.0, "trails_novice": 0, "trails_easy": 3, "trails_intermediate": 5, "trails_advanced": 3, "trails_expert": 0, "trails_freeride": 0, "trails_extreme": 0, "gladed_terrain": "No", "snow_park": "No", "sledding_tubing": "No", "lift_types": "chair lift: 5", "resort_type": "downhill ski resort", "region": "asia/japan/kanto" }, "geometry": { "type": "Point", "coordinates": [ 139.01035, 36.797616 ] } },
{ "type": "Feature", "properties": { "winter_sports_id": 908946630, "winter_sports_type": "way", "name": "宝台樹スキー場", "country": "Japan", "state": "Gunma", "total_area_ha": 219.86, "total_area_acres": 543.0, "skiable_terrain_ha": 41.94, "skiable_terrain_acres": 104.0, "total_lifts": 7, "longest_lift_mi": 0.89, "downhill_trails": 18, "longest_trail_mi": 0.0, "avg_trail_mi": 0.0, "trails_novice": 0, "trails_easy": 6, "trails_intermediate": 7, "trails_advanced": 5, "trails_expert": 0, "trails_freeride": 0, "trails_extreme": 0, "gladed_terrain": "No", "snow_park": "No", "sledding_tubing": "No", "lift_types": "chair lift: 6, magic carpet: 1", "resort_type": "downhill ski resort", "region": "asia/japan/kanto" }, "geometry": { "type": "Point", "coordinates": [ 139.083026, 36.831416 ] } },
{ "type": "Feature", "properties": { "winter_sports_id": 908947831, "winter_sports_type": "way", "name": "オグナほたかスキー場", "country": "Japan", "state": "Gunma", "total_area_ha": 118.99, "total_area_acres": 294.0, "skiable_terrain_ha": 55.42, "skiable_terrain_acres": 137.0, "total_lifts": 6, "longest_lift_mi": 0.64, "downhill_trails": 15, "longest_trail_mi": 0.0, "avg_trail_mi": 0.0, "trails_novice": 0, "trails_easy": 6, "trails_intermediate": 5, "trails_advanced": 4, "trails_expert": 0, "trails_freeride": 0, "trails_extreme": 0, "gladed_terrain": "No", "snow_park": "No", "sledding_tubing": "No", "lift_types": "chair lift: 6", "resort_type": "downhill ski resort", "region": "asia/japan/kanto" }, "geometry": { "type": "Point", "coordinates": [ 139.165595, 36.781775 ] } },
{ "type": "Feature", "properties": { "winter_sports_id": 911279403, "winter_sports_type": "way", "name": "ホワイトワールド尾瀬岩鞍", "country": "Japan", "state": "Gunma", "total_area_ha": 373.24, "total_area_acres": 922.0, "skiable_terrain_ha": 151.18, "skiable_terrain_acres": 374.0, "total_lifts": 14, "longest_lift_mi": 1.14, "downhill_trails": 24, "longest_trail_mi": 0.0, "avg_trail_mi": 0.0, "trails_novice": 0, "trails_easy": 4, "trails_intermediate": 14, "trails_advanced": 6, "trails_expert": 0, "trails_freeride": 0, "trails_extreme": 0, "gladed_terrain": "No", "snow_park": "No", "sledding_tubing": "No", "lift_types": "chair lift: 13, gondola: 1", "resort_type": "downhill ski resort", "region": "asia/japan/kanto" }, "geometry": { "type": "Point", "coordinates": [ 139.209545, 36.822288 ] } },
{ "type": "Feature", "properties": { "winter_sports_id": 911279404, "winter_sports_type": "way", "name": "たんばらスキーバーク", "country": "Japan", "state": "Gunma", "total_area_ha": 134.84, "total_area_acres": 333.0, "skiable_terrain_ha": 78.97, "skiable_terrain_acres": 195.0, "total_lifts": 6, "longest_lift_mi": 0.81, "downhill_trails": 8, "longest_trail_mi": 0.0, "avg_trail_mi": 0.0, "trails_novice": 0, "trails_easy": 3, "trails_intermediate": 4, "trails_advanced": 1, "trails_expert": 0, "trails_freeride": 0, "trails_extreme": 0, "gladed_terrain": "No", "snow_park": "No", "sledding_tubing": "No", "lift_types": "chair lift: 6", "resort_type": "downhill ski resort", "region": "asia/japan/kanto" }, "geometry": { "type": "Point", "coordinates": [ 139.07947, 36.782678 ] } },
{ "type": "Feature", "properties": { "winter_sports_id": 911521626, "winter_sports_type": "way", "name": "スノーパーク尾瀬戸倉", "country": "Japan", "state": "Gunma", "total_area_ha": 100.12, "total_area_acres": 247.0, "skiable_terrain_ha": 23.24, "skiable_terrain_acres": 57.0, "total_lifts": 6, "longest_lift_mi": 0.63, "downhill_trails": 9, "longest_trail_mi": 0.0, "avg_trail_mi": 0.0, "trails_novice": 0, "trails_easy": 3, "trails_intermediate": 4, "trails_advanced": 2, "trails_expert": 0, "trails_freeride": 0, "trails_extreme": 0, "gladed_terrain": "No", "snow_park": "No", "sledding_tubing": "No", "lift_types": "chair lift: 6", "resort_type": "downhill ski resort", "region": "asia/japan/kanto" }, "geometry": { "type": "Point", "coordinates": [ 139.244478, 36.851844 ] } },
{ "type": "Feature", "properties": { "winter_sports_id": 911525687, "winter_sports_type": "way", "name": "丸沼高原スキー場", "country": "Japan", "state": "Gunma", "total_area_ha": 137.23, "total_area_acres": 339.0, "skiable_terrain_ha": 52.19, "skiable_terrain_acres": 129.0, "total_lifts": 8, "longest_lift_mi": 1.49, "downhill_trails": 17, "longest_trail_mi": 0.0, "avg_trail_mi": 0.0, "trails_novice": 0, "trails_easy": 7, "trails_intermediate": 6, "trails_advanced": 3, "trails_expert": 0, "trails_freeride": 0, "trails_extreme": 0, "gladed_terrain": "No", "snow_park": "No", "sledding_tubing": "No", "lift_types": "chair lift: 7, gondola: 1", "resort_type": "downhill ski resort", "region": "asia/japan/kanto" }, "geometry": { "type": "Point", "coordinates": [ 139.342207, 36.811509 ] } },
{ "type": "Feature", "properties": { "winter_sports_id": 914531708, "winter_sports_type": "way", "name": "プレジデントリゾート軽井沢　軽井沢スノーパーク", "country": "Japan", "state": "Gunma", "total_area_ha": 21.63, "total_area_acres": 53.0, "skiable_terrain_ha": 14.29, "skiable_terrain_acres": 35.0, "total_lifts": 3, "longest_lift_mi": 0.27, "downhill_trails": 6, "longest_trail_mi": 0.0, "avg_trail_mi": 0.0, "trails_novice": 0, "trails_easy": 3, "trails_intermediate": 2, "trails_advanced": 1, "trails_expert": 0, "trails_freeride": 0, "trails_extreme": 0, "gladed_terrain": "No", "snow_park": "No", "sledding_tubing": "No", "lift_types": "chair lift: 3", "resort_type": "downhill ski resort", "region": "asia/japan/kanto" }, "geometry": { "type": "Point", "coordinates": [ 138.626998, 36.421069 ] } },
{ "type": "Feature", "properties": { "winter_sports_id": 937404335, "winter_sports_type": "way", "name": "志賀高原 横手山スキー場", "country": "Japan", "state": "Gunma", "total_area_ha": 165.83, "total_area_acres": 410.0, "skiable_terrain_ha": 58.38, "skiable_terrain_acres": 144.0, "total_lifts": 5, "longest_lift_mi": 0.65, "downhill_trails": 15, "longest_trail_mi": 0.05, "avg_trail_mi": 0.05, "trails_novice": 0, "trails_easy": 3, "trails_intermediate": 8, "trails_advanced": 4, "trails_expert": 0, "trails_freeride": 0, "trails_extreme": 0, "gladed_terrain": "No", "snow_park": "No", "sledding_tubing": "No", "lift_types": "chair lift: 5", "resort_type": "downhill ski resort", "region": "asia/japan/kanto" }, "geometry": { "type": "Point", "coordinates": [ 138.512675, 36.675677 ] } },
{ "type": "Feature", "properties": { "winter_sports_id": 937404336, "winter_sports_type": "way", "name": "志賀高原 渋峠スキー場", "country": "Japan", "state": "Gunma", "total_area_ha": 40.85, "total_area_acres": 101.0, "skiable_terrain_ha": 49.9, "skiable_terrain_acres": 123.0, "total_lifts": 5, "longest_lift_mi": 0.65, "downhill_trails": 14, "longest_trail_mi": 0.05, "avg_trail_mi": 0.05, "trails_novice": 0, "trails_easy": 2, "trails_intermediate": 8, "trails_advanced": 4, "trails_expert": 0, "trails_freeride": 0, "trails_extreme": 0, "gladed_terrain": "No", "snow_park": "No", "sledding_tubing": "No", "lift_types": "chair lift: 5", "resort_type": "downhill ski resort", "region": "asia/japan/kanto" }, "geometry": { "type": "Point", "coordinates": [ 138.529508, 36.669597 ] } },
{ "type": "Feature", "properties": { "winter_sports_id": 1084136464, "winter_sports_type": "way", "name": "赤城山第１スキー", "country": "Japan", "state": "Gunma", "total_area_ha": 2.4, "total_area_acres": 6.0, "skiable_terrain_ha": 0.11, "skiable_terrain_acres": 0.0, "total_lifts": 1, "longest_lift_mi": 0.04, "downhill_trails": 1, "longest_trail_mi": 0.0, "avg_trail_mi": 0.0, "trails_novice": 1, "trails_easy": 0, "trails_intermediate": 0, "trails_advanced": 0, "trails_expert": 0, "trails_freeride": 0, "trails_extreme": 0, "gladed_terrain": "No", "snow_park": "No", "sledding_tubing": "No", "lift_types": "magic carpet: 1", "resort_type": "downhill ski resort", "region": "asia/japan/kanto" }, "geometry": { "type": "Point", "coordinates": [ 139.183005, 36.545153 ] } },
{ "type": "Feature", "properties": { "winter_sports_id": 1158882270, "winter_sports_type": "way", "name": "万座温泉スキー場", "country": "Japan", "state": "Gunma", "total_area_ha": 63.93, "total_area_acres": 158.0, "skiable_terrain_ha": 29.36, "skiable_terrain_acres": 73.0, "total_lifts": 5, "longest_lift_mi": 0.43, "downhill_trails": 17, "longest_trail_mi": 0.05, "avg_trail_mi": 0.03, "trails_novice": 0, "trails_easy": 10, "trails_intermediate": 4, "trails_advanced": 3, "trails_expert": 0, "trails_freeride": 0, "trails_extreme": 0, "gladed_terrain": "No", "snow_park": "No", "sledding_tubing": "No", "lift_types": "chair lift: 5", "resort_type": "downhill ski resort", "region": "asia/japan/kanto" }, "geometry": { "type": "Point", "coordinates": [ 138.501852, 36.640084 ] } },
{ "type": "Feature", "properties": { "winter_sports_id": 1178696581, "winter_sports_type": "way", "name": "高峰マウンテンパークスキー場", "country": "Japan", "state": "Gunma", "total_area_ha": 38.97, "total_area_acres": 96.0, "skiable_terrain_ha": 11.62, "skiable_terrain_acres": 29.0, "total_lifts": 4, "longest_lift_mi": 0.42, "downhill_trails": 9, "longest_trail_mi": 0.0, "avg_trail_mi": 0.0, "trails_novice": 0, "trails_easy": 5, "trails_intermediate": 3, "trails_advanced": 1, "trails_expert": 0, "trails_freeride": 0, "trails_extreme": 0, "gladed_terrain": "No", "snow_park": "No", "sledding_tubing": "No", "lift_types": "chair lift: 4", "resort_type": "downhill ski resort", "region": "asia/japan/kanto" }, "geometry": { "type": "Point", "coordinates": [ 138.463419, 36.408404 ] } },
{ "type": "Feature", "properties": { "winter_sports_id": 1188381817, "winter_sports_type": "way", "name": "パルコール嬬恋リゾート スキー & ホテル", "country": "Japan", "state": "Gunma", "total_area_ha": 197.25, "total_area_acres": 487.0, "skiable_terrain_ha": 105.16, "skiable_terrain_acres": 260.0, "total_lifts": 7, "longest_lift_mi": 1.92, "downhill_trails": 17, "longest_trail_mi": 0.0, "avg_trail_mi": 0.0, "trails_novice": 0, "trails_easy": 7, "trails_intermediate": 9, "trails_advanced": 1, "trails_expert": 0, "trails_freeride": 0, "trails_extreme": 0, "gladed_terrain": "No", "snow_park": "No", "sledding_tubing": "No", "lift_types": "chair lift: 6, gondola: 1", "resort_type": "downhill ski resort", "region": "asia/japan/kanto" }, "geometry": { "type": "Point", "coordinates": [ 138.447726, 36.556701 ] } },
{ "type": "Feature", "properties": { "winter_sports_id": 1202442731, "winter_sports_type": "way", "name": "軽井沢プリンスホテルスキー場", "country": "Japan", "state": "Gunma", "total_area_ha": 65.06, "total_area_acres": 161.0, "skiable_terrain_ha": 11.47, "skiable_terrain_acres": 28.0, "total_lifts": 3, "longest_lift_mi": 0.63, "downhill_trails": 5, "longest_trail_mi": 0.0, "avg_trail_mi": 0.0, "trails_novice": 0, "trails_easy": 3, "trails_intermediate": 2, "trails_advanced": 0, "trails_expert": 0, "trails_freeride": 0, "trails_extreme": 0, "gladed_terrain": "No", "snow_park": "No", "sledding_tubing": "No", "lift_types": "chair lift: 3", "resort_type": "downhill ski resort", "region": "asia/japan/kanto" }, "geometry": { "type": "Point", "coordinates": [ 138.643434, 36.336439 ] } },
{ "type": "Feature", "properties": { "winter_sports_id": 1202443039, "winter_sports_type": "way", "name": "草津温泉スキー場", "country": "Japan", "state": "Gunma", "total_area_ha": 96.79, "total_area_acres": 239.0, "skiable_terrain_ha": 26.98, "skiable_terrain_acres": 67.0, "total_lifts": 7, "longest_lift_mi": 0.78, "downhill_trails": 14, "longest_trail_mi": 0.21, "avg_trail_mi": 0.16, "trails_novice": 0, "trails_easy": 5, "trails_intermediate": 5, "trails_advanced": 1, "trails_expert": 0, "trails_freeride": 0, "trails_extreme": 0, "gladed_terrain": "No", "snow_park": "No", "sledding_tubing": "No", "lift_types": "chair lift: 6, gondola: 1", "resort_type": "downhill ski resort", "region": "asia/japan/kanto" }, "geometry": { "type": "Point", "coordinates": [ 138.574801, 36.631008 ] } },
{ "type": "Feature", "properties": { "winter_sports_id": 1202443815, "winter_sports_type": "way", "name": "ヤマボクワイルドスノーパーク", "country": "Japan", "state": "Nagano", "total_area_ha": 119.59, "total_area_acres": 296.0, "skiable_terrain_ha": 0.0, "skiable_terrain_acres": 0.0, "total_lifts": 0, "longest_lift_mi": 0.0, "downhill_trails": 0, "longest_trail_mi": 0.0, "avg_trail_mi": 0.0, "trails_novice": 0, "trails_easy": 0, "trails_intermediate": 0, "trails_advanced": 0, "trails_expert": 0, "trails_freeride": 0, "trails_extreme": 0, "gladed_terrain": "No", "snow_park": "No", "sledding_tubing": "No", "lift_types": null, "resort_type": "not a downhill ski resort", "region": "asia/japan/kanto" }, "geometry": { "type": "Point", "coordinates": [ 138.464258, 36.672713 ] } },
{ "type": "Feature", "properties": { "winter_sports_id": 1221235497, "winter_sports_type": "way", "name": "谷川岳天神平スキー場", "country": "Japan", "state": "Gunma", "total_area_ha": 56.54, "total_area_acres": 140.0, "skiable_terrain_ha": 26.52, "skiable_terrain_acres": 66.0, "total_lifts": 5, "longest_lift_mi": 1.42, "downhill_trails": 11, "longest_trail_mi": 0.0, "avg_trail_mi": 0.0, "trails_novice": 2, "trails_easy": 2, "trails_intermediate": 4, "trails_advanced": 3, "trails_expert": 0, "trails_freeride": 0, "trails_extreme": 0, "gladed_terrain": "No", "snow_park": "No", "sledding_tubing": "No", "lift_types": "chair lift: 4, gondola: 1", "resort_type": "downhill ski resort", "region": "asia/japan/kanto" }, "geometry": { "type": "Point", "coordinates": [ 138.95369, 36.825437 ] } },
{ "type": "Feature", "properties": { "winter_sports_id": 1221236522, "winter_sports_type": "way", "name": "ホワイトバレースキー場", "country": "Japan", "state": "Gunma", "total_area_ha": 21.2, "total_area_acres": 52.0, "skiable_terrain_ha": 15.94, "skiable_terrain_acres": 39.0, "total_lifts": 5, "longest_lift_mi": 0.54, "downhill_trails": 4, "longest_trail_mi": 0.0, "avg_trail_mi": 0.0, "trails_novice": 1, "trails_easy": 2, "trails_intermediate": 1, "trails_advanced": 0, "trails_expert": 0, "trails_freeride": 0, "trails_extreme": 0, "gladed_terrain": "No", "snow_park": "No", "sledding_tubing": "No", "lift_types": "chair lift: 5", "resort_type": "downhill ski resort", "region": "asia/japan/kanto" }, "geometry": { "type": "Point", "coordinates": [ 138.963827, 36.795636 ] } },
{ "type": "Feature", "properties": { "winter_sports_id": 1221236963, "winter_sports_type": "way", "name": "日光湯元温泉スキー場", "country": "Japan", "state": "Tochigi", "total_area_ha": 19.03, "total_area_acres": 47.0, "skiable_terrain_ha": 6.74, "skiable_terrain_acres": 17.0, "total_lifts": 3, "longest_lift_mi": 0.39, "downhill_trails": 6, "longest_trail_mi": 0.0, "avg_trail_mi": 0.0, "trails_novice": 0, "trails_easy": 4, "trails_intermediate": 2, "trails_advanced": 0, "trails_expert": 0, "trails_freeride": 0, "trails_extreme": 0, "gladed_terrain": "No", "snow_park": "No", "sledding_tubing": "No", "lift_types": "chair lift: 3", "resort_type": "downhill ski resort", "region": "asia/japan/kanto" }, "geometry": { "type": "Point", "coordinates": [ 139.412564, 36.804537 ] } },
{ "type": "Feature", "properties": { "winter_sports_id": 1448328846, "winter_sports_type": "way", "name": "赤沢スキー場", "country": "Japan", "state": "Gunma", "total_area_ha": 12.34, "total_area_acres": 30.0, "skiable_terrain_ha": 0.0, "skiable_terrain_acres": 0.0, "total_lifts": 3, "longest_lift_mi": 0.31, "downhill_trails": 0, "longest_trail_mi": 0.0, "avg_trail_mi": 0.0, "trails_novice": 0, "trails_easy": 0, "trails_intermediate": 0, "trails_advanced": 0, "trails_expert": 0, "trails_freeride": 0, "trails_extreme": 0, "gladed_terrain": "No", "snow_park": "No", "sledding_tubing": "No", "lift_types": "chair lift: 2, rope tow: 1", "resort_type": "downhill ski resort", "region": "asia/japan/kanto" }, "geometry": { "type": "Point", "coordinates": [ 138.827063, 36.731063 ] } },
{ "type": "Feature", "properties": { "winter_sports_id": 1458424098, "winter_sports_type": "way", "name": "エーデルワイススキーリゾート", "country": "Japan", "state": "Tochigi", "total_area_ha": 63.83, "total_area_acres": 158.0, "skiable_terrain_ha": 45.05, "skiable_terrain_acres": 111.0, "total_lifts": 12, "longest_lift_mi": 1.43, "downhill_trails": 18, "longest_trail_mi": 0.0, "avg_trail_mi": 0.0, "trails_novice": 0, "trails_easy": 6, "trails_intermediate": 3, "trails_advanced": 2, "trails_expert": 1, "trails_freeride": 0, "trails_extreme": 0, "gladed_terrain": "No", "snow_park": "No", "sledding_tubing": "No", "lift_types": "chair lift: 11, gondola: 1", "resort_type": "downhill ski resort", "region": "asia/japan/kanto" }, "geometry": { "type": "Point", "coordinates": [ 139.752554, 36.918876 ] } },
{ "type": "Feature", "properties": { "winter_sports_id": 1464071632, "winter_sports_type": "way", "name": "ハンターマウンテン塩原スキー場", "country": "Japan", "state": "Tochigi", "total_area_ha": 112.83, "total_area_acres": 279.0, "skiable_terrain_ha": 45.05, "skiable_terrain_acres": 111.0, "total_lifts": 12, "longest_lift_mi": 1.43, "downhill_trails": 18, "longest_trail_mi": 0.0, "avg_trail_mi": 0.0, "trails_novice": 0, "trails_easy": 6, "trails_intermediate": 3, "trails_advanced": 2, "trails_expert": 1, "trails_freeride": 0, "trails_extreme": 0, "gladed_terrain": "No", "snow_park": "No", "sledding_tubing": "No", "lift_types": "chair lift: 11, gondola: 1", "resort_type": "downhill ski resort", "region": "asia/japan/kanto" }, "geometry": { "type": "Point", "coordinates": [ 139.762995, 36.930624 ] } },
{ "type": "Feature", "properties": { "winter_sports_id": 1469703172, "winter_sports_type": "way", "name": "鹿沢スノーエリア", "country": "Japan", "state": "Gunma", "total_area_ha": 103.26, "total_area_acres": 255.0, "skiable_terrain_ha": 17.28, "skiable_terrain_acres": 43.0, "total_lifts": 8, "longest_lift_mi": 0.56, "downhill_trails": 13, "longest_trail_mi": 0.0, "avg_trail_mi": 0.0, "trails_novice": 0, "trails_easy": 5, "trails_intermediate": 1, "trails_advanced": 7, "trails_expert": 0, "trails_freeride": 0, "trails_extreme": 0, "gladed_terrain": "No", "snow_park": "No", "sledding_tubing": "No", "lift_types": "chair lift: 8", "resort_type": "downhill ski resort", "region": "asia/japan/kanto" }, "geometry": { "type": "Point", "coordinates": [ 138.427346, 36.465371 ] } },
{ "type": "Feature", "properties": { "winter_sports_id": 685267707, "winter_sports_type": "way", "name": "天山スキー場", "country": "Japan", "state": "Saga", "total_area_ha": 9.9, "total_area_acres": 24.0, "skiable_terrain_ha": 1.55, "skiable_terrain_acres": 4.0, "total_lifts": 2, "longest_lift_mi": 0.55, "downhill_trails": 2, "longest_trail_mi": 0.0, "avg_trail_mi": 0.0, "trails_novice": 0, "trails_easy": 2, "trails_intermediate": 0, "trails_advanced": 0, "trails_expert": 0, "trails_freeride": 0, "trails_extreme": 0, "gladed_terrain": "No", "snow_park": "No", "sledding_tubing": "No", "lift_types": "chair lift: 2", "resort_type": "downhill ski resort", "region": "asia/japan/kyushu" }, "geometry": { "type": "Point", "coordinates": [ 130.144755, 33.349558 ] } },
{ "type": "Feature", "properties": { "winter_sports_id": 1086115253, "winter_sports_type": "way", "name": "九重森林公園スキー場", "country": "Japan", "state": "Ōita", "total_area_ha": 21.15, "total_area_acres": 52.0, "skiable_terrain_ha": 7.16, "skiable_terrain_acres": 18.0, "total_lifts": 4, "longest_lift_mi": 0.3, "downhill_trails": 10, "longest_trail_mi": 0.0, "avg_trail_mi": 0.0, "trails_novice": 2, "trails_easy": 2, "trails_intermediate": 1, "trails_advanced": 0, "trails_expert": 0, "trails_freeride": 0, "trails_extreme": 0, "gladed_terrain": "No", "snow_park": "No", "sledding_tubing": "No", "lift_types": "chair lift: 3, magic carpet: 1", "resort_type": "downhill ski resort", "region": "asia/japan/kyushu" }, "geometry": { "type": "Point", "coordinates": [ 131.183825, 33.097789 ] } },
{ "type": "Feature", "properties": { "winter_sports_id": 1463891972, "winter_sports_type": "way", "name": "五ヶ瀬ハイランドスキー場", "country": "Japan", "state": "Miyazaki", "total_area_ha": 20.87, "total_area_acres": 52.0, "skiable_terrain_ha": 9.03, "skiable_terrain_acres": 22.0, "total_lifts": 3, "longest_lift_mi": 0.54, "downhill_trails": 2, "longest_trail_mi": 0.0, "avg_trail_mi": 0.0, "trails_novice": 0, "trails_easy": 1, "trails_intermediate": 1, "trails_advanced": 0, "trails_expert": 0, "trails_freeride": 0, "trails_extreme": 0, "gladed_terrain": "No", "snow_park": "No", "sledding_tubing": "No", "lift_types": "chair lift: 3", "resort_type": "downhill ski resort", "region": "asia/japan/kyushu" }, "geometry": { "type": "Point", "coordinates": [ 131.111919, 32.583141 ] } },
{ "type": "Feature", "properties": { "winter_sports_id": 1065975025, "winter_sports_type": "way", "name": "石鎚スキー場ピクニック園地", "country": "Japan", "state": "Ehime", "total_area_ha": 7.26, "total_area_acres": 18.0, "skiable_terrain_ha": 2.58, "skiable_terrain_acres": 6.0, "total_lifts": 5, "longest_lift_mi": 0.99, "downhill_trails": 3, "longest_trail_mi": 0.0, "avg_trail_mi": 0.0, "trails_novice": 1, "trails_easy": 1, "trails_intermediate": 1, "trails_advanced": 0, "trails_expert": 0, "trails_freeride": 0, "trails_extreme": 0, "gladed_terrain": "No", "snow_park": "No", "sledding_tubing": "No", "lift_types": "cable car: 1, chair lift: 4", "resort_type": "downhill ski resort", "region": "asia/japan/shikoku" }, "geometry": { "type": "Point", "coordinates": [ 133.129661, 33.794897 ] } },
{ "type": "Feature", "properties": { "winter_sports_id": 1086288219, "winter_sports_type": "way", "name": "SOL-FAオダスキーゲレンデ", "country": "Japan", "state": "Ehime", "total_area_ha": 22.73, "total_area_acres": 56.0, "skiable_terrain_ha": 8.88, "skiable_terrain_acres": 22.0, "total_lifts": 2, "longest_lift_mi": 0.58, "downhill_trails": 4, "longest_trail_mi": 0.0, "avg_trail_mi": 0.0, "trails_novice": 1, "trails_easy": 1, "trails_intermediate": 1, "trails_advanced": 0, "trails_expert": 0, "trails_freeride": 0, "trails_extreme": 0, "gladed_terrain": "No", "snow_park": "No", "sledding_tubing": "No", "lift_types": "chair lift: 2", "resort_type": "downhill ski resort", "region": "asia/japan/shikoku" }, "geometry": { "type": "Point", "coordinates": [ 132.829791, 33.539923 ] } },
{ "type": "Feature", "properties": { "winter_sports_id": 1201062712, "winter_sports_type": "way", "name": "久万スキーランド", "country": "Japan", "state": "Ehime", "total_area_ha": 7.49, "total_area_acres": 19.0, "skiable_terrain_ha": 4.11, "skiable_terrain_acres": 10.0, "total_lifts": 2, "longest_lift_mi": 0.2, "downhill_trails": 4, "longest_trail_mi": 0.0, "avg_trail_mi": 0.0, "trails_novice": 1, "trails_easy": 0, "trails_intermediate": 2, "trails_advanced": 1, "trails_expert": 0, "trails_freeride": 0, "trails_extreme": 0, "gladed_terrain": "No", "snow_park": "No", "sledding_tubing": "No", "lift_types": "chair lift: 2", "resort_type": "downhill ski resort", "region": "asia/japan/shikoku" }, "geometry": { "type": "Point", "coordinates": [ 132.877036, 33.720003 ] } },
{ "type": "Feature", "properties": { "winter_sports_id": 1201617494, "winter_sports_type": "way", "name": "井川スキー場", "country": "Japan", "state": "Tokushima", "total_area_ha": 6.49, "total_area_acres": 16.0, "skiable_terrain_ha": 5.42, "skiable_terrain_acres": 13.0, "total_lifts": 2, "longest_lift_mi": 0.24, "downhill_trails": 4, "longest_trail_mi": 0.0, "avg_trail_mi": 0.0, "trails_novice": 2, "trails_easy": 0, "trails_intermediate": 1, "trails_advanced": 1, "trails_expert": 0, "trails_freeride": 0, "trails_extreme": 0, "gladed_terrain": "No", "snow_park": "No", "sledding_tubing": "No", "lift_types": "chair lift: 2", "resort_type": "downhill ski resort", "region": "asia/japan/shikoku" }, "geometry": { "type": "Point", "coordinates": [ 133.885574, 33.962344 ] } },
{ "type": "Feature", "properties": { "winter_sports_id": 198949537, "winter_sports_type": "way", "name": "町営只見スキー場", "country": "Japan", "state": "Fukushima", "total_area_ha": 7.35, "total_area_acres": 18.0, "skiable_terrain_ha": 1.36, "skiable_terrain_acres": 3.0, "total_lifts": 1, "longest_lift_mi": 0.32, "downhill_trails": 2, "longest_trail_mi": 0.17, "avg_trail_mi": 0.14, "trails_novice": 0, "trails_easy": 1, "trails_intermediate": 1, "trails_advanced": 0, "trails_expert": 0, "trails_freeride": 0, "trails_extreme": 0, "gladed_terrain": "No", "snow_park": "No", "sledding_tubing": "No", "lift_types": "chair lift: 1", "resort_type": "downhill ski resort", "region": "asia/japan/tohoku" }, "geometry": { "type": "Point", "coordinates": [ 139.307427, 37.347851 ] } },
{ "type": "Feature", "properties": { "winter_sports_id": 252602840, "winter_sports_type": "way", "name": "鳥海高原矢島スキー場", "country": "Japan", "state": "Akita", "total_area_ha": 39.74, "total_area_acres": 98.0, "skiable_terrain_ha": 36.74, "skiable_terrain_acres": 91.0, "total_lifts": 2, "longest_lift_mi": 0.59, "downhill_trails": 6, "longest_trail_mi": 0.0, "avg_trail_mi": 0.0, "trails_novice": 0, "trails_easy": 1, "trails_intermediate": 4, "trails_advanced": 1, "trails_expert": 0, "trails_freeride": 0, "trails_extreme": 0, "gladed_terrain": "No", "snow_park": "No", "sledding_tubing": "No", "lift_types": "chair lift: 2", "resort_type": "downhill ski resort", "region": "asia/japan/tohoku" }, "geometry": { "type": "Point", "coordinates": [ 140.086476, 39.188696 ] } },
{ "type": "Feature", "properties": { "winter_sports_id": 319727007, "winter_sports_type": "way", "name": "グランディ羽鳥湖スキーリゾート", "country": "Japan", "state": "Fukushima", "total_area_ha": 93.38, "total_area_acres": 231.0, "skiable_terrain_ha": 133.61, "skiable_terrain_acres": 330.0, "total_lifts": 4, "longest_lift_mi": 1.0, "downhill_trails": 18, "longest_trail_mi": 0.0, "avg_trail_mi": 0.0, "trails_novice": 10, "trails_easy": 6, "trails_intermediate": 1, "trails_advanced": 0, "trails_expert": 0, "trails_freeride": 0, "trails_extreme": 0, "gladed_terrain": "No", "snow_park": "No", "sledding_tubing": "No", "lift_types": "chair lift: 4", "resort_type": "downhill ski resort", "region": "asia/japan/tohoku" }, "geometry": { "type": "Point", "coordinates": [ 140.021923, 37.213075 ] } },
{ "type": "Feature", "properties": { "winter_sports_id": 319798776, "winter_sports_type": "way", "name": "あだたら高原スキー場", "country": "Japan", "state": "Fukushima", "total_area_ha": 51.15, "total_area_acres": 126.0, "skiable_terrain_ha": 6.52, "skiable_terrain_acres": 16.0, "total_lifts": 4, "longest_lift_mi": 0.31, "downhill_trails": 16, "longest_trail_mi": 0.0, "avg_trail_mi": 0.0, "trails_novice": 5, "trails_easy": 6, "trails_intermediate": 4, "trails_advanced": 0, "trails_expert": 0, "trails_freeride": 0, "trails_extreme": 0, "gladed_terrain": "No", "snow_park": "No", "sledding_tubing": "No", "lift_types": "chair lift: 4", "resort_type": "downhill ski resort", "region": "asia/japan/tohoku" }, "geometry": { "type": "Point", "coordinates": [ 140.317478, 37.621924 ] } },
{ "type": "Feature", "properties": { "winter_sports_id": 319842653, "winter_sports_type": "way", "name": "会津高原たかつえスキー場", "country": "Japan", "state": "Fukushima", "total_area_ha": 137.33, "total_area_acres": 339.0, "skiable_terrain_ha": 45.2, "skiable_terrain_acres": 112.0, "total_lifts": 10, "longest_lift_mi": 1.01, "downhill_trails": 15, "longest_trail_mi": 0.0, "avg_trail_mi": 0.0, "trails_novice": 2, "trails_easy": 9, "trails_intermediate": 4, "trails_advanced": 0, "trails_expert": 0, "trails_freeride": 0, "trails_extreme": 0, "gladed_terrain": "No", "snow_park": "No", "sledding_tubing": "No", "lift_types": "chair lift: 8, magic carpet: 2", "resort_type": "downhill ski resort", "region": "asia/japan/tohoku" }, "geometry": { "type": "Point", "coordinates": [ 139.63217, 37.115641 ] } },
{ "type": "Feature", "properties": { "winter_sports_id": 319879036, "winter_sports_type": "way", "name": "尾瀬檜枝岐温泉スキー場", "country": "Japan", "state": "Fukushima", "total_area_ha": 7.88, "total_area_acres": 19.0, "skiable_terrain_ha": 1.59, "skiable_terrain_acres": 4.0, "total_lifts": 2, "longest_lift_mi": 0.32, "downhill_trails": 1, "longest_trail_mi": 0.0, "avg_trail_mi": 0.0, "trails_novice": 0, "trails_easy": 0, "trails_intermediate": 1, "trails_advanced": 0, "trails_expert": 0, "trails_freeride": 0, "trails_extreme": 0, "gladed_terrain": "No", "snow_park": "No", "sledding_tubing": "No", "lift_types": "chair lift: 2", "resort_type": "downhill ski resort", "region": "asia/japan/tohoku" }, "geometry": { "type": "Point", "coordinates": [ 139.398194, 37.031792 ] } },
{ "type": "Feature", "properties": { "winter_sports_id": 319961200, "winter_sports_type": "way", "name": "ファミリースノーパーク ばんだい×2", "country": "Japan", "state": "Fukushima", "total_area_ha": 20.26, "total_area_acres": 50.0, "skiable_terrain_ha": 31.34, "skiable_terrain_acres": 77.0, "total_lifts": 3, "longest_lift_mi": 0.72, "downhill_trails": 12, "longest_trail_mi": 0.0, "avg_trail_mi": 0.0, "trails_novice": 5, "trails_easy": 6, "trails_intermediate": 1, "trails_advanced": 0, "trails_expert": 0, "trails_freeride": 0, "trails_extreme": 0, "gladed_terrain": "No", "snow_park": "No", "sledding_tubing": "No", "lift_types": "chair lift: 3", "resort_type": "downhill ski resort", "region": "asia/japan/tohoku" }, "geometry": { "type": "Point", "coordinates": [ 140.113412, 37.59399 ] } },
{ "type": "Feature", "properties": { "winter_sports_id": 319961204, "winter_sports_type": "way", "name": "喜多方市三ノ倉スキー場", "country": "Japan", "state": "Fukushima", "total_area_ha": 22.76, "total_area_acres": 56.0, "skiable_terrain_ha": 15.88, "skiable_terrain_acres": 39.0, "total_lifts": 2, "longest_lift_mi": 0.36, "downhill_trails": 6, "longest_trail_mi": 0.0, "avg_trail_mi": 0.0, "trails_novice": 2, "trails_easy": 3, "trails_intermediate": 1, "trails_advanced": 0, "trails_expert": 0, "trails_freeride": 0, "trails_extreme": 0, "gladed_terrain": "No", "snow_park": "No", "sledding_tubing": "No", "lift_types": "chair lift: 2", "resort_type": "downhill ski resort", "region": "asia/japan/tohoku" }, "geometry": { "type": "Point", "coordinates": [ 139.866561, 37.74996 ] } },
{ "type": "Feature", "properties": { "winter_sports_id": 319965805, "winter_sports_type": "way", "name": "フェアリーランドかねやまスキー場", "country": "Japan", "state": "Fukushima", "total_area_ha": 65.37, "total_area_acres": 162.0, "skiable_terrain_ha": 36.9, "skiable_terrain_acres": 91.0, "total_lifts": 3, "longest_lift_mi": 0.47, "downhill_trails": 5, "longest_trail_mi": 0.0, "avg_trail_mi": 0.0, "trails_novice": 1, "trails_easy": 3, "trails_intermediate": 1, "trails_advanced": 0, "trails_expert": 0, "trails_freeride": 0, "trails_extreme": 0, "gladed_terrain": "No", "snow_park": "No", "sledding_tubing": "No", "lift_types": "chair lift: 3", "resort_type": "downhill ski resort", "region": "asia/japan/tohoku" }, "geometry": { "type": "Point", "coordinates": [ 139.542312, 37.442556 ] } },
{ "type": "Feature", "properties": { "winter_sports_id": 320001345, "winter_sports_type": "way", "name": "二本松塩沢スキー場", "country": "Japan", "state": "Fukushima", "total_area_ha": 11.6, "total_area_acres": 29.0, "skiable_terrain_ha": 4.99, "skiable_terrain_acres": 12.0, "total_lifts": 4, "longest_lift_mi": 0.31, "downhill_trails": 15, "longest_trail_mi": 0.0, "avg_trail_mi": 0.0, "trails_novice": 8, "trails_easy": 4, "trails_intermediate": 2, "trails_advanced": 0, "trails_expert": 0, "trails_freeride": 0, "trails_extreme": 0, "gladed_terrain": "No", "snow_park": "No", "sledding_tubing": "No", "lift_types": "chair lift: 4", "resort_type": "downhill ski resort", "region": "asia/japan/tohoku" }, "geometry": { "type": "Point", "coordinates": [ 140.329645, 37.638353 ] } },
{ "type": "Feature", "properties": { "winter_sports_id": 320005478, "winter_sports_type": "way", "name": "グランデコスノーリゾート", "country": "Japan", "state": "Fukushima", "total_area_ha": 151.48, "total_area_acres": 374.0, "skiable_terrain_ha": 60.4, "skiable_terrain_acres": 149.0, "total_lifts": 5, "longest_lift_mi": 1.44, "downhill_trails": 22, "longest_trail_mi": 0.02, "avg_trail_mi": 0.01, "trails_novice": 9, "trails_easy": 9, "trails_intermediate": 4, "trails_advanced": 0, "trails_expert": 0, "trails_freeride": 0, "trails_extreme": 0, "gladed_terrain": "No", "snow_park": "No", "sledding_tubing": "No", "lift_types": "chair lift: 4, gondola: 1", "resort_type": "downhill ski resort", "region": "asia/japan/tohoku" }, "geometry": { "type": "Point", "coordinates": [ 140.127835, 37.708486 ] } },
{ "type": "Feature", "properties": { "winter_sports_id": 320005479, "winter_sports_type": "way", "name": "スキーリゾート天栄", "country": "Japan", "state": "Fukushima", "total_area_ha": 16.18, "total_area_acres": 40.0, "skiable_terrain_ha": 9.91, "skiable_terrain_acres": 24.0, "total_lifts": 1, "longest_lift_mi": 0.33, "downhill_trails": 6, "longest_trail_mi": 0.0, "avg_trail_mi": 0.0, "trails_novice": 3, "trails_easy": 1, "trails_intermediate": 2, "trails_advanced": 0, "trails_expert": 0, "trails_freeride": 0, "trails_extreme": 0, "gladed_terrain": "No", "snow_park": "No", "sledding_tubing": "No", "lift_types": "chair lift: 1", "resort_type": "downhill ski resort", "region": "asia/japan/tohoku" }, "geometry": { "type": "Point", "coordinates": [ 139.976831, 37.267464 ] } },
{ "type": "Feature", "properties": { "winter_sports_id": 320005480, "winter_sports_type": "way", "name": "三島町営スキー場", "country": "Japan", "state": "Fukushima", "total_area_ha": 1.57, "total_area_acres": 4.0, "skiable_terrain_ha": 0.06, "skiable_terrain_acres": 0.0, "total_lifts": 0, "longest_lift_mi": 0.0, "downhill_trails": 1, "longest_trail_mi": 0.0, "avg_trail_mi": 0.0, "trails_novice": 1, "trails_easy": 0, "trails_intermediate": 0, "trails_advanced": 0, "trails_expert": 0, "trails_freeride": 0, "trails_extreme": 0, "gladed_terrain": "No", "snow_park": "No", "sledding_tubing": "No", "lift_types": null, "resort_type": "downhill ski resort", "region": "asia/japan/tohoku" }, "geometry": { "type": "Point", "coordinates": [ 139.636652, 37.462811 ] } },
{ "type": "Feature", "properties": { "winter_sports_id": 320005481, "winter_sports_type": "way", "name": "沼尻スキー場", "country": "Japan", "state": "Fukushima", "total_area_ha": 58.5, "total_area_acres": 145.0, "skiable_terrain_ha": 35.38, "skiable_terrain_acres": 87.0, "total_lifts": 6, "longest_lift_mi": 0.56, "downhill_trails": 19, "longest_trail_mi": 0.0, "avg_trail_mi": 0.0, "trails_novice": 10, "trails_easy": 6, "trails_intermediate": 3, "trails_advanced": 0, "trails_expert": 0, "trails_freeride": 0, "trails_extreme": 0, "gladed_terrain": "No", "snow_park": "No", "sledding_tubing": "No", "lift_types": "chair lift: 6", "resort_type": "downhill ski resort", "region": "asia/japan/tohoku" }, "geometry": { "type": "Point", "coordinates": [ 140.237634, 37.622935 ] } },
{ "type": "Feature", "properties": { "winter_sports_id": 322105645, "winter_sports_type": "way", "name": "裏磐梯スキー場", "country": "Japan", "state": "Fukushima", "total_area_ha": 24.51, "total_area_acres": 61.0, "skiable_terrain_ha": 6.19, "skiable_terrain_acres": 15.0, "total_lifts": 3, "longest_lift_mi": 0.39, "downhill_trails": 4, "longest_trail_mi": 0.0, "avg_trail_mi": 0.0, "trails_novice": 2, "trails_easy": 1, "trails_intermediate": 1, "trails_advanced": 0, "trails_expert": 0, "trails_freeride": 0, "trails_extreme": 0, "gladed_terrain": "No", "snow_park": "No", "sledding_tubing": "No", "lift_types": "chair lift: 3", "resort_type": "downhill ski resort", "region": "asia/japan/tohoku" }, "geometry": { "type": "Point", "coordinates": [ 140.068684, 37.628561 ] } },
{ "type": "Feature", "properties": { "winter_sports_id": 322310181, "winter_sports_type": "way", "name": "グランドサンピア猪苗代リゾートスキー場", "country": "Japan", "state": "Fukushima", "total_area_ha": 91.4, "total_area_acres": 226.0, "skiable_terrain_ha": 46.37, "skiable_terrain_acres": 115.0, "total_lifts": 5, "longest_lift_mi": 1.42, "downhill_trails": 16, "longest_trail_mi": 0.0, "avg_trail_mi": 0.0, "trails_novice": 5, "trails_easy": 9, "trails_intermediate": 2, "trails_advanced": 0, "trails_expert": 0, "trails_freeride": 0, "trails_extreme": 0, "gladed_terrain": "No", "snow_park": "No", "sledding_tubing": "No", "lift_types": "chair lift: 3, gondola: 2", "resort_type": "downhill ski resort", "region": "asia/japan/tohoku" }, "geometry": { "type": "Point", "coordinates": [ 140.058837, 37.585531 ] } },
{ "type": "Feature", "properties": { "winter_sports_id": 322310187, "winter_sports_type": "way", "name": "猪苗代スキー場", "country": "Japan", "state": "Fukushima", "total_area_ha": 186.47, "total_area_acres": 461.0, "skiable_terrain_ha": 232.61, "skiable_terrain_acres": 575.0, "total_lifts": 11, "longest_lift_mi": 0.72, "downhill_trails": 33, "longest_trail_mi": 0.21, "avg_trail_mi": 0.18, "trails_novice": 17, "trails_easy": 11, "trails_intermediate": 5, "trails_advanced": 0, "trails_expert": 0, "trails_freeride": 0, "trails_extreme": 0, "gladed_terrain": "No", "snow_park": "No", "sledding_tubing": "No", "lift_types": "chair lift: 11", "resort_type": "downhill ski resort", "region": "asia/japan/tohoku" }, "geometry": { "type": "Point", "coordinates": [ 140.090796, 37.58174 ] } },
{ "type": "Feature", "properties": { "winter_sports_id": 322328447, "winter_sports_type": "way", "name": "リステルスキーファンタジア", "country": "Japan", "state": "Fukushima", "total_area_ha": 26.17, "total_area_acres": 65.0, "skiable_terrain_ha": 6.78, "skiable_terrain_acres": 17.0, "total_lifts": 2, "longest_lift_mi": 0.43, "downhill_trails": 8, "longest_trail_mi": 0.0, "avg_trail_mi": 0.0, "trails_novice": 0, "trails_easy": 5, "trails_intermediate": 3, "trails_advanced": 0, "trails_expert": 0, "trails_freeride": 0, "trails_extreme": 0, "gladed_terrain": "No", "snow_park": "No", "sledding_tubing": "No", "lift_types": "chair lift: 2", "resort_type": "downhill ski resort", "region": "asia/japan/tohoku" }, "geometry": { "type": "Point", "coordinates": [ 140.153048, 37.546357 ] } },
{ "type": "Feature", "properties": { "winter_sports_id": 322328448, "winter_sports_type": "way", "name": "会津高原 高畑スキー場", "country": "Japan", "state": "Fukushima", "total_area_ha": 92.94, "total_area_acres": 230.0, "skiable_terrain_ha": 54.88, "skiable_terrain_acres": 136.0, "total_lifts": 4, "longest_lift_mi": 0.69, "downhill_trails": 10, "longest_trail_mi": 0.0, "avg_trail_mi": 0.0, "trails_novice": 3, "trails_easy": 4, "trails_intermediate": 3, "trails_advanced": 0, "trails_expert": 0, "trails_freeride": 0, "trails_extreme": 0, "gladed_terrain": "No", "snow_park": "No", "sledding_tubing": "No", "lift_types": "chair lift: 4", "resort_type": "downhill ski resort", "region": "asia/japan/tohoku" }, "geometry": { "type": "Point", "coordinates": [ 139.456119, 37.092171 ] } },
{ "type": "Feature", "properties": { "winter_sports_id": 322328449, "winter_sports_type": "way", "name": "会津高原だいくらスキー場", "country": "Japan", "state": "Fukushima", "total_area_ha": 91.18, "total_area_acres": 225.0, "skiable_terrain_ha": 51.97, "skiable_terrain_acres": 128.0, "total_lifts": 6, "longest_lift_mi": 0.65, "downhill_trails": 18, "longest_trail_mi": 0.06, "avg_trail_mi": 0.05, "trails_novice": 7, "trails_easy": 0, "trails_intermediate": 5, "trails_advanced": 3, "trails_expert": 0, "trails_freeride": 0, "trails_extreme": 0, "gladed_terrain": "No", "snow_park": "No", "sledding_tubing": "No", "lift_types": "chair lift: 5, magic carpet: 1", "resort_type": "downhill ski resort", "region": "asia/japan/tohoku" }, "geometry": { "type": "Point", "coordinates": [ 139.630614, 37.178777 ] } },
{ "type": "Feature", "properties": { "winter_sports_id": 322328450, "winter_sports_type": "way", "name": "柳津温泉スキー場", "country": "Japan", "state": "Fukushima", "total_area_ha": 9.49, "total_area_acres": 23.0, "skiable_terrain_ha": 0.53, "skiable_terrain_acres": 1.0, "total_lifts": 3, "longest_lift_mi": 0.27, "downhill_trails": 4, "longest_trail_mi": 0.0, "avg_trail_mi": 0.0, "trails_novice": 0, "trails_easy": 4, "trails_intermediate": 0, "trails_advanced": 0, "trails_expert": 0, "trails_freeride": 0, "trails_extreme": 0, "gladed_terrain": "No", "snow_park": "No", "sledding_tubing": "No", "lift_types": "chair lift: 1, t-bar: 2", "resort_type": "downhill ski resort", "region": "asia/japan/tohoku" }, "geometry": { "type": "Point", "coordinates": [ 139.713192, 37.538552 ] } },
{ "type": "Feature", "properties": { "winter_sports_id": 322328453, "winter_sports_type": "way", "name": "横向温泉スキー場", "country": "Japan", "state": "Fukushima", "total_area_ha": 20.21, "total_area_acres": 50.0, "skiable_terrain_ha": 25.7, "skiable_terrain_acres": 64.0, "total_lifts": 5, "longest_lift_mi": 0.87, "downhill_trails": 18, "longest_trail_mi": 0.0, "avg_trail_mi": 0.0, "trails_novice": 11, "trails_easy": 5, "trails_intermediate": 2, "trails_advanced": 0, "trails_expert": 0, "trails_freeride": 0, "trails_extreme": 0, "gladed_terrain": "No", "snow_park": "No", "sledding_tubing": "No", "lift_types": "chair lift: 5", "resort_type": "downhill ski resort", "region": "asia/japan/tohoku" }, "geometry": { "type": "Point", "coordinates": [ 140.257768, 37.659724 ] } },
{ "type": "Feature", "properties": { "winter_sports_id": 322328454, "winter_sports_type": "way", "name": "箕輪スキー場", "country": "Japan", "state": "Fukushima", "total_area_ha": 93.41, "total_area_acres": 231.0, "skiable_terrain_ha": 25.7, "skiable_terrain_acres": 64.0, "total_lifts": 5, "longest_lift_mi": 0.87, "downhill_trails": 18, "longest_trail_mi": 0.0, "avg_trail_mi": 0.0, "trails_novice": 11, "trails_easy": 5, "trails_intermediate": 2, "trails_advanced": 0, "trails_expert": 0, "trails_freeride": 0, "trails_extreme": 0, "gladed_terrain": "No", "snow_park": "No", "sledding_tubing": "No", "lift_types": "chair lift: 5", "resort_type": "downhill ski resort", "region": "asia/japan/tohoku" }, "geometry": { "type": "Point", "coordinates": [ 140.260327, 37.651083 ] } },
{ "type": "Feature", "properties": { "winter_sports_id": 481413697, "winter_sports_type": "way", "name": "天元台高原", "country": "Japan", "state": "Yamagata", "total_area_ha": 58.46, "total_area_acres": 144.0, "skiable_terrain_ha": 21.7, "skiable_terrain_acres": 54.0, "total_lifts": 4, "longest_lift_mi": 0.74, "downhill_trails": 10, "longest_trail_mi": 0.11, "avg_trail_mi": 0.11, "trails_novice": 0, "trails_easy": 2, "trails_intermediate": 4, "trails_advanced": 4, "trails_expert": 0, "trails_freeride": 0, "trails_extreme": 0, "gladed_terrain": "No", "snow_park": "No", "sledding_tubing": "No", "lift_types": "cable car: 1, chair lift: 3", "resort_type": "downhill ski resort", "region": "asia/japan/tohoku" }, "geometry": { "type": "Point", "coordinates": [ 140.138, 37.766539 ] } },
{ "type": "Feature", "properties": { "winter_sports_id": 481591203, "winter_sports_type": "way", "name": "みやぎ蔵王七ヶ宿スキー場", "country": "Japan", "state": "Miyagi", "total_area_ha": 49.33, "total_area_acres": 122.0, "skiable_terrain_ha": 7.61, "skiable_terrain_acres": 19.0, "total_lifts": 4, "longest_lift_mi": 0.43, "downhill_trails": 10, "longest_trail_mi": 0.0, "avg_trail_mi": 0.0, "trails_novice": 2, "trails_easy": 6, "trails_intermediate": 2, "trails_advanced": 0, "trails_expert": 0, "trails_freeride": 0, "trails_extreme": 0, "gladed_terrain": "No", "snow_park": "No", "sledding_tubing": "No", "lift_types": "chair lift: 4", "resort_type": "downhill ski resort", "region": "asia/japan/tohoku" }, "geometry": { "type": "Point", "coordinates": [ 140.373774, 37.996366 ] } },
{ "type": "Feature", "properties": { "winter_sports_id": 481606044, "winter_sports_type": "way", "name": "みやぎ蔵王白石スキー場", "country": "Japan", "state": "Miyagi", "total_area_ha": 54.67, "total_area_acres": 135.0, "skiable_terrain_ha": 23.26, "skiable_terrain_acres": 57.0, "total_lifts": 4, "longest_lift_mi": 0.4, "downhill_trails": 13, "longest_trail_mi": 0.0, "avg_trail_mi": 0.0, "trails_novice": 5, "trails_easy": 4, "trails_intermediate": 4, "trails_advanced": 0, "trails_expert": 0, "trails_freeride": 0, "trails_extreme": 0, "gladed_terrain": "No", "snow_park": "No", "sledding_tubing": "No", "lift_types": "chair lift: 4", "resort_type": "downhill ski resort", "region": "asia/japan/tohoku" }, "geometry": { "type": "Point", "coordinates": [ 140.509174, 38.068575 ] } },
{ "type": "Feature", "properties": { "winter_sports_id": 481830420, "winter_sports_type": "way", "name": "みやぎ蔵王えぼしリゾート", "country": "Japan", "state": "Miyagi", "total_area_ha": 156.38, "total_area_acres": 386.0, "skiable_terrain_ha": 97.86, "skiable_terrain_acres": 242.0, "total_lifts": 9, "longest_lift_mi": 1.2, "downhill_trails": 26, "longest_trail_mi": 0.05, "avg_trail_mi": 0.05, "trails_novice": 14, "trails_easy": 7, "trails_intermediate": 5, "trails_advanced": 0, "trails_expert": 0, "trails_freeride": 0, "trails_extreme": 0, "gladed_terrain": "No", "snow_park": "No", "sledding_tubing": "No", "lift_types": "chair lift: 9", "resort_type": "downhill ski resort", "region": "asia/japan/tohoku" }, "geometry": { "type": "Point", "coordinates": [ 140.51451, 38.124146 ] } },
{ "type": "Feature", "properties": { "winter_sports_id": 482033651, "winter_sports_type": "way", "name": "みやぎ蔵王スキー場 すみかわスノーパーク", "country": "Japan", "state": "Miyagi", "total_area_ha": 79.3, "total_area_acres": 196.0, "skiable_terrain_ha": 75.36, "skiable_terrain_acres": 186.0, "total_lifts": 6, "longest_lift_mi": 0.61, "downhill_trails": 19, "longest_trail_mi": 0.05, "avg_trail_mi": 0.05, "trails_novice": 10, "trails_easy": 4, "trails_intermediate": 5, "trails_advanced": 0, "trails_expert": 0, "trails_freeride": 0, "trails_extreme": 0, "gladed_terrain": "No", "snow_park": "No", "sledding_tubing": "No", "lift_types": "chair lift: 6", "resort_type": "downhill ski resort", "region": "asia/japan/tohoku" }, "geometry": { "type": "Point", "coordinates": [ 140.485379, 38.130036 ] } },
{ "type": "Feature", "properties": { "winter_sports_id": 482513457, "winter_sports_type": "way", "name": "ウォータージャンプ宮城", "country": "Japan", "state": "Miyagi", "total_area_ha": 0.28, "total_area_acres": 1.0, "skiable_terrain_ha": 0.0, "skiable_terrain_acres": 0.0, "total_lifts": 0, "longest_lift_mi": 0.0, "downhill_trails": 0, "longest_trail_mi": 0.0, "avg_trail_mi": 0.0, "trails_novice": 0, "trails_easy": 0, "trails_intermediate": 0, "trails_advanced": 0, "trails_expert": 0, "trails_freeride": 0, "trails_extreme": 0, "gladed_terrain": "No", "snow_park": "No", "sledding_tubing": "No", "lift_types": null, "resort_type": "not a downhill ski resort", "region": "asia/japan/tohoku" }, "geometry": { "type": "Point", "coordinates": [ 140.619015, 38.183358 ] } },
{ "type": "Feature", "properties": { "winter_sports_id": 482859023, "winter_sports_type": "way", "name": "みやぎ蔵王セントメリースキー場", "country": "Japan", "state": "Miyagi", "total_area_ha": 25.36, "total_area_acres": 63.0, "skiable_terrain_ha": 0.0, "skiable_terrain_acres": 0.0, "total_lifts": 0, "longest_lift_mi": 0.0, "downhill_trails": 0, "longest_trail_mi": 0.0, "avg_trail_mi": 0.0, "trails_novice": 0, "trails_easy": 0, "trails_intermediate": 0, "trails_advanced": 0, "trails_expert": 0, "trails_freeride": 0, "trails_extreme": 0, "gladed_terrain": "No", "snow_park": "No", "sledding_tubing": "No", "lift_types": null, "resort_type": "not a downhill ski resort", "region": "asia/japan/tohoku" }, "geometry": { "type": "Point", "coordinates": [ 140.512231, 38.216144 ] } },
{ "type": "Feature", "properties": { "winter_sports_id": 484213337, "winter_sports_type": "way", "name": "泉ヶ岳スキー場", "country": "Japan", "state": "Miyagi", "total_area_ha": 25.11, "total_area_acres": 62.0, "skiable_terrain_ha": 26.38, "skiable_terrain_acres": 65.0, "total_lifts": 2, "longest_lift_mi": 0.49, "downhill_trails": 8, "longest_trail_mi": 0.0, "avg_trail_mi": 0.0, "trails_novice": 3, "trails_easy": 0, "trails_intermediate": 4, "trails_advanced": 0, "trails_expert": 0, "trails_freeride": 0, "trails_extreme": 0, "gladed_terrain": "No", "snow_park": "No", "sledding_tubing": "No", "lift_types": "chair lift: 2", "resort_type": "downhill ski resort", "region": "asia/japan/tohoku" }, "geometry": { "type": "Point", "coordinates": [ 140.719591, 38.394061 ] } },
{ "type": "Feature", "properties": { "winter_sports_id": 484287849, "winter_sports_type": "way", "name": "スプリングバレー泉高原スキー場", "country": "Japan", "state": "Miyagi", "total_area_ha": 32.38, "total_area_acres": 80.0, "skiable_terrain_ha": 60.32, "skiable_terrain_acres": 149.0, "total_lifts": 4, "longest_lift_mi": 0.55, "downhill_trails": 14, "longest_trail_mi": 0.0, "avg_trail_mi": 0.0, "trails_novice": 3, "trails_easy": 7, "trails_intermediate": 3, "trails_advanced": 0, "trails_expert": 0, "trails_freeride": 0, "trails_extreme": 0, "gladed_terrain": "No", "snow_park": "No", "sledding_tubing": "No", "lift_types": "chair lift: 4", "resort_type": "downhill ski resort", "region": "asia/japan/tohoku" }, "geometry": { "type": "Point", "coordinates": [ 140.717556, 38.418428 ] } },
{ "type": "Feature", "properties": { "winter_sports_id": 484303342, "winter_sports_type": "way", "name": "上野々スキー場", "country": "Japan", "state": "Miyagi", "total_area_ha": 16.93, "total_area_acres": 42.0, "skiable_terrain_ha": 2.47, "skiable_terrain_acres": 6.0, "total_lifts": 3, "longest_lift_mi": 0.17, "downhill_trails": 4, "longest_trail_mi": 0.14, "avg_trail_mi": 0.13, "trails_novice": 4, "trails_easy": 0, "trails_intermediate": 0, "trails_advanced": 0, "trails_expert": 0, "trails_freeride": 0, "trails_extreme": 0, "gladed_terrain": "No", "snow_park": "No", "sledding_tubing": "No", "lift_types": "chair lift: 3", "resort_type": "downhill ski resort", "region": "asia/japan/tohoku" }, "geometry": { "type": "Point", "coordinates": [ 140.7138, 38.733703 ] } },
{ "type": "Feature", "properties": { "winter_sports_id": 484303395, "winter_sports_type": "way", "name": "やくらいファミリースキー場", "country": "Japan", "state": "Miyagi", "total_area_ha": 15.72, "total_area_acres": 39.0, "skiable_terrain_ha": 1.6, "skiable_terrain_acres": 4.0, "total_lifts": 1, "longest_lift_mi": 0.35, "downhill_trails": 1, "longest_trail_mi": 0.33, "avg_trail_mi": 0.33, "trails_novice": 1, "trails_easy": 0, "trails_intermediate": 0, "trails_advanced": 0, "trails_expert": 0, "trails_freeride": 0, "trails_extreme": 0, "gladed_terrain": "No", "snow_park": "No", "sledding_tubing": "No", "lift_types": "chair lift: 1", "resort_type": "downhill ski resort", "region": "asia/japan/tohoku" }, "geometry": { "type": "Point", "coordinates": [ 140.714685, 38.575503 ] } },
{ "type": "Feature", "properties": { "winter_sports_id": 485475104, "winter_sports_type": "way", "name": "オニコウベスキー場", "country": "Japan", "state": "Miyagi", "total_area_ha": 58.54, "total_area_acres": 145.0, "skiable_terrain_ha": 10.46, "skiable_terrain_acres": 26.0, "total_lifts": 6, "longest_lift_mi": 0.54, "downhill_trails": 9, "longest_trail_mi": 0.0, "avg_trail_mi": 0.0, "trails_novice": 1, "trails_easy": 6, "trails_intermediate": 2, "trails_advanced": 0, "trails_expert": 0, "trails_freeride": 0, "trails_extreme": 0, "gladed_terrain": "No", "snow_park": "No", "sledding_tubing": "No", "lift_types": "chair lift: 6", "resort_type": "downhill ski resort", "region": "asia/japan/tohoku" }, "geometry": { "type": "Point", "coordinates": [ 140.634881, 38.781607 ] } },
{ "type": "Feature", "properties": { "winter_sports_id": 485524044, "winter_sports_type": "way", "name": "米沢スキー場", "country": "Japan", "state": "Yamagata", "total_area_ha": 54.31, "total_area_acres": 134.0, "skiable_terrain_ha": 7.54, "skiable_terrain_acres": 19.0, "total_lifts": 5, "longest_lift_mi": 0.55, "downhill_trails": 8, "longest_trail_mi": 0.0, "avg_trail_mi": 0.0, "trails_novice": 2, "trails_easy": 5, "trails_intermediate": 1, "trails_advanced": 0, "trails_expert": 0, "trails_freeride": 0, "trails_extreme": 0, "gladed_terrain": "No", "snow_park": "No", "sledding_tubing": "No", "lift_types": "chair lift: 5", "resort_type": "downhill ski resort", "region": "asia/japan/tohoku" }, "geometry": { "type": "Point", "coordinates": [ 140.23779, 37.8659 ] } },
{ "type": "Feature", "properties": { "winter_sports_id": 485587174, "winter_sports_type": "way", "name": "小野川温泉スキー場", "country": "Japan", "state": "Yamagata", "total_area_ha": 6.39, "total_area_acres": 16.0, "skiable_terrain_ha": 1.21, "skiable_terrain_acres": 3.0, "total_lifts": 1, "longest_lift_mi": 0.27, "downhill_trails": 1, "longest_trail_mi": 0.0, "avg_trail_mi": 0.0, "trails_novice": 0, "trails_easy": 1, "trails_intermediate": 0, "trails_advanced": 0, "trails_expert": 0, "trails_freeride": 0, "trails_extreme": 0, "gladed_terrain": "No", "snow_park": "No", "sledding_tubing": "No", "lift_types": "chair lift: 1", "resort_type": "downhill ski resort", "region": "asia/japan/tohoku" }, "geometry": { "type": "Point", "coordinates": [ 140.060872, 37.87834 ] } },
{ "type": "Feature", "properties": { "winter_sports_id": 485764112, "winter_sports_type": "way", "name": "横根スキー場", "country": "Japan", "state": "Yamagata", "total_area_ha": 11.12, "total_area_acres": 27.0, "skiable_terrain_ha": 2.12, "skiable_terrain_acres": 5.0, "total_lifts": 2, "longest_lift_mi": 0.28, "downhill_trails": 2, "longest_trail_mi": 0.07, "avg_trail_mi": 0.07, "trails_novice": 1, "trails_easy": 0, "trails_intermediate": 0, "trails_advanced": 0, "trails_expert": 0, "trails_freeride": 0, "trails_extreme": 0, "gladed_terrain": "No", "snow_park": "No", "sledding_tubing": "No", "lift_types": "chair lift: 1, rope tow: 1", "resort_type": "downhill ski resort", "region": "asia/japan/tohoku" }, "geometry": { "type": "Point", "coordinates": [ 139.72764, 38.070311 ] } },
{ "type": "Feature", "properties": { "winter_sports_id": 485764124, "winter_sports_type": "way", "name": "手ノ子スキー場", "country": "Japan", "state": "Yamagata", "total_area_ha": 4.7, "total_area_acres": 12.0, "skiable_terrain_ha": 1.1, "skiable_terrain_acres": 3.0, "total_lifts": 1, "longest_lift_mi": 0.23, "downhill_trails": 1, "longest_trail_mi": 0.23, "avg_trail_mi": 0.23, "trails_novice": 1, "trails_easy": 0, "trails_intermediate": 0, "trails_advanced": 0, "trails_expert": 0, "trails_freeride": 0, "trails_extreme": 0, "gladed_terrain": "No", "snow_park": "No", "sledding_tubing": "No", "lift_types": "chair lift: 1", "resort_type": "downhill ski resort", "region": "asia/japan/tohoku" }, "geometry": { "type": "Point", "coordinates": [ 139.972758, 38.007779 ] } },
{ "type": "Feature", "properties": { "winter_sports_id": 485767153, "winter_sports_type": "way", "name": "蔵王猿倉スキー場", "country": "Japan", "state": "Yamagata", "total_area_ha": 10.02, "total_area_acres": 25.0, "skiable_terrain_ha": 2.64, "skiable_terrain_acres": 7.0, "total_lifts": 2, "longest_lift_mi": 0.29, "downhill_trails": 7, "longest_trail_mi": 0.0, "avg_trail_mi": 0.0, "trails_novice": 4, "trails_easy": 2, "trails_intermediate": 1, "trails_advanced": 0, "trails_expert": 0, "trails_freeride": 0, "trails_extreme": 0, "gladed_terrain": "No", "snow_park": "No", "sledding_tubing": "No", "lift_types": "chair lift: 2", "resort_type": "downhill ski resort", "region": "asia/japan/tohoku" }, "geometry": { "type": "Point", "coordinates": [ 140.377761, 38.127261 ] } },
{ "type": "Feature", "properties": { "winter_sports_id": 486214756, "winter_sports_type": "way", "name": "蔵王ライザワールド", "country": "Japan", "state": "Yamagata", "total_area_ha": 35.3, "total_area_acres": 87.0, "skiable_terrain_ha": 9.02, "skiable_terrain_acres": 22.0, "total_lifts": 3, "longest_lift_mi": 0.45, "downhill_trails": 6, "longest_trail_mi": 0.0, "avg_trail_mi": 0.0, "trails_novice": 2, "trails_easy": 2, "trails_intermediate": 2, "trails_advanced": 0, "trails_expert": 0, "trails_freeride": 0, "trails_extreme": 0, "gladed_terrain": "No", "snow_park": "No", "sledding_tubing": "No", "lift_types": "chair lift: 3", "resort_type": "downhill ski resort", "region": "asia/japan/tohoku" }, "geometry": { "type": "Point", "coordinates": [ 140.412068, 38.123989 ] } },
{ "type": "Feature", "properties": { "winter_sports_id": 488305112, "winter_sports_type": "way", "name": "蔵王温泉スキー場", "country": "Japan", "state": "Yamagata", "total_area_ha": 723.35, "total_area_acres": 1787.0, "skiable_terrain_ha": 139.15, "skiable_terrain_acres": 344.0, "total_lifts": 36, "longest_lift_mi": 1.13, "downhill_trails": 85, "longest_trail_mi": 0.0, "avg_trail_mi": 0.0, "trails_novice": 27, "trails_easy": 37, "trails_intermediate": 16, "trails_advanced": 5, "trails_expert": 0, "trails_freeride": 0, "trails_extreme": 0, "gladed_terrain": "No", "snow_park": "No", "sledding_tubing": "No", "lift_types": "cable car: 2, chair lift: 32, gondola: 2", "resort_type": "downhill ski resort", "region": "asia/japan/tohoku" }, "geometry": { "type": "Point", "coordinates": [ 140.40627, 38.161271 ] } },
{ "type": "Feature", "properties": { "winter_sports_id": 535275954, "winter_sports_type": "way", "name": "長井市道照寺平スキー場", "country": "Japan", "state": "Yamagata", "total_area_ha": 8.82, "total_area_acres": 22.0, "skiable_terrain_ha": 3.9, "skiable_terrain_acres": 10.0, "total_lifts": 3, "longest_lift_mi": 0.13, "downhill_trails": 6, "longest_trail_mi": 0.01, "avg_trail_mi": 0.01, "trails_novice": 0, "trails_easy": 0, "trails_intermediate": 0, "trails_advanced": 0, "trails_expert": 0, "trails_freeride": 0, "trails_extreme": 0, "gladed_terrain": "No", "snow_park": "No", "sledding_tubing": "No", "lift_types": "rope tow: 3", "resort_type": "downhill ski resort", "region": "asia/japan/tohoku" }, "geometry": { "type": "Point", "coordinates": [ 139.978022, 38.09147 ] } },
{ "type": "Feature", "properties": { "winter_sports_id": 677033105, "winter_sports_type": "way", "name": "青森スプリング・スキーリゾート", "country": "Japan", "state": "Aomori", "total_area_ha": 425.48, "total_area_acres": 1051.0, "skiable_terrain_ha": 97.31, "skiable_terrain_acres": 240.0, "total_lifts": 5, "longest_lift_mi": 1.81, "downhill_trails": 21, "longest_trail_mi": 0.0, "avg_trail_mi": 0.0, "trails_novice": 0, "trails_easy": 10, "trails_intermediate": 7, "trails_advanced": 3, "trails_expert": 0, "trails_freeride": 0, "trails_extreme": 0, "gladed_terrain": "No", "snow_park": "No", "sledding_tubing": "No", "lift_types": "chair lift: 4, gondola: 1", "resort_type": "downhill ski resort", "region": "asia/japan/tohoku" }, "geometry": { "type": "Point", "coordinates": [ 140.285797, 40.682118 ] } },
{ "type": "Feature", "properties": { "winter_sports_id": 678520467, "winter_sports_type": "way", "name": "網張温泉スキー場", "country": "Japan", "state": "Iwate", "total_area_ha": 131.59, "total_area_acres": 325.0, "skiable_terrain_ha": 31.55, "skiable_terrain_acres": 78.0, "total_lifts": 5, "longest_lift_mi": 0.64, "downhill_trails": 17, "longest_trail_mi": 0.0, "avg_trail_mi": 0.0, "trails_novice": 0, "trails_easy": 6, "trails_intermediate": 9, "trails_advanced": 2, "trails_expert": 0, "trails_freeride": 0, "trails_extreme": 0, "gladed_terrain": "No", "snow_park": "No", "sledding_tubing": "No", "lift_types": "chair lift: 5", "resort_type": "downhill ski resort", "region": "asia/japan/tohoku" }, "geometry": { "type": "Point", "coordinates": [ 140.935052, 39.827829 ] } },
{ "type": "Feature", "properties": { "winter_sports_id": 732592930, "winter_sports_type": "way", "name": "田子町創遊村229スキーランド", "country": "Japan", "state": "Aomori", "total_area_ha": 28.64, "total_area_acres": 71.0, "skiable_terrain_ha": 0.0, "skiable_terrain_acres": 0.0, "total_lifts": 2, "longest_lift_mi": 0.35, "downhill_trails": 0, "longest_trail_mi": 0.0, "avg_trail_mi": 0.0, "trails_novice": 0, "trails_easy": 0, "trails_intermediate": 0, "trails_advanced": 0, "trails_expert": 0, "trails_freeride": 0, "trails_extreme": 0, "gladed_terrain": "No", "snow_park": "No", "sledding_tubing": "No", "lift_types": "chair lift: 2", "resort_type": "downhill ski resort", "region": "asia/japan/tohoku" }, "geometry": { "type": "Point", "coordinates": [ 141.065966, 40.364102 ] } },
{ "type": "Feature", "properties": { "winter_sports_id": 775045162, "winter_sports_type": "way", "name": "大仙市営　協和スキー場", "country": "Japan", "state": "Akita", "total_area_ha": 58.57, "total_area_acres": 145.0, "skiable_terrain_ha": 19.19, "skiable_terrain_acres": 47.0, "total_lifts": 2, "longest_lift_mi": 0.53, "downhill_trails": 11, "longest_trail_mi": 0.0, "avg_trail_mi": 0.0, "trails_novice": 0, "trails_easy": 6, "trails_intermediate": 3, "trails_advanced": 2, "trails_expert": 0, "trails_freeride": 0, "trails_extreme": 0, "gladed_terrain": "No", "snow_park": "No", "sledding_tubing": "No", "lift_types": "chair lift: 2", "resort_type": "downhill ski resort", "region": "asia/japan/tohoku" }, "geometry": { "type": "Point", "coordinates": [ 140.400673, 39.677024 ] } },
{ "type": "Feature", "properties": { "winter_sports_id": 775572543, "winter_sports_type": "way", "name": "後三年スキー場", "country": "Japan", "state": "Akita", "total_area_ha": 2.58, "total_area_acres": 6.0, "skiable_terrain_ha": 0.97, "skiable_terrain_acres": 2.0, "total_lifts": 3, "longest_lift_mi": 0.08, "downhill_trails": 5, "longest_trail_mi": 0.01, "avg_trail_mi": 0.01, "trails_novice": 0, "trails_easy": 0, "trails_intermediate": 0, "trails_advanced": 0, "trails_expert": 0, "trails_freeride": 0, "trails_extreme": 0, "gladed_terrain": "No", "snow_park": "No", "sledding_tubing": "No", "lift_types": "rope tow: 3", "resort_type": "downhill ski resort", "region": "asia/japan/tohoku" }, "geometry": { "type": "Point", "coordinates": [ 140.5476, 39.360827 ] } },
{ "type": "Feature", "properties": { "winter_sports_id": 793368009, "winter_sports_type": "way", "name": "北秋田市営松森スキー場", "country": "Japan", "state": "Akita", "total_area_ha": 2.94, "total_area_acres": 7.0, "skiable_terrain_ha": 0.0, "skiable_terrain_acres": 0.0, "total_lifts": 1, "longest_lift_mi": 0.1, "downhill_trails": 0, "longest_trail_mi": 0.0, "avg_trail_mi": 0.0, "trails_novice": 0, "trails_easy": 0, "trails_intermediate": 0, "trails_advanced": 0, "trails_expert": 0, "trails_freeride": 0, "trails_extreme": 0, "gladed_terrain": "No", "snow_park": "No", "sledding_tubing": "No", "lift_types": "rope tow: 1", "resort_type": "downhill ski resort", "region": "asia/japan/tohoku" }, "geometry": { "type": "Point", "coordinates": [ 140.450039, 39.902067 ] } },
{ "type": "Feature", "properties": { "winter_sports_id": 830770537, "winter_sports_type": "way", "name": "薬師山スキー場", "country": "Japan", "state": "Akita", "total_area_ha": 15.5, "total_area_acres": 38.0, "skiable_terrain_ha": 0.0, "skiable_terrain_acres": 0.0, "total_lifts": 2, "longest_lift_mi": 0.14, "downhill_trails": 0, "longest_trail_mi": 0.0, "avg_trail_mi": 0.0, "trails_novice": 0, "trails_easy": 0, "trails_intermediate": 0, "trails_advanced": 0, "trails_expert": 0, "trails_freeride": 0, "trails_extreme": 0, "gladed_terrain": "No", "snow_park": "No", "sledding_tubing": "No", "lift_types": "rope tow: 2", "resort_type": "downhill ski resort", "region": "asia/japan/tohoku" }, "geometry": { "type": "Point", "coordinates": [ 140.276922, 40.212408 ] } },
{ "type": "Feature", "properties": { "winter_sports_id": 960915602, "winter_sports_type": "way", "name": "八幡平リゾート", "country": "Japan", "state": "Iwate", "total_area_ha": 161.6, "total_area_acres": 399.0, "skiable_terrain_ha": 28.36, "skiable_terrain_acres": 70.0, "total_lifts": 3, "longest_lift_mi": 0.55, "downhill_trails": 14, "longest_trail_mi": 0.0, "avg_trail_mi": 0.0, "trails_novice": 0, "trails_easy": 6, "trails_intermediate": 5, "trails_advanced": 3, "trails_expert": 0, "trails_freeride": 0, "trails_extreme": 0, "gladed_terrain": "No", "snow_park": "No", "sledding_tubing": "No", "lift_types": "chair lift: 3", "resort_type": "downhill ski resort", "region": "asia/japan/tohoku" }, "geometry": { "type": "Point", "coordinates": [ 140.944379, 39.897082 ] } },
{ "type": "Feature", "properties": { "winter_sports_id": 1065572762, "winter_sports_type": "way", "name": "黒伏高原スノーパーク　ジャングル・ジャングル", "country": "Japan", "state": "Yamagata", "total_area_ha": 163.03, "total_area_acres": 403.0, "skiable_terrain_ha": 105.91, "skiable_terrain_acres": 262.0, "total_lifts": 3, "longest_lift_mi": 0.74, "downhill_trails": 7, "longest_trail_mi": 0.0, "avg_trail_mi": 0.0, "trails_novice": 0, "trails_easy": 0, "trails_intermediate": 0, "trails_advanced": 0, "trails_expert": 0, "trails_freeride": 0, "trails_extreme": 0, "gladed_terrain": "No", "snow_park": "No", "sledding_tubing": "No", "lift_types": "chair lift: 3", "resort_type": "downhill ski resort", "region": "asia/japan/tohoku" }, "geometry": { "type": "Point", "coordinates": [ 140.544882, 38.436081 ] } },
{ "type": "Feature", "properties": { "winter_sports_id": 1087368359, "winter_sports_type": "way", "name": "安比高原スキー場", "country": "Japan", "state": "Iwate", "total_area_ha": 675.12, "total_area_acres": 1668.0, "skiable_terrain_ha": 438.35, "skiable_terrain_acres": 1083.0, "total_lifts": 8, "longest_lift_mi": 1.66, "downhill_trails": 64, "longest_trail_mi": 0.06, "avg_trail_mi": 0.04, "trails_novice": 0, "trails_easy": 27, "trails_intermediate": 12, "trails_advanced": 16, "trails_expert": 0, "trails_freeride": 0, "trails_extreme": 0, "gladed_terrain": "No", "snow_park": "No", "sledding_tubing": "No", "lift_types": "chair lift: 7, gondola: 1", "resort_type": "downhill ski resort", "region": "asia/japan/tohoku" }, "geometry": { "type": "Point", "coordinates": [ 140.967336, 39.987201 ] } },
{ "type": "Feature", "properties": { "winter_sports_id": 1091392550, "winter_sports_type": "way", "name": "月山スキー場", "country": "Japan", "state": "Yamagata", "total_area_ha": 39.99, "total_area_acres": 99.0, "skiable_terrain_ha": 0.0, "skiable_terrain_acres": 0.0, "total_lifts": 1, "longest_lift_mi": 0.58, "downhill_trails": 0, "longest_trail_mi": 0.0, "avg_trail_mi": 0.0, "trails_novice": 0, "trails_easy": 0, "trails_intermediate": 0, "trails_advanced": 0, "trails_expert": 0, "trails_freeride": 0, "trails_extreme": 0, "gladed_terrain": "No", "snow_park": "No", "sledding_tubing": "No", "lift_types": "chair lift: 1", "resort_type": "downhill ski resort", "region": "asia/japan/tohoku" }, "geometry": { "type": "Point", "coordinates": [ 140.008478, 38.528052 ] } },
{ "type": "Feature", "properties": { "winter_sports_id": 1128405648, "winter_sports_type": "way", "name": "阿仁湯口内スキー場", "country": "Japan", "state": "Akita", "total_area_ha": 3.75, "total_area_acres": 9.0, "skiable_terrain_ha": 0.43, "skiable_terrain_acres": 1.0, "total_lifts": 3, "longest_lift_mi": 0.12, "downhill_trails": 1, "longest_trail_mi": 0.0, "avg_trail_mi": 0.0, "trails_novice": 0, "trails_easy": 1, "trails_intermediate": 0, "trails_advanced": 0, "trails_expert": 0, "trails_freeride": 0, "trails_extreme": 0, "gladed_terrain": "No", "snow_park": "No", "sledding_tubing": "No", "lift_types": "rope tow: 3", "resort_type": "downhill ski resort", "region": "asia/japan/tohoku" }, "geometry": { "type": "Point", "coordinates": [ 140.393442, 40.012771 ] } },
{ "type": "Feature", "properties": { "winter_sports_id": 1128421476, "winter_sports_type": "way", "name": "八幡平市田山スキー場", "country": "Japan", "state": "Iwate", "total_area_ha": 26.28, "total_area_acres": 65.0, "skiable_terrain_ha": 2.24, "skiable_terrain_acres": 6.0, "total_lifts": 2, "longest_lift_mi": 0.41, "downhill_trails": 3, "longest_trail_mi": 0.19, "avg_trail_mi": 0.19, "trails_novice": 0, "trails_easy": 1, "trails_intermediate": 1, "trails_advanced": 1, "trails_expert": 0, "trails_freeride": 0, "trails_extreme": 0, "gladed_terrain": "No", "snow_park": "No", "sledding_tubing": "No", "lift_types": "chair lift: 2", "resort_type": "downhill ski resort", "region": "asia/japan/tohoku" }, "geometry": { "type": "Point", "coordinates": [ 140.949703, 40.131034 ] } },
{ "type": "Feature", "properties": { "winter_sports_id": 1144295326, "winter_sports_type": "way", "name": "南郷スキー場", "country": "Japan", "state": "Fukushima", "total_area_ha": 49.92, "total_area_acres": 123.0, "skiable_terrain_ha": 0.0, "skiable_terrain_acres": 0.0, "total_lifts": 3, "longest_lift_mi": 0.67, "downhill_trails": 0, "longest_trail_mi": 0.0, "avg_trail_mi": 0.0, "trails_novice": 0, "trails_easy": 0, "trails_intermediate": 0, "trails_advanced": 0, "trails_expert": 0, "trails_freeride": 0, "trails_extreme": 0, "gladed_terrain": "No", "snow_park": "No", "sledding_tubing": "No", "lift_types": "chair lift: 3", "resort_type": "downhill ski resort", "region": "asia/japan/tohoku" }, "geometry": { "type": "Point", "coordinates": [ 139.558015, 37.260501 ] } },
{ "type": "Feature", "properties": { "winter_sports_id": 1172647571, "winter_sports_type": "way", "name": "藤里町営スキー場", "country": "Japan", "state": "Akita", "total_area_ha": 7.29, "total_area_acres": 18.0, "skiable_terrain_ha": 3.35, "skiable_terrain_acres": 8.0, "total_lifts": 1, "longest_lift_mi": 0.25, "downhill_trails": 2, "longest_trail_mi": 0.0, "avg_trail_mi": 0.0, "trails_novice": 0, "trails_easy": 0, "trails_intermediate": 0, "trails_advanced": 0, "trails_expert": 0, "trails_freeride": 0, "trails_extreme": 0, "gladed_terrain": "No", "snow_park": "No", "sledding_tubing": "No", "lift_types": "chair lift: 1", "resort_type": "downhill ski resort", "region": "asia/japan/tohoku" }, "geometry": { "type": "Point", "coordinates": [ 140.291777, 40.322937 ] } },
{ "type": "Feature", "properties": { "winter_sports_id": 1186723510, "winter_sports_type": "way", "name": "大曲ファミリースキー場", "country": "Japan", "state": "Akita", "total_area_ha": 5.12, "total_area_acres": 13.0, "skiable_terrain_ha": 3.09, "skiable_terrain_acres": 8.0, "total_lifts": 1, "longest_lift_mi": 0.31, "downhill_trails": 1, "longest_trail_mi": 0.0, "avg_trail_mi": 0.0, "trails_novice": 0, "trails_easy": 0, "trails_intermediate": 0, "trails_advanced": 0, "trails_expert": 0, "trails_freeride": 0, "trails_extreme": 0, "gladed_terrain": "No", "snow_park": "No", "sledding_tubing": "No", "lift_types": "chair lift: 1", "resort_type": "downhill ski resort", "region": "asia/japan/tohoku" }, "geometry": { "type": "Point", "coordinates": [ 140.430297, 39.441698 ] } },
{ "type": "Feature", "properties": { "winter_sports_id": 1201571470, "winter_sports_type": "way", "name": "Geto Kogen", "country": "Japan", "state": "Iwate", "total_area_ha": 185.76, "total_area_acres": 459.0, "skiable_terrain_ha": 174.86, "skiable_terrain_acres": 432.0, "total_lifts": 5, "longest_lift_mi": 1.05, "downhill_trails": 15, "longest_trail_mi": 0.0, "avg_trail_mi": 0.0, "trails_novice": 0, "trails_easy": 3, "trails_intermediate": 5, "trails_advanced": 6, "trails_expert": 0, "trails_freeride": 0, "trails_extreme": 0, "gladed_terrain": "No", "snow_park": "No", "sledding_tubing": "No", "lift_types": "chair lift: 3, gondola: 2", "resort_type": "downhill ski resort", "region": "asia/japan/tohoku" }, "geometry": { "type": "Point", "coordinates": [ 140.896654, 39.238373 ] } },
{ "type": "Feature", "properties": { "winter_sports_id": 1201572090, "winter_sports_type": "way", "name": "雫石スキー場", "country": "Japan", "state": "Iwate", "total_area_ha": 267.17, "total_area_acres": 660.0, "skiable_terrain_ha": 83.72, "skiable_terrain_acres": 207.0, "total_lifts": 10, "longest_lift_mi": 2.1, "downhill_trails": 23, "longest_trail_mi": 0.0, "avg_trail_mi": 0.0, "trails_novice": 0, "trails_easy": 6, "trails_intermediate": 12, "trails_advanced": 5, "trails_expert": 0, "trails_freeride": 0, "trails_extreme": 0, "gladed_terrain": "No", "snow_park": "No", "sledding_tubing": "No", "lift_types": "chair lift: 8, gondola: 2", "resort_type": "downhill ski resort", "region": "asia/japan/tohoku" }, "geometry": { "type": "Point", "coordinates": [ 140.917767, 39.78439 ] } },
{ "type": "Feature", "properties": { "winter_sports_id": 1201572452, "winter_sports_type": "way", "name": "岩手高原スノーパーク", "country": "Japan", "state": "Iwate", "total_area_ha": 141.48, "total_area_acres": 350.0, "skiable_terrain_ha": 60.33, "skiable_terrain_acres": 149.0, "total_lifts": 6, "longest_lift_mi": 1.14, "downhill_trails": 12, "longest_trail_mi": 0.0, "avg_trail_mi": 0.0, "trails_novice": 1, "trails_easy": 7, "trails_intermediate": 2, "trails_advanced": 2, "trails_expert": 0, "trails_freeride": 0, "trails_extreme": 0, "gladed_terrain": "No", "snow_park": "No", "sledding_tubing": "No", "lift_types": "chair lift: 5, gondola: 1", "resort_type": "downhill ski resort", "region": "asia/japan/tohoku" }, "geometry": { "type": "Point", "coordinates": [ 140.965149, 39.822705 ] } },
{ "type": "Feature", "properties": { "winter_sports_id": 1201572807, "winter_sports_type": "way", "name": "八幡平リゾート パノラマスキー場", "country": "Japan", "state": "Iwate", "total_area_ha": 98.04, "total_area_acres": 242.0, "skiable_terrain_ha": 45.21, "skiable_terrain_acres": 112.0, "total_lifts": 4, "longest_lift_mi": 1.18, "downhill_trails": 12, "longest_trail_mi": 0.0, "avg_trail_mi": 0.0, "trails_novice": 0, "trails_easy": 8, "trails_intermediate": 4, "trails_advanced": 0, "trails_expert": 0, "trails_freeride": 0, "trails_extreme": 0, "gladed_terrain": "No", "snow_park": "No", "sledding_tubing": "No", "lift_types": "chair lift: 4", "resort_type": "downhill ski resort", "region": "asia/japan/tohoku" }, "geometry": { "type": "Point", "coordinates": [ 140.977743, 39.883874 ] } },
{ "type": "Feature", "properties": { "winter_sports_id": 1201573017, "winter_sports_type": "way", "name": "たざわ湖スキー場", "country": "Japan", "state": "Akita", "total_area_ha": 141.9, "total_area_acres": 351.0, "skiable_terrain_ha": 65.56, "skiable_terrain_acres": 162.0, "total_lifts": 6, "longest_lift_mi": 0.93, "downhill_trails": 18, "longest_trail_mi": 0.0, "avg_trail_mi": 0.0, "trails_novice": 0, "trails_easy": 8, "trails_intermediate": 4, "trails_advanced": 6, "trails_expert": 0, "trails_freeride": 0, "trails_extreme": 0, "gladed_terrain": "No", "snow_park": "No", "sledding_tubing": "No", "lift_types": "chair lift: 6", "resort_type": "downhill ski resort", "region": "asia/japan/tohoku" }, "geometry": { "type": "Point", "coordinates": [ 140.771164, 39.762377 ] } },
{ "type": "Feature", "properties": { "winter_sports_id": 1201573421, "winter_sports_type": "way", "name": "花輪スキー場", "country": "Japan", "state": "Akita", "total_area_ha": 43.07, "total_area_acres": 106.0, "skiable_terrain_ha": 29.69, "skiable_terrain_acres": 73.0, "total_lifts": 3, "longest_lift_mi": 0.62, "downhill_trails": 4, "longest_trail_mi": 0.0, "avg_trail_mi": 0.0, "trails_novice": 0, "trails_easy": 2, "trails_intermediate": 1, "trails_advanced": 1, "trails_expert": 0, "trails_freeride": 0, "trails_extreme": 0, "gladed_terrain": "No", "snow_park": "No", "sledding_tubing": "No", "lift_types": "chair lift: 3", "resort_type": "downhill ski resort", "region": "asia/japan/tohoku" }, "geometry": { "type": "Point", "coordinates": [ 140.827316, 40.182876 ] } },
{ "type": "Feature", "properties": { "winter_sports_id": 1201573953, "winter_sports_type": "way", "name": "森吉山阿仁スキー場", "country": "Japan", "state": "Akita", "total_area_ha": 158.92, "total_area_acres": 393.0, "skiable_terrain_ha": 100.14, "skiable_terrain_acres": 247.0, "total_lifts": 4, "longest_lift_mi": 2.05, "downhill_trails": 26, "longest_trail_mi": 0.0, "avg_trail_mi": 0.0, "trails_novice": 0, "trails_easy": 19, "trails_intermediate": 7, "trails_advanced": 0, "trails_expert": 0, "trails_freeride": 0, "trails_extreme": 0, "gladed_terrain": "No", "snow_park": "No", "sledding_tubing": "No", "lift_types": "chair lift: 2, gondola: 1, rope tow: 1", "resort_type": "downhill ski resort", "region": "asia/japan/tohoku" }, "geometry": { "type": "Point", "coordinates": [ 140.506377, 39.965425 ] } },
{ "type": "Feature", "properties": { "winter_sports_id": 1201574504, "winter_sports_type": "way", "name": "大鰐温泉スキー場 国際エリア", "country": "Japan", "state": "Aomori", "total_area_ha": 78.03, "total_area_acres": 193.0, "skiable_terrain_ha": 61.47, "skiable_terrain_acres": 152.0, "total_lifts": 3, "longest_lift_mi": 0.5, "downhill_trails": 15, "longest_trail_mi": 0.03, "avg_trail_mi": 0.03, "trails_novice": 0, "trails_easy": 9, "trails_intermediate": 2, "trails_advanced": 4, "trails_expert": 0, "trails_freeride": 0, "trails_extreme": 0, "gladed_terrain": "No", "snow_park": "No", "sledding_tubing": "No", "lift_types": "chair lift: 3", "resort_type": "downhill ski resort", "region": "asia/japan/tohoku" }, "geometry": { "type": "Point", "coordinates": [ 140.571353, 40.501729 ] } },
{ "type": "Feature", "properties": { "winter_sports_id": 1201575030, "winter_sports_type": "way", "name": "モヤヒルズ", "country": "Japan", "state": "Aomori", "total_area_ha": 50.26, "total_area_acres": 124.0, "skiable_terrain_ha": 30.51, "skiable_terrain_acres": 75.0, "total_lifts": 5, "longest_lift_mi": 0.42, "downhill_trails": 9, "longest_trail_mi": 0.0, "avg_trail_mi": 0.0, "trails_novice": 0, "trails_easy": 3, "trails_intermediate": 4, "trails_advanced": 2, "trails_expert": 0, "trails_freeride": 0, "trails_extreme": 0, "gladed_terrain": "No", "snow_park": "No", "sledding_tubing": "No", "lift_types": "chair lift: 4, rope tow: 1", "resort_type": "downhill ski resort", "region": "asia/japan/tohoku" }, "geometry": { "type": "Point", "coordinates": [ 140.79588, 40.732912 ] } },
{ "type": "Feature", "properties": { "winter_sports_id": 1221240468, "winter_sports_type": "way", "name": "栗子国際スキー場", "country": "Japan", "state": "Yamagata", "total_area_ha": 83.0, "total_area_acres": 205.0, "skiable_terrain_ha": 17.91, "skiable_terrain_acres": 44.0, "total_lifts": 4, "longest_lift_mi": 0.45, "downhill_trails": 6, "longest_trail_mi": 0.0, "avg_trail_mi": 0.0, "trails_novice": 1, "trails_easy": 2, "trails_intermediate": 3, "trails_advanced": 0, "trails_expert": 0, "trails_freeride": 0, "trails_extreme": 0, "gladed_terrain": "No", "snow_park": "No", "sledding_tubing": "No", "lift_types": "chair lift: 4", "resort_type": "downhill ski resort", "region": "asia/japan/tohoku" }, "geometry": { "type": "Point", "coordinates": [ 140.258332, 37.826616 ] } },
{ "type": "Feature", "properties": { "winter_sports_id": 1221242138, "winter_sports_type": "way", "name": "奥中山高原スキー場", "country": "Japan", "state": "Iwate", "total_area_ha": 86.51, "total_area_acres": 214.0, "skiable_terrain_ha": 34.35, "skiable_terrain_acres": 85.0, "total_lifts": 5, "longest_lift_mi": 0.58, "downhill_trails": 10, "longest_trail_mi": 0.0, "avg_trail_mi": 0.0, "trails_novice": 0, "trails_easy": 3, "trails_intermediate": 2, "trails_advanced": 5, "trails_expert": 0, "trails_freeride": 0, "trails_extreme": 0, "gladed_terrain": "No", "snow_park": "No", "sledding_tubing": "No", "lift_types": "chair lift: 5", "resort_type": "downhill ski resort", "region": "asia/japan/tohoku" }, "geometry": { "type": "Point", "coordinates": [ 141.182127, 40.086106 ] } },
{ "type": "Feature", "properties": { "winter_sports_id": 1221243049, "winter_sports_type": "way", "name": "岩木山百沢スキー場", "country": "Japan", "state": "Aomori", "total_area_ha": 26.62, "total_area_acres": 66.0, "skiable_terrain_ha": 7.51, "skiable_terrain_acres": 19.0, "total_lifts": 3, "longest_lift_mi": 0.66, "downhill_trails": 4, "longest_trail_mi": 0.0, "avg_trail_mi": 0.0, "trails_novice": 0, "trails_easy": 2, "trails_intermediate": 1, "trails_advanced": 1, "trails_expert": 0, "trails_freeride": 0, "trails_extreme": 0, "gladed_terrain": "No", "snow_park": "No", "sledding_tubing": "No", "lift_types": "chair lift: 3", "resort_type": "downhill ski resort", "region": "asia/japan/tohoku" }, "geometry": { "type": "Point", "coordinates": [ 140.326693, 40.634846 ] } },
{ "type": "Feature", "properties": { "winter_sports_id": 1222701191, "winter_sports_type": "way", "name": "天下森スキー場", "country": "Japan", "state": "Akita", "total_area_ha": 18.91, "total_area_acres": 47.0, "skiable_terrain_ha": 9.96, "skiable_terrain_acres": 25.0, "total_lifts": 2, "longest_lift_mi": 0.49, "downhill_trails": 4, "longest_trail_mi": 0.0, "avg_trail_mi": 0.0, "trails_novice": 0, "trails_easy": 1, "trails_intermediate": 2, "trails_advanced": 1, "trails_expert": 0, "trails_freeride": 0, "trails_extreme": 0, "gladed_terrain": "No", "snow_park": "No", "sledding_tubing": "No", "lift_types": "chair lift: 1, rope tow: 1", "resort_type": "downhill ski resort", "region": "asia/japan/tohoku" }, "geometry": { "type": "Point", "coordinates": [ 140.618528, 39.15904 ] } },
{ "type": "Feature", "properties": { "winter_sports_id": 1307625049, "winter_sports_type": "way", "name": "猪苗代シャンツェ", "country": "Japan", "state": "Fukushima", "total_area_ha": 4.32, "total_area_acres": 11.0, "skiable_terrain_ha": 0.0, "skiable_terrain_acres": 0.0, "total_lifts": 0, "longest_lift_mi": 0.0, "downhill_trails": 0, "longest_trail_mi": 0.0, "avg_trail_mi": 0.0, "trails_novice": 0, "trails_easy": 0, "trails_intermediate": 0, "trails_advanced": 0, "trails_expert": 0, "trails_freeride": 0, "trails_extreme": 0, "gladed_terrain": "No", "snow_park": "No", "sledding_tubing": "No", "lift_types": null, "resort_type": "not a downhill ski resort", "region": "asia/japan/tohoku" }, "geometry": { "type": "Point", "coordinates": [ 140.204595, 37.61116 ] } },
{ "type": "Feature", "properties": { "winter_sports_id": 1410304593, "winter_sports_type": "way", "name": "まかど温泉スキー場", "country": "Japan", "state": "Aomori", "total_area_ha": 17.83, "total_area_acres": 44.0, "skiable_terrain_ha": 0.0, "skiable_terrain_acres": 0.0, "total_lifts": 2, "longest_lift_mi": 0.49, "downhill_trails": 0, "longest_trail_mi": 0.0, "avg_trail_mi": 0.0, "trails_novice": 0, "trails_easy": 0, "trails_intermediate": 0, "trails_advanced": 0, "trails_expert": 0, "trails_freeride": 0, "trails_extreme": 0, "gladed_terrain": "No", "snow_park": "No", "sledding_tubing": "No", "lift_types": "chair lift: 2", "resort_type": "downhill ski resort", "region": "asia/japan/tohoku" }, "geometry": { "type": "Point", "coordinates": [ 141.0631, 40.871277 ] } },
{ "type": "Feature", "properties": { "winter_sports_id": 1410305232, "winter_sports_type": "way", "name": "夜越山スキー場", "country": "Japan", "state": "Aomori", "total_area_ha": 2.43, "total_area_acres": 6.0, "skiable_terrain_ha": 1.0, "skiable_terrain_acres": 2.0, "total_lifts": 1, "longest_lift_mi": 0.12, "downhill_trails": 1, "longest_trail_mi": 0.0, "avg_trail_mi": 0.0, "trails_novice": 0, "trails_easy": 0, "trails_intermediate": 0, "trails_advanced": 0, "trails_expert": 0, "trails_freeride": 0, "trails_extreme": 0, "gladed_terrain": "No", "snow_park": "No", "sledding_tubing": "No", "lift_types": "rope tow: 1", "resort_type": "downhill ski resort", "region": "asia/japan/tohoku" }, "geometry": { "type": "Point", "coordinates": [ 140.639334, 41.031045 ] } },
{ "type": "Feature", "properties": { "winter_sports_id": 1448329404, "winter_sports_type": "way", "name": "赤羽根スキー場", "country": "Japan", "state": "Iwate", "total_area_ha": 7.83, "total_area_acres": 19.0, "skiable_terrain_ha": 3.88, "skiable_terrain_acres": 10.0, "total_lifts": 3, "longest_lift_mi": 0.15, "downhill_trails": 7, "longest_trail_mi": 0.02, "avg_trail_mi": 0.02, "trails_novice": 1, "trails_easy": 3, "trails_intermediate": 2, "trails_advanced": 1, "trails_expert": 0, "trails_freeride": 0, "trails_extreme": 0, "gladed_terrain": "No", "snow_park": "No", "sledding_tubing": "No", "lift_types": "rope tow: 3", "resort_type": "downhill ski resort", "region": "asia/japan/tohoku" }, "geometry": { "type": "Point", "coordinates": [ 141.594068, 39.246869 ] } },
{ "type": "Feature", "properties": { "winter_sports_id": 1448423866, "winter_sports_type": "way", "name": "稲川スキー場スベロッタ", "country": "Japan", "state": "Akita", "total_area_ha": 10.7, "total_area_acres": 26.0, "skiable_terrain_ha": 2.55, "skiable_terrain_acres": 6.0, "total_lifts": 1, "longest_lift_mi": 0.33, "downhill_trails": 1, "longest_trail_mi": 0.0, "avg_trail_mi": 0.0, "trails_novice": 0, "trails_easy": 0, "trails_intermediate": 0, "trails_advanced": 0, "trails_expert": 0, "trails_freeride": 0, "trails_extreme": 0, "gladed_terrain": "No", "snow_park": "No", "sledding_tubing": "No", "lift_types": "chair lift: 1", "resort_type": "downhill ski resort", "region": "asia/japan/tohoku" }, "geometry": { "type": "Point", "coordinates": [ 140.54043, 39.164872 ] } },
{ "type": "Feature", "properties": { "winter_sports_id": 1458243494, "winter_sports_type": "way", "name": "秋田八幡平スキー場", "country": "Japan", "state": "Akita", "total_area_ha": 21.59, "total_area_acres": 53.0, "skiable_terrain_ha": 14.62, "skiable_terrain_acres": 36.0, "total_lifts": 1, "longest_lift_mi": 0.62, "downhill_trails": 2, "longest_trail_mi": 0.0, "avg_trail_mi": 0.0, "trails_novice": 0, "trails_easy": 0, "trails_intermediate": 0, "trails_advanced": 0, "trails_expert": 0, "trails_freeride": 0, "trails_extreme": 0, "gladed_terrain": "No", "snow_park": "No", "sledding_tubing": "No", "lift_types": "gondola: 1", "resort_type": "downhill ski resort", "region": "asia/japan/tohoku" }, "geometry": { "type": "Point", "coordinates": [ 140.807425, 39.977078 ] } },
{ "type": "Feature", "properties": { "winter_sports_id": 1458244400, "winter_sports_type": "way", "name": "秋山スキー場", "country": "Japan", "state": "Yamagata", "total_area_ha": 3.24, "total_area_acres": 8.0, "skiable_terrain_ha": 1.81, "skiable_terrain_acres": 4.0, "total_lifts": 1, "longest_lift_mi": 0.14, "downhill_trails": 3, "longest_trail_mi": 0.0, "avg_trail_mi": 0.0, "trails_novice": 0, "trails_easy": 0, "trails_intermediate": 0, "trails_advanced": 0, "trails_expert": 0, "trails_freeride": 0, "trails_extreme": 0, "gladed_terrain": "No", "snow_park": "No", "sledding_tubing": "No", "lift_types": "rope tow: 1", "resort_type": "downhill ski resort", "region": "asia/japan/tohoku" }, "geometry": { "type": "Point", "coordinates": [ 140.240279, 38.866769 ] } },
{ "type": "Feature", "properties": { "winter_sports_id": 1458246304, "winter_sports_type": "way", "name": "Asahi自然観スノーパーク", "country": "Japan", "state": "Yamagata", "total_area_ha": 27.64, "total_area_acres": 68.0, "skiable_terrain_ha": 0.0, "skiable_terrain_acres": 0.0, "total_lifts": 2, "longest_lift_mi": 0.26, "downhill_trails": 0, "longest_trail_mi": 0.0, "avg_trail_mi": 0.0, "trails_novice": 0, "trails_easy": 0, "trails_intermediate": 0, "trails_advanced": 0, "trails_expert": 0, "trails_freeride": 0, "trails_extreme": 0, "gladed_terrain": "No", "snow_park": "No", "sledding_tubing": "No", "lift_types": "chair lift: 2", "resort_type": "downhill ski resort", "region": "asia/japan/tohoku" }, "geometry": { "type": "Point", "coordinates": [ 140.054804, 38.305741 ] } },
{ "type": "Feature", "properties": { "winter_sports_id": 1458682642, "winter_sports_type": "way", "name": "町営湯田スキー場", "country": "Japan", "state": "Iwate", "total_area_ha": 8.25, "total_area_acres": 20.0, "skiable_terrain_ha": 5.93, "skiable_terrain_acres": 15.0, "total_lifts": 1, "longest_lift_mi": 0.42, "downhill_trails": 1, "longest_trail_mi": 0.0, "avg_trail_mi": 0.0, "trails_novice": 0, "trails_easy": 0, "trails_intermediate": 0, "trails_advanced": 0, "trails_expert": 0, "trails_freeride": 0, "trails_extreme": 0, "gladed_terrain": "No", "snow_park": "No", "sledding_tubing": "No", "lift_types": "chair lift: 1", "resort_type": "downhill ski resort", "region": "asia/japan/tohoku" }, "geometry": { "type": "Point", "coordinates": [ 140.787458, 39.339792 ] } },
{ "type": "Feature", "properties": { "winter_sports_id": 1459974325, "winter_sports_type": "way", "name": "嘉瀬スキー場", "country": "Japan", "state": "Aomori", "total_area_ha": 2.18, "total_area_acres": 5.0, "skiable_terrain_ha": 0.62, "skiable_terrain_acres": 2.0, "total_lifts": 0, "longest_lift_mi": 0.0, "downhill_trails": 1, "longest_trail_mi": 0.0, "avg_trail_mi": 0.0, "trails_novice": 0, "trails_easy": 0, "trails_intermediate": 0, "trails_advanced": 0, "trails_expert": 0, "trails_freeride": 0, "trails_extreme": 0, "gladed_terrain": "No", "snow_park": "No", "sledding_tubing": "No", "lift_types": null, "resort_type": "downhill ski resort", "region": "asia/japan/tohoku" }, "geometry": { "type": "Point", "coordinates": [ 140.478312, 40.882019 ] } },
{ "type": "Feature", "properties": { "winter_sports_id": 1463890597, "winter_sports_type": "way", "name": "祇園山スキー場", "country": "Japan", "state": "Akita", "total_area_ha": 4.02, "total_area_acres": 10.0, "skiable_terrain_ha": 0.56, "skiable_terrain_acres": 1.0, "total_lifts": 2, "longest_lift_mi": 0.1, "downhill_trails": 3, "longest_trail_mi": 0.0, "avg_trail_mi": 0.0, "trails_novice": 0, "trails_easy": 0, "trails_intermediate": 0, "trails_advanced": 0, "trails_expert": 0, "trails_freeride": 0, "trails_extreme": 0, "gladed_terrain": "No", "snow_park": "No", "sledding_tubing": "No", "lift_types": "rope tow: 2", "resort_type": "downhill ski resort", "region": "asia/japan/tohoku" }, "geometry": { "type": "Point", "coordinates": [ 140.308594, 39.137329 ] } },
{ "type": "Feature", "properties": { "winter_sports_id": 1463894871, "winter_sports_type": "way", "name": "グリーンバレー神室スキー場", "country": "Japan", "state": "Yamagata", "total_area_ha": 22.47, "total_area_acres": 56.0, "skiable_terrain_ha": 12.35, "skiable_terrain_acres": 31.0, "total_lifts": 1, "longest_lift_mi": 0.34, "downhill_trails": 7, "longest_trail_mi": 0.02, "avg_trail_mi": 0.02, "trails_novice": 0, "trails_easy": 0, "trails_intermediate": 3, "trails_advanced": 1, "trails_expert": 0, "trails_freeride": 0, "trails_extreme": 0, "gladed_terrain": "No", "snow_park": "No", "sledding_tubing": "No", "lift_types": "chair lift: 1", "resort_type": "downhill ski resort", "region": "asia/japan/tohoku" }, "geometry": { "type": "Point", "coordinates": [ 140.394206, 38.919939 ] } },
{ "type": "Feature", "properties": { "winter_sports_id": 1464065126, "winter_sports_type": "way", "name": "巾山スキー場", "country": "Japan", "state": "Akita", "total_area_ha": 2.51, "total_area_acres": 6.0, "skiable_terrain_ha": 0.92, "skiable_terrain_acres": 2.0, "total_lifts": 1, "longest_lift_mi": 0.11, "downhill_trails": 1, "longest_trail_mi": 0.0, "avg_trail_mi": 0.0, "trails_novice": 0, "trails_easy": 0, "trails_intermediate": 0, "trails_advanced": 0, "trails_expert": 0, "trails_freeride": 0, "trails_extreme": 0, "gladed_terrain": "No", "snow_park": "No", "sledding_tubing": "No", "lift_types": "rope tow: 1", "resort_type": "downhill ski resort", "region": "asia/japan/tohoku" }, "geometry": { "type": "Point", "coordinates": [ 140.017375, 39.221866 ] } },
{ "type": "Feature", "properties": { "winter_sports_id": 1464065769, "winter_sports_type": "way", "name": "八森山スキー場", "country": "Japan", "state": "Yamagata", "total_area_ha": 6.99, "total_area_acres": 17.0, "skiable_terrain_ha": 1.13, "skiable_terrain_acres": 3.0, "total_lifts": 1, "longest_lift_mi": 0.12, "downhill_trails": 1, "longest_trail_mi": 0.0, "avg_trail_mi": 0.0, "trails_novice": 0, "trails_easy": 0, "trails_intermediate": 0, "trails_advanced": 0, "trails_expert": 0, "trails_freeride": 0, "trails_extreme": 0, "gladed_terrain": "No", "snow_park": "No", "sledding_tubing": "No", "lift_types": "rope tow: 1", "resort_type": "downhill ski resort", "region": "asia/japan/tohoku" }, "geometry": { "type": "Point", "coordinates": [ 139.662502, 38.684948 ] } },
{ "type": "Feature", "properties": { "winter_sports_id": 1464067032, "winter_sports_type": "way", "name": "羽黒山スキー場", "country": "Japan", "state": "Yamagata", "total_area_ha": 19.88, "total_area_acres": 49.0, "skiable_terrain_ha": 16.11, "skiable_terrain_acres": 40.0, "total_lifts": 2, "longest_lift_mi": 0.36, "downhill_trails": 5, "longest_trail_mi": 0.0, "avg_trail_mi": 0.0, "trails_novice": 0, "trails_easy": 1, "trails_intermediate": 0, "trails_advanced": 0, "trails_expert": 0, "trails_freeride": 0, "trails_extreme": 0, "gladed_terrain": "No", "snow_park": "No", "sledding_tubing": "No", "lift_types": "chair lift: 2", "resort_type": "downhill ski resort", "region": "asia/japan/tohoku" }, "geometry": { "type": "Point", "coordinates": [ 139.987964, 38.695252 ] } },
{ "type": "Feature", "properties": { "winter_sports_id": 1464068070, "winter_sports_type": "way", "name": "八甲田国際スキー場", "country": "Japan", "state": "Aomori", "total_area_ha": 19.84, "total_area_acres": 49.0, "skiable_terrain_ha": 198.6, "skiable_terrain_acres": 491.0, "total_lifts": 3, "longest_lift_mi": 1.45, "downhill_trails": 7, "longest_trail_mi": 0.01, "avg_trail_mi": 0.01, "trails_novice": 0, "trails_easy": 0, "trails_intermediate": 0, "trails_advanced": 0, "trails_expert": 0, "trails_freeride": 0, "trails_extreme": 0, "gladed_terrain": "No", "snow_park": "No", "sledding_tubing": "No", "lift_types": "cable car: 1, chair lift: 2", "resort_type": "downhill ski resort", "region": "asia/japan/tohoku" }, "geometry": { "type": "Point", "coordinates": [ 140.835119, 40.67813 ] } },
{ "type": "Feature", "properties": { "winter_sports_id": 1464070819, "winter_sports_type": "way", "name": "花笠高原スキー場", "country": "Japan", "state": "Yamagata", "total_area_ha": 27.52, "total_area_acres": 68.0, "skiable_terrain_ha": 22.54, "skiable_terrain_acres": 56.0, "total_lifts": 2, "longest_lift_mi": 0.49, "downhill_trails": 5, "longest_trail_mi": 0.0, "avg_trail_mi": 0.0, "trails_novice": 0, "trails_easy": 0, "trails_intermediate": 0, "trails_advanced": 0, "trails_expert": 0, "trails_freeride": 0, "trails_extreme": 0, "gladed_terrain": "No", "snow_park": "No", "sledding_tubing": "No", "lift_types": "chair lift: 2", "resort_type": "downhill ski resort", "region": "asia/japan/tohoku" }, "geometry": { "type": "Point", "coordinates": [ 140.509456, 38.532107 ] } },
{ "type": "Feature", "properties": { "winter_sports_id": 1466125233, "winter_sports_type": "way", "name": "ジュネス栗駒スキー場", "country": "Japan", "state": "Akita", "total_area_ha": 114.49, "total_area_acres": 283.0, "skiable_terrain_ha": 43.26, "skiable_terrain_acres": 107.0, "total_lifts": 4, "longest_lift_mi": 0.59, "downhill_trails": 14, "longest_trail_mi": 0.0, "avg_trail_mi": 0.0, "trails_novice": 0, "trails_easy": 7, "trails_intermediate": 4, "trails_advanced": 3, "trails_expert": 0, "trails_freeride": 0, "trails_extreme": 0, "gladed_terrain": "No", "snow_park": "No", "sledding_tubing": "No", "lift_types": "chair lift: 4", "resort_type": "downhill ski resort", "region": "asia/japan/tohoku" }, "geometry": { "type": "Point", "coordinates": [ 140.732292, 39.158243 ] } },
{ "type": "Feature", "properties": { "winter_sports_id": 1469702213, "winter_sports_type": "way", "name": "川西町営小松スキー場", "country": "Japan", "state": "Yamagata", "total_area_ha": 1.4, "total_area_acres": 3.0, "skiable_terrain_ha": 0.2, "skiable_terrain_acres": 0.0, "total_lifts": 1, "longest_lift_mi": 0.09, "downhill_trails": 1, "longest_trail_mi": 0.0, "avg_trail_mi": 0.0, "trails_novice": 0, "trails_easy": 0, "trails_intermediate": 0, "trails_advanced": 0, "trails_expert": 0, "trails_freeride": 0, "trails_extreme": 0, "gladed_terrain": "No", "snow_park": "No", "sledding_tubing": "No", "lift_types": "rope tow: 1", "resort_type": "downhill ski resort", "region": "asia/japan/tohoku" }, "geometry": { "type": "Point", "coordinates": [ 140.029412, 37.999645 ] } },
{ "type": "Feature", "properties": { "winter_sports_id": 295201521, "winter_sports_type": "way", "name": "Шаңғы курорты", "country": "Kazakhstan", "state": "Qaraghandy", "total_area_ha": 17.59, "total_area_acres": 43.0, "skiable_terrain_ha": 0.0, "skiable_terrain_acres": 0.0, "total_lifts": 0, "longest_lift_mi": 0.0, "downhill_trails": 0, "longest_trail_mi": 0.0, "avg_trail_mi": 0.0, "trails_novice": 0, "trails_easy": 0, "trails_intermediate": 0, "trails_advanced": 0, "trails_expert": 0, "trails_freeride": 0, "trails_extreme": 0, "gladed_terrain": "No", "snow_park": "No", "sledding_tubing": "No", "lift_types": null, "resort_type": "not a downhill ski resort", "region": "asia/kazakhstan" }, "geometry": { "type": "Point", "coordinates": [ 72.857306, 50.134149 ] } },
{ "type": "Feature", "properties": { "winter_sports_id": 895176345, "winter_sports_type": "way", "name": "Горнолыжная база Актюз", "country": "Kyrgyzstan", "state": "Chuy", "total_area_ha": 45.02, "total_area_acres": 111.0, "skiable_terrain_ha": 0.0, "skiable_terrain_acres": 0.0, "total_lifts": 2, "longest_lift_mi": 1.04, "downhill_trails": 0, "longest_trail_mi": 0.0, "avg_trail_mi": 0.0, "trails_novice": 0, "trails_easy": 0, "trails_intermediate": 0, "trails_advanced": 0, "trails_expert": 0, "trails_freeride": 0, "trails_extreme": 0, "gladed_terrain": "No", "snow_park": "No", "sledding_tubing": "No", "lift_types": "chair lift: 2", "resort_type": "downhill ski resort", "region": "asia/kazakhstan" }, "geometry": { "type": "Point", "coordinates": [ 76.156904, 42.882873 ] } },
{ "type": "Feature", "properties": { "winter_sports_id": 905553682, "winter_sports_type": "way", "name": "905553682", "country": "Kazakhstan", "state": "East Kazakhstan", "total_area_ha": 11.91, "total_area_acres": 29.0, "skiable_terrain_ha": 0.0, "skiable_terrain_acres": 0.0, "total_lifts": 1, "longest_lift_mi": 0.55, "downhill_trails": 0, "longest_trail_mi": 0.0, "avg_trail_mi": 0.0, "trails_novice": 0, "trails_easy": 0, "trails_intermediate": 0, "trails_advanced": 0, "trails_expert": 0, "trails_freeride": 0, "trails_extreme": 0, "gladed_terrain": "No", "snow_park": "No", "sledding_tubing": "No", "lift_types": "drag lift: 1", "resort_type": "downhill ski resort", "region": "asia/kazakhstan" }, "geometry": { "type": "Point", "coordinates": [ 83.536242, 50.292949 ] } },
{ "type": "Feature", "properties": { "winter_sports_id": 916976901, "winter_sports_type": "way", "name": "Эдельвейс", "country": "Kazakhstan", "state": "East Kazakhstan", "total_area_ha": 3.68, "total_area_acres": 9.0, "skiable_terrain_ha": 0.0, "skiable_terrain_acres": 0.0, "total_lifts": 0, "longest_lift_mi": 0.0, "downhill_trails": 0, "longest_trail_mi": 0.0, "avg_trail_mi": 0.0, "trails_novice": 0, "trails_easy": 0, "trails_intermediate": 0, "trails_advanced": 0, "trails_expert": 0, "trails_freeride": 0, "trails_extreme": 0, "gladed_terrain": "No", "snow_park": "No", "sledding_tubing": "No", "lift_types": null, "resort_type": "not a downhill ski resort", "region": "asia/kazakhstan" }, "geometry": { "type": "Point", "coordinates": [ 83.387381, 50.274136 ] } },
{ "type": "Feature", "properties": { "winter_sports_id": 917040354, "winter_sports_type": "way", "name": "Ridderhutte", "country": "Kazakhstan", "state": "East Kazakhstan", "total_area_ha": 1.21, "total_area_acres": 3.0, "skiable_terrain_ha": 0.0, "skiable_terrain_acres": 0.0, "total_lifts": 0, "longest_lift_mi": 0.0, "downhill_trails": 0, "longest_trail_mi": 0.0, "avg_trail_mi": 0.0, "trails_novice": 0, "trails_easy": 0, "trails_intermediate": 0, "trails_advanced": 0, "trails_expert": 0, "trails_freeride": 0, "trails_extreme": 0, "gladed_terrain": "No", "snow_park": "No", "sledding_tubing": "No", "lift_types": null, "resort_type": "not a downhill ski resort", "region": "asia/kazakhstan" }, "geometry": { "type": "Point", "coordinates": [ 83.519018, 50.220106 ] } },
{ "type": "Feature", "properties": { "winter_sports_id": 1006791428, "winter_sports_type": "way", "name": "Шығыс полюс", "country": "Kazakhstan", "state": "East Kazakhstan", "total_area_ha": 0.33, "total_area_acres": 1.0, "skiable_terrain_ha": 0.0, "skiable_terrain_acres": 0.0, "total_lifts": 0, "longest_lift_mi": 0.0, "downhill_trails": 0, "longest_trail_mi": 0.0, "avg_trail_mi": 0.0, "trails_novice": 0, "trails_easy": 0, "trails_intermediate": 0, "trails_advanced": 0, "trails_expert": 0, "trails_freeride": 0, "trails_extreme": 0, "gladed_terrain": "No", "snow_park": "No", "sledding_tubing": "No", "lift_types": null, "resort_type": "not a downhill ski resort", "region": "asia/kazakhstan" }, "geometry": { "type": "Point", "coordinates": [ 83.404976, 50.221757 ] } },
{ "type": "Feature", "properties": { "winter_sports_id": 1124786559, "winter_sports_type": "way", "name": "Oi-Qaragai", "country": "Kazakhstan", "state": "Almaty", "total_area_ha": 100.28, "total_area_acres": 248.0, "skiable_terrain_ha": 34.29, "skiable_terrain_acres": 85.0, "total_lifts": 6, "longest_lift_mi": 1.08, "downhill_trails": 6, "longest_trail_mi": 0.04, "avg_trail_mi": 0.04, "trails_novice": 0, "trails_easy": 0, "trails_intermediate": 6, "trails_advanced": 0, "trails_expert": 0, "trails_freeride": 0, "trails_extreme": 0, "gladed_terrain": "No", "snow_park": "No", "sledding_tubing": "No", "lift_types": "chair lift: 3, drag lift: 2, gondola: 1", "resort_type": "downhill ski resort", "region": "asia/kazakhstan" }, "geometry": { "type": "Point", "coordinates": [ 77.143088, 43.226689 ] } },
{ "type": "Feature", "properties": { "winter_sports_id": 1254871130, "winter_sports_type": "way", "name": "Шымбұлақ", "country": "Kazakhstan", "state": "Almaty", "total_area_ha": 218.09, "total_area_acres": 539.0, "skiable_terrain_ha": 126.61, "skiable_terrain_acres": 313.0, "total_lifts": 10, "longest_lift_mi": 1.13, "downhill_trails": 25, "longest_trail_mi": 0.06, "avg_trail_mi": 0.04, "trails_novice": 3, "trails_easy": 8, "trails_intermediate": 13, "trails_advanced": 0, "trails_expert": 0, "trails_freeride": 0, "trails_extreme": 0, "gladed_terrain": "No", "snow_park": "No", "sledding_tubing": "No", "lift_types": "chair lift: 2, magic carpet: 4, mixed lift: 2, t-bar: 2", "resort_type": "downhill ski resort", "region": "asia/kazakhstan" }, "geometry": { "type": "Point", "coordinates": [ 77.098154, 43.123157 ] } },
{ "type": "Feature", "properties": { "winter_sports_id": 95924662, "winter_sports_type": "way", "name": "Лыжная база \"Орловка\"", "country": "Kyrgyzstan", "state": "Chuy", "total_area_ha": 74.38, "total_area_acres": 184.0, "skiable_terrain_ha": 0.0, "skiable_terrain_acres": 0.0, "total_lifts": 3, "longest_lift_mi": 0.49, "downhill_trails": 0, "longest_trail_mi": 0.0, "avg_trail_mi": 0.0, "trails_novice": 0, "trails_easy": 0, "trails_intermediate": 0, "trails_advanced": 0, "trails_expert": 0, "trails_freeride": 0, "trails_extreme": 0, "gladed_terrain": "No", "snow_park": "No", "sledding_tubing": "No", "lift_types": "chair lift: 3", "resort_type": "downhill ski resort", "region": "asia/kyrgyzstan" }, "geometry": { "type": "Point", "coordinates": [ 75.583668, 42.716486 ] } },
{ "type": "Feature", "properties": { "winter_sports_id": 320417628, "winter_sports_type": "way", "name": "Горнолыжная база Чункурчак", "country": "Kyrgyzstan", "state": "Chuy", "total_area_ha": 203.19, "total_area_acres": 502.0, "skiable_terrain_ha": 75.5, "skiable_terrain_acres": 187.0, "total_lifts": 7, "longest_lift_mi": 0.67, "downhill_trails": 17, "longest_trail_mi": 0.09, "avg_trail_mi": 0.09, "trails_novice": 1, "trails_easy": 3, "trails_intermediate": 10, "trails_advanced": 1, "trails_expert": 0, "trails_freeride": 1, "trails_extreme": 0, "gladed_terrain": "No", "snow_park": "No", "sledding_tubing": "Yes", "lift_types": "chair lift: 5, drag lift: 1, magic carpet: 1", "resort_type": "downhill ski resort", "region": "asia/kyrgyzstan" }, "geometry": { "type": "Point", "coordinates": [ 74.636359, 42.631059 ] } },
{ "type": "Feature", "properties": { "winter_sports_id": 662307917, "winter_sports_type": "way", "name": "Горнолыжная база \"Каракол\"", "country": "Kyrgyzstan", "state": "Ysyk-Köl", "total_area_ha": 299.22, "total_area_acres": 739.0, "skiable_terrain_ha": 118.86, "skiable_terrain_acres": 294.0, "total_lifts": 4, "longest_lift_mi": 1.17, "downhill_trails": 46, "longest_trail_mi": 0.06, "avg_trail_mi": 0.04, "trails_novice": 5, "trails_easy": 14, "trails_intermediate": 6, "trails_advanced": 1, "trails_expert": 0, "trails_freeride": 11, "trails_extreme": 0, "gladed_terrain": "No", "snow_park": "No", "sledding_tubing": "Yes", "lift_types": "chair lift: 4", "resort_type": "downhill ski resort", "region": "asia/kyrgyzstan" }, "geometry": { "type": "Point", "coordinates": [ 78.477101, 42.398868 ] } },
{ "type": "Feature", "properties": { "winter_sports_id": 895176345, "winter_sports_type": "way", "name": "Горнолыжная база Актюз", "country": "Kyrgyzstan", "state": "Chuy", "total_area_ha": 45.02, "total_area_acres": 111.0, "skiable_terrain_ha": 0.0, "skiable_terrain_acres": 0.0, "total_lifts": 2, "longest_lift_mi": 1.04, "downhill_trails": 0, "longest_trail_mi": 0.0, "avg_trail_mi": 0.0, "trails_novice": 0, "trails_easy": 0, "trails_intermediate": 0, "trails_advanced": 0, "trails_expert": 0, "trails_freeride": 0, "trails_extreme": 0, "gladed_terrain": "No", "snow_park": "No", "sledding_tubing": "No", "lift_types": "chair lift: 2", "resort_type": "downhill ski resort", "region": "asia/kyrgyzstan" }, "geometry": { "type": "Point", "coordinates": [ 76.156904, 42.882873 ] } },
{ "type": "Feature", "properties": { "winter_sports_id": 928488489, "winter_sports_type": "way", "name": "Горнолыжная база Кашка-Суу", "country": "Kyrgyzstan", "state": "Chuy", "total_area_ha": 52.28, "total_area_acres": 129.0, "skiable_terrain_ha": 217.4, "skiable_terrain_acres": 537.0, "total_lifts": 6, "longest_lift_mi": 0.88, "downhill_trails": 58, "longest_trail_mi": 0.07, "avg_trail_mi": 0.03, "trails_novice": 0, "trails_easy": 24, "trails_intermediate": 18, "trails_advanced": 8, "trails_expert": 0, "trails_freeride": 0, "trails_extreme": 0, "gladed_terrain": "No", "snow_park": "No", "sledding_tubing": "No", "lift_types": "chair lift: 3, platter: 3", "resort_type": "downhill ski resort", "region": "asia/kyrgyzstan" }, "geometry": { "type": "Point", "coordinates": [ 74.523997, 42.636598 ] } },
{ "type": "Feature", "properties": { "winter_sports_id": 1008397445, "winter_sports_type": "way", "name": "Горнолыжный комплекс \"ЗиЛ\"", "country": "Kyrgyzstan", "state": "Chuy", "total_area_ha": 123.63, "total_area_acres": 305.0, "skiable_terrain_ha": 15.69, "skiable_terrain_acres": 39.0, "total_lifts": 4, "longest_lift_mi": 0.88, "downhill_trails": 10, "longest_trail_mi": 0.05, "avg_trail_mi": 0.05, "trails_novice": 0, "trails_easy": 0, "trails_intermediate": 0, "trails_advanced": 0, "trails_expert": 0, "trails_freeride": 0, "trails_extreme": 0, "gladed_terrain": "No", "snow_park": "No", "sledding_tubing": "No", "lift_types": "chair lift: 1, drag lift: 1, platter: 1, t-bar: 1", "resort_type": "downhill ski resort", "region": "asia/kyrgyzstan" }, "geometry": { "type": "Point", "coordinates": [ 74.7632, 42.645428 ] } },
{ "type": "Feature", "properties": { "winter_sports_id": 1008397450, "winter_sports_type": "way", "name": "Горнолыжная база ТОО-АШУУ", "country": "Kyrgyzstan", "state": "Chuy", "total_area_ha": 63.51, "total_area_acres": 157.0, "skiable_terrain_ha": 46.19, "skiable_terrain_acres": 114.0, "total_lifts": 2, "longest_lift_mi": 0.86, "downhill_trails": 4, "longest_trail_mi": 0.34, "avg_trail_mi": 0.34, "trails_novice": 0, "trails_easy": 3, "trails_intermediate": 1, "trails_advanced": 0, "trails_expert": 0, "trails_freeride": 0, "trails_extreme": 0, "gladed_terrain": "No", "snow_park": "No", "sledding_tubing": "No", "lift_types": "chair lift: 1, platter: 1", "resort_type": "downhill ski resort", "region": "asia/kyrgyzstan" }, "geometry": { "type": "Point", "coordinates": [ 73.815465, 42.305611 ] } },
{ "type": "Feature", "properties": { "winter_sports_id": 1008397451, "winter_sports_type": "way", "name": "Горнолыжная база Ак Таш", "country": "Kyrgyzstan", "state": "Chuy", "total_area_ha": 64.69, "total_area_acres": 160.0, "skiable_terrain_ha": 25.93, "skiable_terrain_acres": 64.0, "total_lifts": 4, "longest_lift_mi": 0.4, "downhill_trails": 18, "longest_trail_mi": 0.07, "avg_trail_mi": 0.05, "trails_novice": 0, "trails_easy": 7, "trails_intermediate": 8, "trails_advanced": 0, "trails_expert": 0, "trails_freeride": 0, "trails_extreme": 0, "gladed_terrain": "No", "snow_park": "No", "sledding_tubing": "No", "lift_types": "chair lift: 2, drag lift: 1, t-bar: 1", "resort_type": "downhill ski resort", "region": "asia/kyrgyzstan" }, "geometry": { "type": "Point", "coordinates": [ 74.546071, 42.646896 ] } },
{ "type": "Feature", "properties": { "winter_sports_id": 1156526896, "winter_sports_type": "way", "name": "Политехник", "country": "Kyrgyzstan", "state": "Chuy", "total_area_ha": 0.53, "total_area_acres": 1.0, "skiable_terrain_ha": 207.12, "skiable_terrain_acres": 512.0, "total_lifts": 5, "longest_lift_mi": 0.88, "downhill_trails": 49, "longest_trail_mi": 0.07, "avg_trail_mi": 0.04, "trails_novice": 0, "trails_easy": 18, "trails_intermediate": 17, "trails_advanced": 6, "trails_expert": 0, "trails_freeride": 0, "trails_extreme": 0, "gladed_terrain": "No", "snow_park": "No", "sledding_tubing": "No", "lift_types": "chair lift: 2, platter: 3", "resort_type": "downhill ski resort", "region": "asia/kyrgyzstan" }, "geometry": { "type": "Point", "coordinates": [ 74.505047, 42.645835 ] } },
{ "type": "Feature", "properties": { "winter_sports_id": 1157588066, "winter_sports_type": "way", "name": "Ski Tatyr", "country": "Kyrgyzstan", "state": "Chuy", "total_area_ha": 46.9, "total_area_acres": 116.0, "skiable_terrain_ha": 0.0, "skiable_terrain_acres": 0.0, "total_lifts": 4, "longest_lift_mi": 0.76, "downhill_trails": 0, "longest_trail_mi": 0.0, "avg_trail_mi": 0.0, "trails_novice": 0, "trails_easy": 0, "trails_intermediate": 0, "trails_advanced": 0, "trails_expert": 0, "trails_freeride": 0, "trails_extreme": 0, "gladed_terrain": "No", "snow_park": "No", "sledding_tubing": "No", "lift_types": "drag lift: 4", "resort_type": "downhill ski resort", "region": "asia/kyrgyzstan" }, "geometry": { "type": "Point", "coordinates": [ 74.659808, 42.664584 ] } },
{ "type": "Feature", "properties": { "winter_sports_id": 1157588069, "winter_sports_type": "way", "name": "Тогуз-Булак лыжа базасы", "country": "Kyrgyzstan", "state": "Chuy", "total_area_ha": 83.71, "total_area_acres": 207.0, "skiable_terrain_ha": 56.77, "skiable_terrain_acres": 140.0, "total_lifts": 1, "longest_lift_mi": 1.02, "downhill_trails": 7, "longest_trail_mi": 0.0, "avg_trail_mi": 0.0, "trails_novice": 0, "trails_easy": 0, "trails_intermediate": 0, "trails_advanced": 0, "trails_expert": 0, "trails_freeride": 0, "trails_extreme": 0, "gladed_terrain": "No", "snow_park": "No", "sledding_tubing": "No", "lift_types": "chair lift: 1", "resort_type": "downhill ski resort", "region": "asia/kyrgyzstan" }, "geometry": { "type": "Point", "coordinates": [ 74.86758, 42.641733 ] } },
{ "type": "Feature", "properties": { "winter_sports_id": 1157876063, "winter_sports_type": "way", "name": "Эдельвейс", "country": "Kyrgyzstan", "state": "Chuy", "total_area_ha": 14.19, "total_area_acres": 35.0, "skiable_terrain_ha": 9.02, "skiable_terrain_acres": 22.0, "total_lifts": 1, "longest_lift_mi": 0.48, "downhill_trails": 5, "longest_trail_mi": 0.0, "avg_trail_mi": 0.0, "trails_novice": 0, "trails_easy": 0, "trails_intermediate": 3, "trails_advanced": 0, "trails_expert": 0, "trails_freeride": 0, "trails_extreme": 0, "gladed_terrain": "No", "snow_park": "No", "sledding_tubing": "No", "lift_types": "platter: 1", "resort_type": "downhill ski resort", "region": "asia/kyrgyzstan" }, "geometry": { "type": "Point", "coordinates": [ 74.547425, 42.625703 ] } },
{ "type": "Feature", "properties": { "winter_sports_id": 1233994797, "winter_sports_type": "way", "name": "Горнолыжная база Кашкулак", "country": "Kyrgyzstan", "state": "Chuy", "total_area_ha": 40.93, "total_area_acres": 101.0, "skiable_terrain_ha": 210.02, "skiable_terrain_acres": 519.0, "total_lifts": 5, "longest_lift_mi": 0.88, "downhill_trails": 54, "longest_trail_mi": 0.07, "avg_trail_mi": 0.04, "trails_novice": 0, "trails_easy": 21, "trails_intermediate": 17, "trails_advanced": 8, "trails_expert": 0, "trails_freeride": 0, "trails_extreme": 0, "gladed_terrain": "No", "snow_park": "No", "sledding_tubing": "No", "lift_types": "chair lift: 2, platter: 3", "resort_type": "downhill ski resort", "region": "asia/kyrgyzstan" }, "geometry": { "type": "Point", "coordinates": [ 74.519074, 42.637114 ] } },
{ "type": "Feature", "properties": { "winter_sports_id": 1233994798, "winter_sports_type": "way", "name": "Горнолыжная база Политех", "country": "Kyrgyzstan", "state": "Chuy", "total_area_ha": 104.66, "total_area_acres": 259.0, "skiable_terrain_ha": 210.02, "skiable_terrain_acres": 519.0, "total_lifts": 5, "longest_lift_mi": 0.88, "downhill_trails": 54, "longest_trail_mi": 0.07, "avg_trail_mi": 0.04, "trails_novice": 0, "trails_easy": 21, "trails_intermediate": 17, "trails_advanced": 8, "trails_expert": 0, "trails_freeride": 0, "trails_extreme": 0, "gladed_terrain": "No", "snow_park": "No", "sledding_tubing": "No", "lift_types": "chair lift: 2, platter: 3", "resort_type": "downhill ski resort", "region": "asia/kyrgyzstan" }, "geometry": { "type": "Point", "coordinates": [ 74.505238, 42.639796 ] } },
{ "type": "Feature", "properties": { "winter_sports_id": 1248267165, "winter_sports_type": "way", "name": "Сноутюбинг Супара", "country": "Kyrgyzstan", "state": "Chuy", "total_area_ha": 1.72, "total_area_acres": 4.0, "skiable_terrain_ha": 74.72, "skiable_terrain_acres": 185.0, "total_lifts": 7, "longest_lift_mi": 0.67, "downhill_trails": 16, "longest_trail_mi": 0.09, "avg_trail_mi": 0.09, "trails_novice": 1, "trails_easy": 3, "trails_intermediate": 10, "trails_advanced": 0, "trails_expert": 0, "trails_freeride": 1, "trails_extreme": 0, "gladed_terrain": "No", "snow_park": "No", "sledding_tubing": "Yes", "lift_types": "chair lift: 5, drag lift: 1, magic carpet: 1", "resort_type": "downhill ski resort", "region": "asia/kyrgyzstan" }, "geometry": { "type": "Point", "coordinates": [ 74.617695, 42.634903 ] } },
{ "type": "Feature", "properties": { "winter_sports_id": 1460781119, "winter_sports_type": "way", "name": "Горнолыжная база «Кызыл-Белес» (ГКНБ)", "country": "Kyrgyzstan", "state": "Chuy", "total_area_ha": 17.48, "total_area_acres": 43.0, "skiable_terrain_ha": 13.28, "skiable_terrain_acres": 33.0, "total_lifts": 4, "longest_lift_mi": 0.4, "downhill_trails": 9, "longest_trail_mi": 0.02, "avg_trail_mi": 0.02, "trails_novice": 0, "trails_easy": 3, "trails_intermediate": 3, "trails_advanced": 0, "trails_expert": 0, "trails_freeride": 0, "trails_extreme": 0, "gladed_terrain": "No", "snow_park": "No", "sledding_tubing": "No", "lift_types": "chair lift: 2, drag lift: 1, t-bar: 1", "resort_type": "downhill ski resort", "region": "asia/kyrgyzstan" }, "geometry": { "type": "Point", "coordinates": [ 74.560785, 42.650947 ] } },
{ "type": "Feature", "properties": { "winter_sports_id": 543645993, "winter_sports_type": "way", "name": "The Cedars Ski Resort", "country": "Lebanon", "state": "North Lebanon", "total_area_ha": 116.12, "total_area_acres": 287.0, "skiable_terrain_ha": 27.85, "skiable_terrain_acres": 69.0, "total_lifts": 6, "longest_lift_mi": 0.89, "downhill_trails": 8, "longest_trail_mi": 0.0, "avg_trail_mi": 0.0, "trails_novice": 0, "trails_easy": 2, "trails_intermediate": 3, "trails_advanced": 3, "trails_expert": 0, "trails_freeride": 0, "trails_extreme": 0, "gladed_terrain": "No", "snow_park": "No", "sledding_tubing": "No", "lift_types": "chair lift: 3, drag lift: 3", "resort_type": "downhill ski resort", "region": "asia/lebanon" }, "geometry": { "type": "Point", "coordinates": [ 36.077156, 34.256249 ] } },
{ "type": "Feature", "properties": { "winter_sports_id": 543650275, "winter_sports_type": "way", "name": "منطقة للتزلج مزار كفردبيان", "country": "Lebanon", "state": "Mount Lebanon", "total_area_ha": 487.86, "total_area_acres": 1206.0, "skiable_terrain_ha": 107.58, "skiable_terrain_acres": 266.0, "total_lifts": 17, "longest_lift_mi": 0.98, "downhill_trails": 23, "longest_trail_mi": 0.0, "avg_trail_mi": 0.0, "trails_novice": 5, "trails_easy": 14, "trails_intermediate": 4, "trails_advanced": 0, "trails_expert": 0, "trails_freeride": 0, "trails_extreme": 0, "gladed_terrain": "No", "snow_park": "No", "sledding_tubing": "No", "lift_types": "chair lift: 12, drag lift: 5", "resort_type": "downhill ski resort", "region": "asia/lebanon" }, "geometry": { "type": "Point", "coordinates": [ 35.858006, 33.984413 ] } },
{ "type": "Feature", "properties": { "winter_sports_id": 556511062, "winter_sports_type": "way", "name": "Zaarour Club", "country": "Lebanon", "state": "Mount Lebanon", "total_area_ha": 154.77, "total_area_acres": 382.0, "skiable_terrain_ha": 8.52, "skiable_terrain_acres": 21.0, "total_lifts": 6, "longest_lift_mi": 0.65, "downhill_trails": 12, "longest_trail_mi": 0.06, "avg_trail_mi": 0.06, "trails_novice": 2, "trails_easy": 5, "trails_intermediate": 4, "trails_advanced": 0, "trails_expert": 0, "trails_freeride": 0, "trails_extreme": 0, "gladed_terrain": "No", "snow_park": "No", "sledding_tubing": "Yes", "lift_types": "chair lift: 4, magic carpet: 2", "resort_type": "downhill ski resort", "region": "asia/lebanon" }, "geometry": { "type": "Point", "coordinates": [ 35.808252, 33.918832 ] } },
{ "type": "Feature", "properties": { "winter_sports_id": 700570201, "winter_sports_type": "way", "name": "Klavo", "country": "Pakistan", "state": "K.P.", "total_area_ha": 127.28, "total_area_acres": 315.0, "skiable_terrain_ha": 0.0, "skiable_terrain_acres": 0.0, "total_lifts": 0, "longest_lift_mi": 0.0, "downhill_trails": 0, "longest_trail_mi": 0.0, "avg_trail_mi": 0.0, "trails_novice": 0, "trails_easy": 0, "trails_intermediate": 0, "trails_advanced": 0, "trails_expert": 0, "trails_freeride": 0, "trails_extreme": 0, "gladed_terrain": "No", "snow_park": "No", "sledding_tubing": "No", "lift_types": null, "resort_type": "not a downhill ski resort", "region": "asia/pakistan" }, "geometry": { "type": "Point", "coordinates": [ 73.243653, 34.810058 ] } },
{ "type": "Feature", "properties": { "winter_sports_id": 700572345, "winter_sports_type": "way", "name": "700572345", "country": "Pakistan", "state": "K.P.", "total_area_ha": 168.41, "total_area_acres": 416.0, "skiable_terrain_ha": 0.0, "skiable_terrain_acres": 0.0, "total_lifts": 0, "longest_lift_mi": 0.0, "downhill_trails": 0, "longest_trail_mi": 0.0, "avg_trail_mi": 0.0, "trails_novice": 0, "trails_easy": 0, "trails_intermediate": 0, "trails_advanced": 0, "trails_expert": 0, "trails_freeride": 0, "trails_extreme": 0, "gladed_terrain": "No", "snow_park": "No", "sledding_tubing": "No", "lift_types": null, "resort_type": "not a downhill ski resort", "region": "asia/pakistan" }, "geometry": { "type": "Point", "coordinates": [ 73.245525, 34.819811 ] } },
{ "type": "Feature", "properties": { "winter_sports_id": 32083800, "winter_sports_type": "way", "name": "하이원스키장", "country": "South Korea", "state": "Gangwon", "total_area_ha": 380.94, "total_area_acres": 941.0, "skiable_terrain_ha": 172.5, "skiable_terrain_acres": 426.0, "total_lifts": 9, "longest_lift_mi": 1.77, "downhill_trails": 20, "longest_trail_mi": 0.0, "avg_trail_mi": 0.0, "trails_novice": 1, "trails_easy": 4, "trails_intermediate": 3, "trails_advanced": 8, "trails_expert": 2, "trails_freeride": 0, "trails_extreme": 0, "gladed_terrain": "No", "snow_park": "No", "sledding_tubing": "No", "lift_types": "chair lift: 6, gondola: 3", "resort_type": "downhill ski resort", "region": "asia/south-korea" }, "geometry": { "type": "Point", "coordinates": [ 128.829143, 37.194111 ] } },
{ "type": "Feature", "properties": { "winter_sports_id": 224610062, "winter_sports_type": "way", "name": "베어스타운리조트 (Bears Town Resort)", "country": "South Korea", "state": "Gyeonggi", "total_area_ha": 91.02, "total_area_acres": 225.0, "skiable_terrain_ha": 30.77, "skiable_terrain_acres": 76.0, "total_lifts": 8, "longest_lift_mi": 0.69, "downhill_trails": 10, "longest_trail_mi": 0.0, "avg_trail_mi": 0.0, "trails_novice": 0, "trails_easy": 1, "trails_intermediate": 2, "trails_advanced": 4, "trails_expert": 0, "trails_freeride": 0, "trails_extreme": 0, "gladed_terrain": "No", "snow_park": "No", "sledding_tubing": "No", "lift_types": "chair lift: 8", "resort_type": "downhill ski resort", "region": "asia/south-korea" }, "geometry": { "type": "Point", "coordinates": [ 127.251106, 37.79642 ] } },
{ "type": "Feature", "properties": { "winter_sports_id": 328504452, "winter_sports_type": "way", "name": "Alps Resort", "country": "South Korea", "state": "Gangwon", "total_area_ha": 44.93, "total_area_acres": 111.0, "skiable_terrain_ha": 0.0, "skiable_terrain_acres": 0.0, "total_lifts": 0, "longest_lift_mi": 0.0, "downhill_trails": 0, "longest_trail_mi": 0.0, "avg_trail_mi": 0.0, "trails_novice": 0, "trails_easy": 0, "trails_intermediate": 0, "trails_advanced": 0, "trails_expert": 0, "trails_freeride": 0, "trails_extreme": 0, "gladed_terrain": "No", "snow_park": "No", "sledding_tubing": "No", "lift_types": null, "resort_type": "not a downhill ski resort", "region": "asia/south-korea" }, "geometry": { "type": "Point", "coordinates": [ 128.38273, 38.265056 ] } },
{ "type": "Feature", "properties": { "winter_sports_id": 365054524, "winter_sports_type": "way", "name": "스타힐리조트", "country": "South Korea", "state": "Gyeonggi", "total_area_ha": 23.63, "total_area_acres": 58.0, "skiable_terrain_ha": 0.0, "skiable_terrain_acres": 0.0, "total_lifts": 0, "longest_lift_mi": 0.0, "downhill_trails": 0, "longest_trail_mi": 0.0, "avg_trail_mi": 0.0, "trails_novice": 0, "trails_easy": 0, "trails_intermediate": 0, "trails_advanced": 0, "trails_expert": 0, "trails_freeride": 0, "trails_extreme": 0, "gladed_terrain": "No", "snow_park": "No", "sledding_tubing": "No", "lift_types": null, "resort_type": "not a downhill ski resort", "region": "asia/south-korea" }, "geometry": { "type": "Point", "coordinates": [ 127.26599, 37.662178 ] } },
{ "type": "Feature", "properties": { "winter_sports_id": 377688820, "winter_sports_type": "way", "name": "용평리조트", "country": "South Korea", "state": "Gangwon", "total_area_ha": 596.76, "total_area_acres": 1475.0, "skiable_terrain_ha": 88.56, "skiable_terrain_acres": 219.0, "total_lifts": 10, "longest_lift_mi": 2.25, "downhill_trails": 35, "longest_trail_mi": 0.36, "avg_trail_mi": 0.24, "trails_novice": 4, "trails_easy": 1, "trails_intermediate": 12, "trails_advanced": 15, "trails_expert": 0, "trails_freeride": 0, "trails_extreme": 0, "gladed_terrain": "No", "snow_park": "No", "sledding_tubing": "No", "lift_types": "chair lift: 9, gondola: 1", "resort_type": "downhill ski resort", "region": "asia/south-korea" }, "geometry": { "type": "Point", "coordinates": [ 128.67706, 37.627136 ] } },
{ "type": "Feature", "properties": { "winter_sports_id": 469518150, "winter_sports_type": "way", "name": "곤지암스키장", "country": "South Korea", "state": "Gyeonggi", "total_area_ha": 90.07, "total_area_acres": 223.0, "skiable_terrain_ha": 20.44, "skiable_terrain_acres": 51.0, "total_lifts": 5, "longest_lift_mi": 0.79, "downhill_trails": 9, "longest_trail_mi": 0.0, "avg_trail_mi": 0.0, "trails_novice": 0, "trails_easy": 0, "trails_intermediate": 0, "trails_advanced": 0, "trails_expert": 0, "trails_freeride": 0, "trails_extreme": 0, "gladed_terrain": "No", "snow_park": "No", "sledding_tubing": "No", "lift_types": "chair lift: 5", "resort_type": "downhill ski resort", "region": "asia/south-korea" }, "geometry": { "type": "Point", "coordinates": [ 127.289351, 37.33448 ] } },
{ "type": "Feature", "properties": { "winter_sports_id": 471307387, "winter_sports_type": "way", "name": "지산포레스트리조트", "country": "South Korea", "state": "Gyeonggi", "total_area_ha": 45.84, "total_area_acres": 113.0, "skiable_terrain_ha": 26.36, "skiable_terrain_acres": 65.0, "total_lifts": 5, "longest_lift_mi": 0.45, "downhill_trails": 9, "longest_trail_mi": 0.0, "avg_trail_mi": 0.0, "trails_novice": 1, "trails_easy": 4, "trails_intermediate": 2, "trails_advanced": 2, "trails_expert": 0, "trails_freeride": 0, "trails_extreme": 0, "gladed_terrain": "No", "snow_park": "No", "sledding_tubing": "No", "lift_types": "chair lift: 5", "resort_type": "downhill ski resort", "region": "asia/south-korea" }, "geometry": { "type": "Point", "coordinates": [ 127.343066, 37.213776 ] } },
{ "type": "Feature", "properties": { "winter_sports_id": 472823642, "winter_sports_type": "way", "name": "472823642", "country": "South Korea", "state": "Gangwon", "total_area_ha": 4.01, "total_area_acres": 10.0, "skiable_terrain_ha": 41.56, "skiable_terrain_acres": 103.0, "total_lifts": 9, "longest_lift_mi": 0.55, "downhill_trails": 25, "longest_trail_mi": 0.36, "avg_trail_mi": 0.36, "trails_novice": 4, "trails_easy": 2, "trails_intermediate": 11, "trails_advanced": 7, "trails_expert": 0, "trails_freeride": 0, "trails_extreme": 0, "gladed_terrain": "No", "snow_park": "No", "sledding_tubing": "Yes", "lift_types": "chair lift: 9", "resort_type": "downhill ski resort", "region": "asia/south-korea" }, "geometry": { "type": "Point", "coordinates": [ 128.67481, 37.652116 ] } },
{ "type": "Feature", "properties": { "winter_sports_id": 472823643, "winter_sports_type": "way", "name": "472823643", "country": "South Korea", "state": "Gangwon", "total_area_ha": 2.66, "total_area_acres": 7.0, "skiable_terrain_ha": 40.7, "skiable_terrain_acres": 101.0, "total_lifts": 9, "longest_lift_mi": 0.55, "downhill_trails": 22, "longest_trail_mi": 0.36, "avg_trail_mi": 0.36, "trails_novice": 4, "trails_easy": 2, "trails_intermediate": 9, "trails_advanced": 7, "trails_expert": 0, "trails_freeride": 0, "trails_extreme": 0, "gladed_terrain": "No", "snow_park": "No", "sledding_tubing": "Yes", "lift_types": "chair lift: 9", "resort_type": "downhill ski resort", "region": "asia/south-korea" }, "geometry": { "type": "Point", "coordinates": [ 128.672878, 37.65291 ] } },
{ "type": "Feature", "properties": { "winter_sports_id": 472823644, "winter_sports_type": "way", "name": "472823644", "country": "South Korea", "state": "Gangwon", "total_area_ha": 3.46, "total_area_acres": 9.0, "skiable_terrain_ha": 41.56, "skiable_terrain_acres": 103.0, "total_lifts": 9, "longest_lift_mi": 0.55, "downhill_trails": 25, "longest_trail_mi": 0.36, "avg_trail_mi": 0.36, "trails_novice": 4, "trails_easy": 2, "trails_intermediate": 11, "trails_advanced": 7, "trails_expert": 0, "trails_freeride": 0, "trails_extreme": 0, "gladed_terrain": "No", "snow_park": "No", "sledding_tubing": "Yes", "lift_types": "chair lift: 9", "resort_type": "downhill ski resort", "region": "asia/south-korea" }, "geometry": { "type": "Point", "coordinates": [ 128.671167, 37.650933 ] } },
{ "type": "Feature", "properties": { "winter_sports_id": 473164278, "winter_sports_type": "way", "name": "473164278", "country": "South Korea", "state": "Gangwon", "total_area_ha": 0.42, "total_area_acres": 1.0, "skiable_terrain_ha": 40.7, "skiable_terrain_acres": 101.0, "total_lifts": 9, "longest_lift_mi": 0.55, "downhill_trails": 23, "longest_trail_mi": 0.36, "avg_trail_mi": 0.36, "trails_novice": 4, "trails_easy": 2, "trails_intermediate": 10, "trails_advanced": 7, "trails_expert": 0, "trails_freeride": 0, "trails_extreme": 0, "gladed_terrain": "No", "snow_park": "No", "sledding_tubing": "Yes", "lift_types": "chair lift: 9", "resort_type": "downhill ski resort", "region": "asia/south-korea" }, "geometry": { "type": "Point", "coordinates": [ 128.673778, 37.652618 ] } },
{ "type": "Feature", "properties": { "winter_sports_id": 500404490, "winter_sports_type": "way", "name": "안산썰매장", "country": "South Korea", "state": "Gyeonggi", "total_area_ha": 0.41, "total_area_acres": 1.0, "skiable_terrain_ha": 0.0, "skiable_terrain_acres": 0.0, "total_lifts": 0, "longest_lift_mi": 0.0, "downhill_trails": 0, "longest_trail_mi": 0.0, "avg_trail_mi": 0.0, "trails_novice": 0, "trails_easy": 0, "trails_intermediate": 0, "trails_advanced": 0, "trails_expert": 0, "trails_freeride": 0, "trails_extreme": 0, "gladed_terrain": "No", "snow_park": "No", "sledding_tubing": "No", "lift_types": null, "resort_type": "not a downhill ski resort", "region": "asia/south-korea" }, "geometry": { "type": "Point", "coordinates": [ 126.804568, 37.319129 ] } },
{ "type": "Feature", "properties": { "winter_sports_id": 556730347, "winter_sports_type": "way", "name": "정선 알파인 경기장", "country": "South Korea", "state": "Gangwon", "total_area_ha": 291.95, "total_area_acres": 721.0, "skiable_terrain_ha": 0.0, "skiable_terrain_acres": 0.0, "total_lifts": 0, "longest_lift_mi": 0.0, "downhill_trails": 0, "longest_trail_mi": 0.0, "avg_trail_mi": 0.0, "trails_novice": 0, "trails_easy": 0, "trails_intermediate": 0, "trails_advanced": 0, "trails_expert": 0, "trails_freeride": 0, "trails_extreme": 0, "gladed_terrain": "No", "snow_park": "No", "sledding_tubing": "No", "lift_types": null, "resort_type": "not a downhill ski resort", "region": "asia/south-korea" }, "geometry": { "type": "Point", "coordinates": [ 128.604392, 37.461645 ] } },
{ "type": "Feature", "properties": { "winter_sports_id": 556756203, "winter_sports_type": "way", "name": "휘닉스 평창", "country": "South Korea", "state": "Gangwon", "total_area_ha": 259.87, "total_area_acres": 642.0, "skiable_terrain_ha": 62.21, "skiable_terrain_acres": 154.0, "total_lifts": 7, "longest_lift_mi": 1.01, "downhill_trails": 23, "longest_trail_mi": 0.17, "avg_trail_mi": 0.13, "trails_novice": 10, "trails_easy": 0, "trails_intermediate": 8, "trails_advanced": 3, "trails_expert": 2, "trails_freeride": 0, "trails_extreme": 0, "gladed_terrain": "No", "snow_park": "No", "sledding_tubing": "No", "lift_types": "chair lift: 6, gondola: 1", "resort_type": "downhill ski resort", "region": "asia/south-korea" }, "geometry": { "type": "Point", "coordinates": [ 128.317812, 37.578239 ] } },
{ "type": "Feature", "properties": { "winter_sports_id": 693915492, "winter_sports_type": "way", "name": "스키썰매장", "country": "South Korea", "state": "North Gyeongsang", "total_area_ha": 2.21, "total_area_acres": 5.0, "skiable_terrain_ha": 0.0, "skiable_terrain_acres": 0.0, "total_lifts": 2, "longest_lift_mi": 0.21, "downhill_trails": 0, "longest_trail_mi": 0.0, "avg_trail_mi": 0.0, "trails_novice": 0, "trails_easy": 0, "trails_intermediate": 0, "trails_advanced": 0, "trails_expert": 0, "trails_freeride": 0, "trails_extreme": 0, "gladed_terrain": "No", "snow_park": "No", "sledding_tubing": "No", "lift_types": "chair lift: 2", "resort_type": "downhill ski resort", "region": "asia/south-korea" }, "geometry": { "type": "Point", "coordinates": [ 129.279967, 35.839007 ] } },
{ "type": "Feature", "properties": { "winter_sports_id": 693915494, "winter_sports_type": "way", "name": "눈썰매장", "country": "South Korea", "state": "North Gyeongsang", "total_area_ha": 1.19, "total_area_acres": 3.0, "skiable_terrain_ha": 0.0, "skiable_terrain_acres": 0.0, "total_lifts": 2, "longest_lift_mi": 0.21, "downhill_trails": 0, "longest_trail_mi": 0.0, "avg_trail_mi": 0.0, "trails_novice": 0, "trails_easy": 0, "trails_intermediate": 0, "trails_advanced": 0, "trails_expert": 0, "trails_freeride": 0, "trails_extreme": 0, "gladed_terrain": "No", "snow_park": "No", "sledding_tubing": "No", "lift_types": "chair lift: 2", "resort_type": "downhill ski resort", "region": "asia/south-korea" }, "geometry": { "type": "Point", "coordinates": [ 129.280659, 35.837944 ] } },
{ "type": "Feature", "properties": { "winter_sports_id": 791217772, "winter_sports_type": "way", "name": "오투리조트", "country": "South Korea", "state": "Gangwon", "total_area_ha": 246.67, "total_area_acres": 610.0, "skiable_terrain_ha": 179.13, "skiable_terrain_acres": 443.0, "total_lifts": 3, "longest_lift_mi": 1.26, "downhill_trails": 13, "longest_trail_mi": 0.0, "avg_trail_mi": 0.0, "trails_novice": 0, "trails_easy": 0, "trails_intermediate": 0, "trails_advanced": 0, "trails_expert": 0, "trails_freeride": 0, "trails_extreme": 0, "gladed_terrain": "No", "snow_park": "No", "sledding_tubing": "No", "lift_types": "chair lift: 3", "resort_type": "downhill ski resort", "region": "asia/south-korea" }, "geometry": { "type": "Point", "coordinates": [ 128.938055, 37.173589 ] } },
{ "type": "Feature", "properties": { "winter_sports_id": 900624624, "winter_sports_type": "way", "name": "에덴벨리스키장", "country": "South Korea", "state": "South Gyeongsang", "total_area_ha": 92.77, "total_area_acres": 229.0, "skiable_terrain_ha": 16.47, "skiable_terrain_acres": 41.0, "total_lifts": 3, "longest_lift_mi": 0.6, "downhill_trails": 7, "longest_trail_mi": 0.0, "avg_trail_mi": 0.0, "trails_novice": 2, "trails_easy": 0, "trails_intermediate": 3, "trails_advanced": 2, "trails_expert": 0, "trails_freeride": 0, "trails_extreme": 0, "gladed_terrain": "No", "snow_park": "No", "sledding_tubing": "No", "lift_types": "chair lift: 3", "resort_type": "downhill ski resort", "region": "asia/south-korea" }, "geometry": { "type": "Point", "coordinates": [ 128.98431, 35.425626 ] } },
{ "type": "Feature", "properties": { "winter_sports_id": 902507962, "winter_sports_type": "way", "name": "양지파인리조트", "country": "South Korea", "state": "Gyeonggi", "total_area_ha": 37.74, "total_area_acres": 93.0, "skiable_terrain_ha": 6.83, "skiable_terrain_acres": 17.0, "total_lifts": 4, "longest_lift_mi": 0.39, "downhill_trails": 5, "longest_trail_mi": 0.0, "avg_trail_mi": 0.0, "trails_novice": 1, "trails_easy": 0, "trails_intermediate": 3, "trails_advanced": 1, "trails_expert": 0, "trails_freeride": 0, "trails_extreme": 0, "gladed_terrain": "No", "snow_park": "No", "sledding_tubing": "No", "lift_types": "chair lift: 4", "resort_type": "downhill ski resort", "region": "asia/south-korea" }, "geometry": { "type": "Point", "coordinates": [ 127.297879, 37.211543 ] } },
{ "type": "Feature", "properties": { "winter_sports_id": 1001088488, "winter_sports_type": "way", "name": "1001088488", "country": "South Korea", "state": "Gyeonggi", "total_area_ha": 0.27, "total_area_acres": 1.0, "skiable_terrain_ha": 0.0, "skiable_terrain_acres": 0.0, "total_lifts": 0, "longest_lift_mi": 0.0, "downhill_trails": 0, "longest_trail_mi": 0.0, "avg_trail_mi": 0.0, "trails_novice": 0, "trails_easy": 0, "trails_intermediate": 0, "trails_advanced": 0, "trails_expert": 0, "trails_freeride": 0, "trails_extreme": 0, "gladed_terrain": "No", "snow_park": "No", "sledding_tubing": "No", "lift_types": null, "resort_type": "not a downhill ski resort", "region": "asia/south-korea" }, "geometry": { "type": "Point", "coordinates": [ 127.42716, 36.976129 ] } },
{ "type": "Feature", "properties": { "winter_sports_id": 1036250233, "winter_sports_type": "way", "name": "모글코스", "country": "South Korea", "state": "Gangwon", "total_area_ha": 0.5, "total_area_acres": 1.0, "skiable_terrain_ha": 46.62, "skiable_terrain_acres": 115.0, "total_lifts": 9, "longest_lift_mi": 0.78, "downhill_trails": 19, "longest_trail_mi": 0.0, "avg_trail_mi": 0.0, "trails_novice": 0, "trails_easy": 0, "trails_intermediate": 0, "trails_advanced": 0, "trails_expert": 0, "trails_freeride": 0, "trails_extreme": 0, "gladed_terrain": "No", "snow_park": "No", "sledding_tubing": "No", "lift_types": "chair lift: 7, gondola: 1, magic carpet: 1", "resort_type": "downhill ski resort", "region": "asia/south-korea" }, "geometry": { "type": "Point", "coordinates": [ 128.248308, 37.488829 ] } },
{ "type": "Feature", "properties": { "winter_sports_id": 1036250243, "winter_sports_type": "way", "name": "펀파크 A2", "country": "South Korea", "state": "Gangwon", "total_area_ha": 1.58, "total_area_acres": 4.0, "skiable_terrain_ha": 46.62, "skiable_terrain_acres": 115.0, "total_lifts": 9, "longest_lift_mi": 0.78, "downhill_trails": 19, "longest_trail_mi": 0.0, "avg_trail_mi": 0.0, "trails_novice": 0, "trails_easy": 0, "trails_intermediate": 0, "trails_advanced": 0, "trails_expert": 0, "trails_freeride": 0, "trails_extreme": 0, "gladed_terrain": "No", "snow_park": "No", "sledding_tubing": "No", "lift_types": "chair lift: 7, gondola: 1, magic carpet: 1", "resort_type": "downhill ski resort", "region": "asia/south-korea" }, "geometry": { "type": "Point", "coordinates": [ 128.252618, 37.48824 ] } },
{ "type": "Feature", "properties": { "winter_sports_id": 1036272166, "winter_sports_type": "way", "name": "눈썰매장", "country": "South Korea", "state": "Gangwon", "total_area_ha": 0.19, "total_area_acres": 0.0, "skiable_terrain_ha": 46.62, "skiable_terrain_acres": 115.0, "total_lifts": 9, "longest_lift_mi": 0.78, "downhill_trails": 19, "longest_trail_mi": 0.0, "avg_trail_mi": 0.0, "trails_novice": 0, "trails_easy": 0, "trails_intermediate": 0, "trails_advanced": 0, "trails_expert": 0, "trails_freeride": 0, "trails_extreme": 0, "gladed_terrain": "No", "snow_park": "No", "sledding_tubing": "No", "lift_types": "chair lift: 7, gondola: 1, magic carpet: 1", "resort_type": "downhill ski resort", "region": "asia/south-korea" }, "geometry": { "type": "Point", "coordinates": [ 128.250726, 37.489874 ] } },
{ "type": "Feature", "properties": { "winter_sports_id": 1266096853, "winter_sports_type": "way", "name": "비발디파크", "country": "South Korea", "state": "Gangwon", "total_area_ha": 92.51, "total_area_acres": 229.0, "skiable_terrain_ha": 46.06, "skiable_terrain_acres": 114.0, "total_lifts": 9, "longest_lift_mi": 0.69, "downhill_trails": 14, "longest_trail_mi": 0.05, "avg_trail_mi": 0.04, "trails_novice": 1, "trails_easy": 3, "trails_intermediate": 4, "trails_advanced": 2, "trails_expert": 1, "trails_freeride": 0, "trails_extreme": 0, "gladed_terrain": "No", "snow_park": "No", "sledding_tubing": "No", "lift_types": "chair lift: 7, gondola: 2", "resort_type": "downhill ski resort", "region": "asia/south-korea" }, "geometry": { "type": "Point", "coordinates": [ 127.687303, 37.641895 ] } },
{ "type": "Feature", "properties": { "winter_sports_id": 1389260953, "winter_sports_type": "way", "name": "알펜시아 리조트", "country": "South Korea", "state": "Gangwon", "total_area_ha": 93.82, "total_area_acres": 232.0, "skiable_terrain_ha": 46.62, "skiable_terrain_acres": 115.0, "total_lifts": 9, "longest_lift_mi": 0.78, "downhill_trails": 19, "longest_trail_mi": 0.0, "avg_trail_mi": 0.0, "trails_novice": 0, "trails_easy": 0, "trails_intermediate": 0, "trails_advanced": 0, "trails_expert": 0, "trails_freeride": 0, "trails_extreme": 0, "gladed_terrain": "No", "snow_park": "No", "sledding_tubing": "No", "lift_types": "chair lift: 7, gondola: 1, magic carpet: 1", "resort_type": "downhill ski resort", "region": "asia/south-korea" }, "geometry": { "type": "Point", "coordinates": [ 128.246797, 37.485259 ] } },
{ "type": "Feature", "properties": { "winter_sports_id": 1469668996, "winter_sports_type": "way", "name": "엘리시안 강촌", "country": "South Korea", "state": "Gangwon", "total_area_ha": 65.83, "total_area_acres": 163.0, "skiable_terrain_ha": 10.12, "skiable_terrain_acres": 25.0, "total_lifts": 6, "longest_lift_mi": 0.49, "downhill_trails": 10, "longest_trail_mi": 0.19, "avg_trail_mi": 0.19, "trails_novice": 0, "trails_easy": 2, "trails_intermediate": 6, "trails_advanced": 0, "trails_expert": 2, "trails_freeride": 0, "trails_extreme": 0, "gladed_terrain": "No", "snow_park": "No", "sledding_tubing": "No", "lift_types": "chair lift: 6", "resort_type": "downhill ski resort", "region": "asia/south-korea" }, "geometry": { "type": "Point", "coordinates": [ 127.587822, 37.817467 ] } },
{ "type": "Feature", "properties": { "winter_sports_id": 782511316, "winter_sports_type": "way", "name": "Сафед Дара", "country": "Tajikistan", "state": "Tadzhikistan Territories", "total_area_ha": 131.12, "total_area_acres": 324.0, "skiable_terrain_ha": 0.0, "skiable_terrain_acres": 0.0, "total_lifts": 2, "longest_lift_mi": 1.17, "downhill_trails": 0, "longest_trail_mi": 0.0, "avg_trail_mi": 0.0, "trails_novice": 0, "trails_easy": 0, "trails_intermediate": 0, "trails_advanced": 0, "trails_expert": 0, "trails_freeride": 0, "trails_extreme": 0, "gladed_terrain": "No", "snow_park": "No", "sledding_tubing": "No", "lift_types": "gondola: 2", "resort_type": "downhill ski resort", "region": "asia/tajikistan" }, "geometry": { "type": "Point", "coordinates": [ 69.003458, 38.854158 ] } },
{ "type": "Feature", "properties": { "winter_sports_id": 714377336, "winter_sports_type": "way", "name": "\"Амирсай\" Горнолыжный курорт", "country": "Uzbekistan", "state": "Tashkent", "total_area_ha": 942.28, "total_area_acres": 2328.0, "skiable_terrain_ha": 151.79, "skiable_terrain_acres": 375.0, "total_lifts": 3, "longest_lift_mi": 1.38, "downhill_trails": 29, "longest_trail_mi": 0.0, "avg_trail_mi": 0.0, "trails_novice": 4, "trails_easy": 7, "trails_intermediate": 12, "trails_advanced": 0, "trails_expert": 0, "trails_freeride": 6, "trails_extreme": 0, "gladed_terrain": "No", "snow_park": "No", "sledding_tubing": "No", "lift_types": "chair lift: 1, gondola: 1, magic carpet: 1", "resort_type": "downhill ski resort", "region": "asia/uzbekistan" }, "geometry": { "type": "Point", "coordinates": [ 69.947227, 41.475738 ] } },
{ "type": "Feature", "properties": { "winter_sports_id": 1061493722, "winter_sports_type": "way", "name": "Beldersay", "country": "Uzbekistan", "state": "Tashkent", "total_area_ha": 35.34, "total_area_acres": 87.0, "skiable_terrain_ha": 76.47, "skiable_terrain_acres": 189.0, "total_lifts": 1, "longest_lift_mi": 0.34, "downhill_trails": 6, "longest_trail_mi": 0.0, "avg_trail_mi": 0.0, "trails_novice": 0, "trails_easy": 0, "trails_intermediate": 3, "trails_advanced": 0, "trails_expert": 0, "trails_freeride": 2, "trails_extreme": 0, "gladed_terrain": "No", "snow_park": "No", "sledding_tubing": "No", "lift_types": "drag lift: 1", "resort_type": "downhill ski resort", "region": "asia/uzbekistan" }, "geometry": { "type": "Point", "coordinates": [ 69.976743, 41.479125 ] } },
{ "type": "Feature", "properties": { "winter_sports_id": 178133225, "winter_sports_type": "way", "name": "Perisher", "country": "Australia", "state": "New South Wales", "total_area_ha": 1341.19, "total_area_acres": 3314.0, "skiable_terrain_ha": 266.96, "skiable_terrain_acres": 660.0, "total_lifts": 33, "longest_lift_mi": 0.98, "downhill_trails": 159, "longest_trail_mi": 0.03, "avg_trail_mi": 0.01, "trails_novice": 0, "trails_easy": 88, "trails_intermediate": 57, "trails_advanced": 11, "trails_expert": 3, "trails_freeride": 0, "trails_extreme": 0, "gladed_terrain": "No", "snow_park": "No", "sledding_tubing": "No", "lift_types": "chair lift: 11, j-bar: 1, magic carpet: 5, rope tow: 1, t-bar: 15", "resort_type": "downhill ski resort", "region": "australia-oceania" }, "geometry": { "type": "Point", "coordinates": [ 148.401038, -36.396117 ] } },
{ "type": "Feature", "properties": { "winter_sports_id": 274760683, "winter_sports_type": "way", "name": "Porters Ski Area", "country": "New Zealand", "state": "Canterbury", "total_area_ha": 219.83, "total_area_acres": 543.0, "skiable_terrain_ha": 47.67, "skiable_terrain_acres": 118.0, "total_lifts": 6, "longest_lift_mi": 0.4, "downhill_trails": 25, "longest_trail_mi": 0.0, "avg_trail_mi": 0.0, "trails_novice": 1, "trails_easy": 0, "trails_intermediate": 9, "trails_advanced": 13, "trails_expert": 2, "trails_freeride": 0, "trails_extreme": 0, "gladed_terrain": "No", "snow_park": "No", "sledding_tubing": "No", "lift_types": "chair lift: 1, drag lift: 1, magic carpet: 1, t-bar: 3", "resort_type": "downhill ski resort", "region": "australia-oceania" }, "geometry": { "type": "Point", "coordinates": [ 171.634246, -43.271463 ] } },
{ "type": "Feature", "properties": { "winter_sports_id": 274760684, "winter_sports_type": "way", "name": "Mount Cheeseman Ski Area", "country": "New Zealand", "state": "Canterbury", "total_area_ha": 46.89, "total_area_acres": 116.0, "skiable_terrain_ha": 17.64, "skiable_terrain_acres": 44.0, "total_lifts": 3, "longest_lift_mi": 0.43, "downhill_trails": 34, "longest_trail_mi": 0.0, "avg_trail_mi": 0.0, "trails_novice": 1, "trails_easy": 4, "trails_intermediate": 15, "trails_advanced": 14, "trails_expert": 0, "trails_freeride": 0, "trails_extreme": 0, "gladed_terrain": "No", "snow_park": "No", "sledding_tubing": "No", "lift_types": "drag lift: 1, t-bar: 2", "resort_type": "downhill ski resort", "region": "australia-oceania" }, "geometry": { "type": "Point", "coordinates": [ 171.664106, -43.155309 ] } },
{ "type": "Feature", "properties": { "winter_sports_id": 274760685, "winter_sports_type": "way", "name": "Broken River Ski Area", "country": "New Zealand", "state": "Canterbury", "total_area_ha": 88.59, "total_area_acres": 219.0, "skiable_terrain_ha": 87.89, "skiable_terrain_acres": 217.0, "total_lifts": 9, "longest_lift_mi": 0.32, "downhill_trails": 53, "longest_trail_mi": 0.0, "avg_trail_mi": 0.0, "trails_novice": 2, "trails_easy": 1, "trails_intermediate": 17, "trails_advanced": 19, "trails_expert": 14, "trails_freeride": 0, "trails_extreme": 0, "gladed_terrain": "No", "snow_park": "No", "sledding_tubing": "No", "lift_types": "drag lift: 9", "resort_type": "downhill ski resort", "region": "australia-oceania" }, "geometry": { "type": "Point", "coordinates": [ 171.682074, -43.121757 ] } },
{ "type": "Feature", "properties": { "winter_sports_id": 274760686, "winter_sports_type": "way", "name": "Craigieburn Valley Ski Area", "country": "New Zealand", "state": "Canterbury", "total_area_ha": 144.39, "total_area_acres": 357.0, "skiable_terrain_ha": 92.29, "skiable_terrain_acres": 228.0, "total_lifts": 7, "longest_lift_mi": 0.3, "downhill_trails": 62, "longest_trail_mi": 0.0, "avg_trail_mi": 0.0, "trails_novice": 2, "trails_easy": 1, "trails_intermediate": 17, "trails_advanced": 22, "trails_expert": 20, "trails_freeride": 0, "trails_extreme": 0, "gladed_terrain": "No", "snow_park": "No", "sledding_tubing": "No", "lift_types": "drag lift: 7", "resort_type": "downhill ski resort", "region": "australia-oceania" }, "geometry": { "type": "Point", "coordinates": [ 171.698418, -43.11118 ] } },
{ "type": "Feature", "properties": { "winter_sports_id": 409217663, "winter_sports_type": "way", "name": "Hanmer Springs Ski Area", "country": "New Zealand", "state": "Canterbury", "total_area_ha": 60.29, "total_area_acres": 149.0, "skiable_terrain_ha": 0.0, "skiable_terrain_acres": 0.0, "total_lifts": 3, "longest_lift_mi": 0.48, "downhill_trails": 0, "longest_trail_mi": 0.0, "avg_trail_mi": 0.0, "trails_novice": 0, "trails_easy": 0, "trails_intermediate": 0, "trails_advanced": 0, "trails_expert": 0, "trails_freeride": 0, "trails_extreme": 0, "gladed_terrain": "No", "snow_park": "No", "sledding_tubing": "No", "lift_types": "platter: 1, rope tow: 2", "resort_type": "downhill ski resort", "region": "australia-oceania" }, "geometry": { "type": "Point", "coordinates": [ 172.731595, -42.441892 ] } },
{ "type": "Feature", "properties": { "winter_sports_id": 409218690, "winter_sports_type": "way", "name": "Mount Lyford Alpine Resort", "country": "New Zealand", "state": "Canterbury", "total_area_ha": 128.52, "total_area_acres": 318.0, "skiable_terrain_ha": 21.57, "skiable_terrain_acres": 53.0, "total_lifts": 6, "longest_lift_mi": 0.4, "downhill_trails": 19, "longest_trail_mi": 0.2, "avg_trail_mi": 0.14, "trails_novice": 0, "trails_easy": 3, "trails_intermediate": 12, "trails_advanced": 4, "trails_expert": 0, "trails_freeride": 0, "trails_extreme": 0, "gladed_terrain": "No", "snow_park": "No", "sledding_tubing": "No", "lift_types": "drag lift: 4, rope tow: 1, t-bar: 1", "resort_type": "downhill ski resort", "region": "australia-oceania" }, "geometry": { "type": "Point", "coordinates": [ 173.148405, -42.442915 ] } },
{ "type": "Feature", "properties": { "winter_sports_id": 482928467, "winter_sports_type": "way", "name": "Cardrona Alpine Resort", "country": "New Zealand", "state": "Otago", "total_area_ha": 433.03, "total_area_acres": 1070.0, "skiable_terrain_ha": 179.09, "skiable_terrain_acres": 443.0, "total_lifts": 10, "longest_lift_mi": 0.82, "downhill_trails": 76, "longest_trail_mi": 0.0, "avg_trail_mi": 0.0, "trails_novice": 0, "trails_easy": 14, "trails_intermediate": 39, "trails_advanced": 13, "trails_expert": 1, "trails_freeride": 7, "trails_extreme": 1, "gladed_terrain": "No", "snow_park": "No", "sledding_tubing": "No", "lift_types": "chair lift: 6, magic carpet: 2, platter: 1, t-bar: 1", "resort_type": "downhill ski resort", "region": "australia-oceania" }, "geometry": { "type": "Point", "coordinates": [ 168.945702, -44.86575 ] } },
{ "type": "Feature", "properties": { "winter_sports_id": 482928468, "winter_sports_type": "way", "name": "The Remarkables Ski Area", "country": "New Zealand", "state": "Otago", "total_area_ha": 312.0, "total_area_acres": 771.0, "skiable_terrain_ha": 71.74, "skiable_terrain_acres": 177.0, "total_lifts": 7, "longest_lift_mi": 0.77, "downhill_trails": 25, "longest_trail_mi": 0.16, "avg_trail_mi": 0.16, "trails_novice": 0, "trails_easy": 1, "trails_intermediate": 7, "trails_advanced": 3, "trails_expert": 0, "trails_freeride": 0, "trails_extreme": 0, "gladed_terrain": "No", "snow_park": "No", "sledding_tubing": "No", "lift_types": "chair lift: 4, magic carpet: 3", "resort_type": "downhill ski resort", "region": "australia-oceania" }, "geometry": { "type": "Point", "coordinates": [ 168.815104, -45.054652 ] } },
{ "type": "Feature", "properties": { "winter_sports_id": 482928475, "winter_sports_type": "way", "name": "Coronet Peak Ski Area", "country": "New Zealand", "state": "Otago", "total_area_ha": 204.89, "total_area_acres": 506.0, "skiable_terrain_ha": 91.45, "skiable_terrain_acres": 226.0, "total_lifts": 8, "longest_lift_mi": 0.79, "downhill_trails": 47, "longest_trail_mi": 0.2, "avg_trail_mi": 0.15, "trails_novice": 5, "trails_easy": 17, "trails_intermediate": 10, "trails_advanced": 14, "trails_expert": 0, "trails_freeride": 1, "trails_extreme": 0, "gladed_terrain": "No", "snow_park": "No", "sledding_tubing": "No", "lift_types": "chair lift: 3, magic carpet: 4, t-bar: 1", "resort_type": "downhill ski resort", "region": "australia-oceania" }, "geometry": { "type": "Point", "coordinates": [ 168.737854, -44.922581 ] } },
{ "type": "Feature", "properties": { "winter_sports_id": 499034347, "winter_sports_type": "way", "name": "Thredbo Resort", "country": "Australia", "state": "New South Wales", "total_area_ha": 564.18, "total_area_acres": 1394.0, "skiable_terrain_ha": 393.32, "skiable_terrain_acres": 972.0, "total_lifts": 17, "longest_lift_mi": 1.1, "downhill_trails": 117, "longest_trail_mi": 0.12, "avg_trail_mi": 0.03, "trails_novice": 0, "trails_easy": 27, "trails_intermediate": 50, "trails_advanced": 37, "trails_expert": 0, "trails_freeride": 0, "trails_extreme": 0, "gladed_terrain": "No", "snow_park": "No", "sledding_tubing": "No", "lift_types": "chair lift: 6, drag lift: 1, gondola: 1, magic carpet: 4, t-bar: 5", "resort_type": "downhill ski resort", "region": "australia-oceania" }, "geometry": { "type": "Point", "coordinates": [ 148.295149, -36.493357 ] } },
{ "type": "Feature", "properties": { "winter_sports_id": 499036978, "winter_sports_type": "way", "name": "Tūroa Ski Area", "country": "New Zealand", "state": "Manawatu-Wanganui", "total_area_ha": 249.32, "total_area_acres": 616.0, "skiable_terrain_ha": 43.15, "skiable_terrain_acres": 107.0, "total_lifts": 8, "longest_lift_mi": 0.82, "downhill_trails": 20, "longest_trail_mi": 0.15, "avg_trail_mi": 0.11, "trails_novice": 2, "trails_easy": 13, "trails_intermediate": 0, "trails_advanced": 1, "trails_expert": 0, "trails_freeride": 0, "trails_extreme": 0, "gladed_terrain": "No", "snow_park": "No", "sledding_tubing": "No", "lift_types": "chair lift: 5, magic carpet: 1, platter: 2", "resort_type": "downhill ski resort", "region": "australia-oceania" }, "geometry": { "type": "Point", "coordinates": [ 175.540143, -39.300244 ] } },
{ "type": "Feature", "properties": { "winter_sports_id": 506960983, "winter_sports_type": "way", "name": "Roundhill Ski Field", "country": "New Zealand", "state": "Canterbury", "total_area_ha": 236.33, "total_area_acres": 584.0, "skiable_terrain_ha": 70.32, "skiable_terrain_acres": 174.0, "total_lifts": 4, "longest_lift_mi": 0.83, "downhill_trails": 13, "longest_trail_mi": 0.4, "avg_trail_mi": 0.33, "trails_novice": 1, "trails_easy": 1, "trails_intermediate": 6, "trails_advanced": 5, "trails_expert": 0, "trails_freeride": 0, "trails_extreme": 0, "gladed_terrain": "No", "snow_park": "No", "sledding_tubing": "No", "lift_types": "platter: 1, rope tow: 1, t-bar: 2", "resort_type": "downhill ski resort", "region": "australia-oceania" }, "geometry": { "type": "Point", "coordinates": [ 170.66541, -43.824008 ] } },
{ "type": "Feature", "properties": { "winter_sports_id": 616029504, "winter_sports_type": "way", "name": "Whakapapa Ski Area", "country": "New Zealand", "state": "Manawatu-Wanganui", "total_area_ha": 332.57, "total_area_acres": 822.0, "skiable_terrain_ha": 70.64, "skiable_terrain_acres": 175.0, "total_lifts": 13, "longest_lift_mi": 1.09, "downhill_trails": 34, "longest_trail_mi": 0.0, "avg_trail_mi": 0.0, "trails_novice": 0, "trails_easy": 27, "trails_intermediate": 4, "trails_advanced": 3, "trails_expert": 0, "trails_freeride": 0, "trails_extreme": 0, "gladed_terrain": "No", "snow_park": "No", "sledding_tubing": "No", "lift_types": "chair lift: 4, gondola: 1, magic carpet: 4, t-bar: 4", "resort_type": "downhill ski resort", "region": "australia-oceania" }, "geometry": { "type": "Point", "coordinates": [ 175.560073, -39.248406 ] } },
{ "type": "Feature", "properties": { "winter_sports_id": 627625381, "winter_sports_type": "way", "name": "Mount Hutt Ski Area", "country": "New Zealand", "state": "Canterbury", "total_area_ha": 230.97, "total_area_acres": 571.0, "skiable_terrain_ha": 143.7, "skiable_terrain_acres": 355.0, "total_lifts": 5, "longest_lift_mi": 0.8, "downhill_trails": 37, "longest_trail_mi": 0.24, "avg_trail_mi": 0.07, "trails_novice": 1, "trails_easy": 5, "trails_intermediate": 13, "trails_advanced": 6, "trails_expert": 1, "trails_freeride": 0, "trails_extreme": 0, "gladed_terrain": "No", "snow_park": "No", "sledding_tubing": "No", "lift_types": "chair lift: 3, magic carpet: 2", "resort_type": "downhill ski resort", "region": "australia-oceania" }, "geometry": { "type": "Point", "coordinates": [ 171.536378, -43.49187 ] } },
{ "type": "Feature", "properties": { "winter_sports_id": 771486100, "winter_sports_type": "way", "name": "Manganui Ski Area", "country": "New Zealand", "state": "Taranaki", "total_area_ha": 23.89, "total_area_acres": 59.0, "skiable_terrain_ha": 14.17, "skiable_terrain_acres": 35.0, "total_lifts": 4, "longest_lift_mi": 0.4, "downhill_trails": 23, "longest_trail_mi": 0.01, "avg_trail_mi": 0.01, "trails_novice": 1, "trails_easy": 0, "trails_intermediate": 5, "trails_advanced": 16, "trails_expert": 0, "trails_freeride": 1, "trails_extreme": 0, "gladed_terrain": "No", "snow_park": "No", "sledding_tubing": "No", "lift_types": "rope tow: 3, t-bar: 1", "resort_type": "downhill ski resort", "region": "australia-oceania" }, "geometry": { "type": "Point", "coordinates": [ 174.08412, -39.301604 ] } },
{ "type": "Feature", "properties": { "winter_sports_id": 850016471, "winter_sports_type": "way", "name": "Rainbow Ski Area", "country": "New Zealand", "state": "Tasman District", "total_area_ha": 97.85, "total_area_acres": 242.0, "skiable_terrain_ha": 87.65, "skiable_terrain_acres": 217.0, "total_lifts": 5, "longest_lift_mi": 0.55, "downhill_trails": 11, "longest_trail_mi": 0.07, "avg_trail_mi": 0.06, "trails_novice": 1, "trails_easy": 2, "trails_intermediate": 3, "trails_advanced": 0, "trails_expert": 0, "trails_freeride": 1, "trails_extreme": 0, "gladed_terrain": "No", "snow_park": "No", "sledding_tubing": "No", "lift_types": "platter: 1, rope tow: 3, t-bar: 1", "resort_type": "downhill ski resort", "region": "australia-oceania" }, "geometry": { "type": "Point", "coordinates": [ 172.856403, -41.871875 ] } },
{ "type": "Feature", "properties": { "winter_sports_id": 860268878, "winter_sports_type": "way", "name": "860268878", "country": "Australia", "state": "Victoria", "total_area_ha": 1.3, "total_area_acres": 3.0, "skiable_terrain_ha": 0.52, "skiable_terrain_acres": 1.0, "total_lifts": 1, "longest_lift_mi": 0.11, "downhill_trails": 1, "longest_trail_mi": 0.11, "avg_trail_mi": 0.11, "trails_novice": 1, "trails_easy": 0, "trails_intermediate": 0, "trails_advanced": 0, "trails_expert": 0, "trails_freeride": 0, "trails_extreme": 0, "gladed_terrain": "No", "snow_park": "No", "sledding_tubing": "Yes", "lift_types": "platter: 1", "resort_type": "downhill ski resort", "region": "australia-oceania" }, "geometry": { "type": "Point", "coordinates": [ 147.24425, -37.023773 ] } },
{ "type": "Feature", "properties": { "winter_sports_id": 885300054, "winter_sports_type": "way", "name": "Tukino Skifield", "country": "New Zealand", "state": "Manawatu-Wanganui", "total_area_ha": 166.76, "total_area_acres": 412.0, "skiable_terrain_ha": 0.0, "skiable_terrain_acres": 0.0, "total_lifts": 3, "longest_lift_mi": 0.39, "downhill_trails": 0, "longest_trail_mi": 0.0, "avg_trail_mi": 0.0, "trails_novice": 0, "trails_easy": 0, "trails_intermediate": 0, "trails_advanced": 0, "trails_expert": 0, "trails_freeride": 0, "trails_extreme": 0, "gladed_terrain": "No", "snow_park": "No", "sledding_tubing": "No", "lift_types": "rope tow: 3", "resort_type": "downhill ski resort", "region": "australia-oceania" }, "geometry": { "type": "Point", "coordinates": [ 175.598849, -39.278917 ] } },
{ "type": "Feature", "properties": { "winter_sports_id": 976135206, "winter_sports_type": "way", "name": "Mount Olympus Ski Area", "country": "New Zealand", "state": "Canterbury", "total_area_ha": 91.08, "total_area_acres": 225.0, "skiable_terrain_ha": 6.36, "skiable_terrain_acres": 16.0, "total_lifts": 5, "longest_lift_mi": 0.33, "downhill_trails": 3, "longest_trail_mi": 0.04, "avg_trail_mi": 0.04, "trails_novice": 0, "trails_easy": 0, "trails_intermediate": 3, "trails_advanced": 0, "trails_expert": 0, "trails_freeride": 0, "trails_extreme": 0, "gladed_terrain": "No", "snow_park": "No", "sledding_tubing": "No", "lift_types": "drag lift: 5", "resort_type": "downhill ski resort", "region": "australia-oceania" }, "geometry": { "type": "Point", "coordinates": [ 171.604959, -43.193652 ] } },
{ "type": "Feature", "properties": { "winter_sports_id": 987040066, "winter_sports_type": "way", "name": "Temple Basin Ski Area", "country": "New Zealand", "state": "West Coast", "total_area_ha": 157.95, "total_area_acres": 390.0, "skiable_terrain_ha": 80.66, "skiable_terrain_acres": 199.0, "total_lifts": 3, "longest_lift_mi": 0.32, "downhill_trails": 11, "longest_trail_mi": 0.0, "avg_trail_mi": 0.0, "trails_novice": 0, "trails_easy": 2, "trails_intermediate": 8, "trails_advanced": 1, "trails_expert": 0, "trails_freeride": 0, "trails_extreme": 0, "gladed_terrain": "No", "snow_park": "No", "sledding_tubing": "No", "lift_types": "drag lift: 3", "resort_type": "downhill ski resort", "region": "australia-oceania" }, "geometry": { "type": "Point", "coordinates": [ 171.582245, -42.909697 ] } },
{ "type": "Feature", "properties": { "winter_sports_id": 991056806, "winter_sports_type": "way", "name": "Ōhau Snow Fields", "country": "New Zealand", "state": "Canterbury", "total_area_ha": 94.03, "total_area_acres": 232.0, "skiable_terrain_ha": 0.0, "skiable_terrain_acres": 0.0, "total_lifts": 3, "longest_lift_mi": 0.53, "downhill_trails": 0, "longest_trail_mi": 0.0, "avg_trail_mi": 0.0, "trails_novice": 0, "trails_easy": 0, "trails_intermediate": 0, "trails_advanced": 0, "trails_expert": 0, "trails_freeride": 0, "trails_extreme": 0, "gladed_terrain": "No", "snow_park": "No", "sledding_tubing": "No", "lift_types": "chair lift: 1, magic carpet: 1, platter: 1", "resort_type": "downhill ski resort", "region": "australia-oceania" }, "geometry": { "type": "Point", "coordinates": [ 169.774143, -44.220161 ] } },
{ "type": "Feature", "properties": { "winter_sports_id": 1020172394, "winter_sports_type": "way", "name": "Mount Dobson Ski Field", "country": "New Zealand", "state": "Canterbury", "total_area_ha": 184.29, "total_area_acres": 455.0, "skiable_terrain_ha": 33.41, "skiable_terrain_acres": 83.0, "total_lifts": 4, "longest_lift_mi": 0.63, "downhill_trails": 11, "longest_trail_mi": 0.11, "avg_trail_mi": 0.11, "trails_novice": 1, "trails_easy": 2, "trails_intermediate": 7, "trails_advanced": 1, "trails_expert": 0, "trails_freeride": 0, "trails_extreme": 0, "gladed_terrain": "No", "snow_park": "No", "sledding_tubing": "No", "lift_types": "chair lift: 1, platter: 1, rope tow: 1, t-bar: 1", "resort_type": "downhill ski resort", "region": "australia-oceania" }, "geometry": { "type": "Point", "coordinates": [ 170.665309, -43.938818 ] } },
{ "type": "Feature", "properties": { "winter_sports_id": 1021087442, "winter_sports_type": "way", "name": "Awakino Ski Area", "country": "New Zealand", "state": "Canterbury", "total_area_ha": 203.65, "total_area_acres": 503.0, "skiable_terrain_ha": 0.0, "skiable_terrain_acres": 0.0, "total_lifts": 3, "longest_lift_mi": 0.38, "downhill_trails": 0, "longest_trail_mi": 0.0, "avg_trail_mi": 0.0, "trails_novice": 0, "trails_easy": 0, "trails_intermediate": 0, "trails_advanced": 0, "trails_expert": 0, "trails_freeride": 0, "trails_extreme": 0, "gladed_terrain": "No", "snow_park": "No", "sledding_tubing": "No", "lift_types": "rope tow: 3", "resort_type": "downhill ski resort", "region": "australia-oceania" }, "geometry": { "type": "Point", "coordinates": [ 170.315385, -44.780324 ] } },
{ "type": "Feature", "properties": { "winter_sports_id": 1210011762, "winter_sports_type": "way", "name": "Falls Creek", "country": "Australia", "state": "Victoria", "total_area_ha": 471.06, "total_area_acres": 1164.0, "skiable_terrain_ha": 197.8, "skiable_terrain_acres": 489.0, "total_lifts": 14, "longest_lift_mi": 0.73, "downhill_trails": 78, "longest_trail_mi": 0.06, "avg_trail_mi": 0.06, "trails_novice": 1, "trails_easy": 9, "trails_intermediate": 35, "trails_advanced": 28, "trails_expert": 0, "trails_freeride": 1, "trails_extreme": 0, "gladed_terrain": "No", "snow_park": "No", "sledding_tubing": "No", "lift_types": "chair lift: 8, magic carpet: 3, platter: 3", "resort_type": "downhill ski resort", "region": "australia-oceania" }, "geometry": { "type": "Point", "coordinates": [ 147.275143, -36.868416 ] } },
{ "type": "Feature", "properties": { "winter_sports_id": 1225428207, "winter_sports_type": "way", "name": "Mount Hotham", "country": "Australia", "state": "Victoria", "total_area_ha": 672.37, "total_area_acres": 1661.0, "skiable_terrain_ha": 414.53, "skiable_terrain_acres": 1024.0, "total_lifts": 14, "longest_lift_mi": 0.51, "downhill_trails": 163, "longest_trail_mi": 0.05, "avg_trail_mi": 0.02, "trails_novice": 3, "trails_easy": 5, "trails_intermediate": 75, "trails_advanced": 59, "trails_expert": 20, "trails_freeride": 1, "trails_extreme": 0, "gladed_terrain": "No", "snow_park": "No", "sledding_tubing": "No", "lift_types": "chair lift: 9, magic carpet: 4, t-bar: 1", "resort_type": "downhill ski resort", "region": "australia-oceania" }, "geometry": { "type": "Point", "coordinates": [ 147.147033, -36.977878 ] } },
{ "type": "Feature", "properties": { "winter_sports_id": 1225432526, "winter_sports_type": "way", "name": "Mount Buller", "country": "Australia", "state": "Victoria", "total_area_ha": 627.23, "total_area_acres": 1550.0, "skiable_terrain_ha": 202.87, "skiable_terrain_acres": 501.0, "total_lifts": 21, "longest_lift_mi": 0.78, "downhill_trails": 105, "longest_trail_mi": 0.0, "avg_trail_mi": 0.0, "trails_novice": 2, "trails_easy": 6, "trails_intermediate": 45, "trails_advanced": 47, "trails_expert": 4, "trails_freeride": 0, "trails_extreme": 0, "gladed_terrain": "No", "snow_park": "No", "sledding_tubing": "Yes", "lift_types": "chair lift: 12, magic carpet: 3, mixed lift: 1, platter: 1, rope tow: 1, t-bar: 3", "resort_type": "downhill ski resort", "region": "australia-oceania" }, "geometry": { "type": "Point", "coordinates": [ 146.439377, -37.148474 ] } },
{ "type": "Feature", "properties": { "winter_sports_id": 1304015654, "winter_sports_type": "way", "name": "Fox Peak Ski Area", "country": "New Zealand", "state": "Canterbury", "total_area_ha": 94.07, "total_area_acres": 232.0, "skiable_terrain_ha": 93.17, "skiable_terrain_acres": 230.0, "total_lifts": 5, "longest_lift_mi": 0.39, "downhill_trails": 16, "longest_trail_mi": 0.25, "avg_trail_mi": 0.14, "trails_novice": 1, "trails_easy": 2, "trails_intermediate": 6, "trails_advanced": 6, "trails_expert": 1, "trails_freeride": 0, "trails_extreme": 0, "gladed_terrain": "No", "snow_park": "No", "sledding_tubing": "No", "lift_types": "drag lift: 4, rope tow: 1", "resort_type": "downhill ski resort", "region": "australia-oceania" }, "geometry": { "type": "Point", "coordinates": [ 170.808132, -43.851942 ] } },
{ "type": "Feature", "properties": { "winter_sports_id": 1359215114, "winter_sports_type": "way", "name": "Mount Baw Baw", "country": "Australia", "state": "Victoria", "total_area_ha": 187.12, "total_area_acres": 462.0, "skiable_terrain_ha": 10.26, "skiable_terrain_acres": 25.0, "total_lifts": 7, "longest_lift_mi": 0.41, "downhill_trails": 23, "longest_trail_mi": 0.0, "avg_trail_mi": 0.0, "trails_novice": 0, "trails_easy": 4, "trails_intermediate": 11, "trails_advanced": 3, "trails_expert": 0, "trails_freeride": 0, "trails_extreme": 0, "gladed_terrain": "No", "snow_park": "No", "sledding_tubing": "No", "lift_types": "magic carpet: 2, platter: 2, t-bar: 3", "resort_type": "downhill ski resort", "region": "australia-oceania" }, "geometry": { "type": "Point", "coordinates": [ 146.269439, -37.838347 ] } },
{ "type": "Feature", "properties": { "winter_sports_id": 1359238008, "winter_sports_type": "way", "name": "Selwyn Snow Resort", "country": "Australia", "state": "New South Wales", "total_area_ha": 51.34, "total_area_acres": 127.0, "skiable_terrain_ha": 22.58, "skiable_terrain_acres": 56.0, "total_lifts": 8, "longest_lift_mi": 0.3, "downhill_trails": 30, "longest_trail_mi": 0.05, "avg_trail_mi": 0.05, "trails_novice": 0, "trails_easy": 7, "trails_intermediate": 18, "trails_advanced": 2, "trails_expert": 0, "trails_freeride": 0, "trails_extreme": 0, "gladed_terrain": "No", "snow_park": "No", "sledding_tubing": "No", "lift_types": "chair lift: 2, platter: 3, rope tow: 1, t-bar: 2", "resort_type": "downhill ski resort", "region": "australia-oceania" }, "geometry": { "type": "Point", "coordinates": [ 148.452096, -35.908929 ] } },
{ "type": "Feature", "properties": { "winter_sports_id": 1360038350, "winter_sports_type": "way", "name": "Charlotte Pass", "country": "Australia", "state": "New South Wales", "total_area_ha": 96.6, "total_area_acres": 239.0, "skiable_terrain_ha": 53.91, "skiable_terrain_acres": 133.0, "total_lifts": 6, "longest_lift_mi": 1.31, "downhill_trails": 24, "longest_trail_mi": 0.14, "avg_trail_mi": 0.14, "trails_novice": 0, "trails_easy": 9, "trails_intermediate": 7, "trails_advanced": 8, "trails_expert": 0, "trails_freeride": 0, "trails_extreme": 0, "gladed_terrain": "No", "snow_park": "No", "sledding_tubing": "No", "lift_types": "chair lift: 2, magic carpet: 1, platter: 2, t-bar: 1", "resort_type": "downhill ski resort", "region": "australia-oceania" }, "geometry": { "type": "Point", "coordinates": [ 148.330637, -36.433131 ] } },
{ "type": "Feature", "properties": { "winter_sports_id": 1388316877, "winter_sports_type": "way", "name": "Ben Lomond", "country": "Australia", "state": "Tasmania", "total_area_ha": 32.39, "total_area_acres": 80.0, "skiable_terrain_ha": 0.0, "skiable_terrain_acres": 0.0, "total_lifts": 6, "longest_lift_mi": 0.23, "downhill_trails": 0, "longest_trail_mi": 0.0, "avg_trail_mi": 0.0, "trails_novice": 0, "trails_easy": 0, "trails_intermediate": 0, "trails_advanced": 0, "trails_expert": 0, "trails_freeride": 0, "trails_extreme": 0, "gladed_terrain": "No", "snow_park": "No", "sledding_tubing": "No", "lift_types": "platter: 1, t-bar: 5", "resort_type": "downhill ski resort", "region": "australia-oceania" }, "geometry": { "type": "Point", "coordinates": [ 147.662163, -41.534006 ] } },
{ "type": "Feature", "properties": { "winter_sports_id": 1388318072, "winter_sports_type": "way", "name": "Mount Mawson", "country": "Australia", "state": "Tasmania", "total_area_ha": 35.27, "total_area_acres": 87.0, "skiable_terrain_ha": 4.41, "skiable_terrain_acres": 11.0, "total_lifts": 3, "longest_lift_mi": 0.2, "downhill_trails": 8, "longest_trail_mi": 0.0, "avg_trail_mi": 0.0, "trails_novice": 0, "trails_easy": 0, "trails_intermediate": 7, "trails_advanced": 0, "trails_expert": 1, "trails_freeride": 0, "trails_extreme": 0, "gladed_terrain": "No", "snow_park": "No", "sledding_tubing": "No", "lift_types": "rope tow: 3", "resort_type": "downhill ski resort", "region": "australia-oceania" }, "geometry": { "type": "Point", "coordinates": [ 146.577406, -42.682381 ] } },
{ "type": "Feature", "properties": { "winter_sports_id": 1391785343, "winter_sports_type": "way", "name": "Invincible Snowfields", "country": "New Zealand", "state": "Otago", "total_area_ha": 785.51, "total_area_acres": 1941.0, "skiable_terrain_ha": 0.0, "skiable_terrain_acres": 0.0, "total_lifts": 1, "longest_lift_mi": 0.38, "downhill_trails": 0, "longest_trail_mi": 0.0, "avg_trail_mi": 0.0, "trails_novice": 0, "trails_easy": 0, "trails_intermediate": 0, "trails_advanced": 0, "trails_expert": 0, "trails_freeride": 0, "trails_extreme": 0, "gladed_terrain": "No", "snow_park": "No", "sledding_tubing": "No", "lift_types": "rope tow: 1", "resort_type": "downhill ski resort", "region": "australia-oceania" }, "geometry": { "type": "Point", "coordinates": [ 168.548037, -44.701745 ] } },
{ "type": "Feature", "properties": { "winter_sports_id": 28707473, "winter_sports_type": "way", "name": "Cerro Catedral", "country": "Argentina", "state": "Río Negro", "total_area_ha": 675.98, "total_area_acres": 1670.0, "skiable_terrain_ha": 294.19, "skiable_terrain_acres": 727.0, "total_lifts": 30, "longest_lift_mi": 1.78, "downhill_trails": 106, "longest_trail_mi": 0.32, "avg_trail_mi": 0.08, "trails_novice": 4, "trails_easy": 27, "trails_intermediate": 41, "trails_advanced": 15, "trails_expert": 1, "trails_freeride": 4, "trails_extreme": 0, "gladed_terrain": "No", "snow_park": "No", "sledding_tubing": "Yes", "lift_types": "cable car: 1, chair lift: 18, drag lift: 1, gondola: 1, j-bar: 1, magic carpet: 5, platter: 1, t-bar: 2", "resort_type": "downhill ski resort", "region": "south-america" }, "geometry": { "type": "Point", "coordinates": [ -71.464647, -41.16668 ] } },
{ "type": "Feature", "properties": { "winter_sports_id": 378344849, "winter_sports_type": "way", "name": "La Hoya", "country": "Argentina", "state": "Chubut", "total_area_ha": 219.58, "total_area_acres": 543.0, "skiable_terrain_ha": 63.17, "skiable_terrain_acres": 156.0, "total_lifts": 8, "longest_lift_mi": 0.63, "downhill_trails": 14, "longest_trail_mi": 0.0, "avg_trail_mi": 0.0, "trails_novice": 1, "trails_easy": 6, "trails_intermediate": 5, "trails_advanced": 2, "trails_expert": 0, "trails_freeride": 0, "trails_extreme": 0, "gladed_terrain": "No", "snow_park": "No", "sledding_tubing": "No", "lift_types": "chair lift: 4, j-bar: 2, rope tow: 1, t-bar: 1", "resort_type": "downhill ski resort", "region": "south-america" }, "geometry": { "type": "Point", "coordinates": [ -71.257646, -42.821551 ] } },
{ "type": "Feature", "properties": { "winter_sports_id": 705875705, "winter_sports_type": "way", "name": "Parque de Nieve Primeros Pinos", "country": "Argentina", "state": "Neuquén", "total_area_ha": 11.54, "total_area_acres": 29.0, "skiable_terrain_ha": 0.0, "skiable_terrain_acres": 0.0, "total_lifts": 0, "longest_lift_mi": 0.0, "downhill_trails": 0, "longest_trail_mi": 0.0, "avg_trail_mi": 0.0, "trails_novice": 0, "trails_easy": 0, "trails_intermediate": 0, "trails_advanced": 0, "trails_expert": 0, "trails_freeride": 0, "trails_extreme": 0, "gladed_terrain": "No", "snow_park": "No", "sledding_tubing": "Yes", "lift_types": null, "resort_type": "not a downhill ski resort", "region": "south-america" }, "geometry": { "type": "Point", "coordinates": [ -70.579571, -38.871187 ] } },
{ "type": "Feature", "properties": { "winter_sports_id": 705875874, "winter_sports_type": "way", "name": "Parque de Nieve Batea Mahuida", "country": "Argentina", "state": "Neuquén", "total_area_ha": 69.8, "total_area_acres": 172.0, "skiable_terrain_ha": 29.01, "skiable_terrain_acres": 72.0, "total_lifts": 2, "longest_lift_mi": 0.39, "downhill_trails": 4, "longest_trail_mi": 0.0, "avg_trail_mi": 0.0, "trails_novice": 4, "trails_easy": 0, "trails_intermediate": 0, "trails_advanced": 0, "trails_expert": 0, "trails_freeride": 0, "trails_extreme": 0, "gladed_terrain": "No", "snow_park": "No", "sledding_tubing": "No", "lift_types": "platter: 1, t-bar: 1", "resort_type": "downhill ski resort", "region": "south-america" }, "geometry": { "type": "Point", "coordinates": [ -71.222957, -38.831706 ] } },
{ "type": "Feature", "properties": { "winter_sports_id": 934033486, "winter_sports_type": "way", "name": "Cerro Bayo", "country": "Argentina", "state": "Neuquén", "total_area_ha": 179.8, "total_area_acres": 444.0, "skiable_terrain_ha": 100.5, "skiable_terrain_acres": 248.0, "total_lifts": 13, "longest_lift_mi": 0.82, "downhill_trails": 48, "longest_trail_mi": 0.18, "avg_trail_mi": 0.09, "trails_novice": 8, "trails_easy": 6, "trails_intermediate": 26, "trails_advanced": 2, "trails_expert": 0, "trails_freeride": 5, "trails_extreme": 0, "gladed_terrain": "No", "snow_park": "No", "sledding_tubing": "No", "lift_types": "chair lift: 7, gondola: 2, magic carpet: 4", "resort_type": "downhill ski resort", "region": "south-america" }, "geometry": { "type": "Point", "coordinates": [ -71.60206, -40.749745 ] } },
{ "type": "Feature", "properties": { "winter_sports_id": 934046989, "winter_sports_type": "way", "name": "Cerro Castor", "country": "Argentina", "state": "Tierra del Fuego", "total_area_ha": 472.31, "total_area_acres": 1167.0, "skiable_terrain_ha": 226.14, "skiable_terrain_acres": 559.0, "total_lifts": 11, "longest_lift_mi": 0.94, "downhill_trails": 47, "longest_trail_mi": 0.04, "avg_trail_mi": 0.02, "trails_novice": 6, "trails_easy": 9, "trails_intermediate": 9, "trails_advanced": 7, "trails_expert": 3, "trails_freeride": 0, "trails_extreme": 0, "gladed_terrain": "No", "snow_park": "No", "sledding_tubing": "No", "lift_types": "chair lift: 5, magic carpet: 3, platter: 3", "resort_type": "downhill ski resort", "region": "south-america" }, "geometry": { "type": "Point", "coordinates": [ -67.995312, -54.714966 ] } },
{ "type": "Feature", "properties": { "winter_sports_id": 934096931, "winter_sports_type": "way", "name": "Cerro Perito Moreno", "country": "Argentina", "state": "Río Negro", "total_area_ha": 410.47, "total_area_acres": 1014.0, "skiable_terrain_ha": 211.44, "skiable_terrain_acres": 522.0, "total_lifts": 6, "longest_lift_mi": 0.76, "downhill_trails": 19, "longest_trail_mi": 0.0, "avg_trail_mi": 0.0, "trails_novice": 1, "trails_easy": 4, "trails_intermediate": 12, "trails_advanced": 2, "trails_expert": 0, "trails_freeride": 0, "trails_extreme": 0, "gladed_terrain": "No", "snow_park": "No", "sledding_tubing": "Yes", "lift_types": "chair lift: 2, j-bar: 2, platter: 1, t-bar: 1", "resort_type": "downhill ski resort", "region": "south-america" }, "geometry": { "type": "Point", "coordinates": [ -71.588285, -41.785039 ] } },
{ "type": "Feature", "properties": { "winter_sports_id": 934098320, "winter_sports_type": "way", "name": "Chapelco Ski Resort", "country": "Argentina", "state": "Neuquén", "total_area_ha": 298.64, "total_area_acres": 738.0, "skiable_terrain_ha": 138.59, "skiable_terrain_acres": 342.0, "total_lifts": 15, "longest_lift_mi": 1.1, "downhill_trails": 42, "longest_trail_mi": 0.11, "avg_trail_mi": 0.11, "trails_novice": 2, "trails_easy": 4, "trails_intermediate": 32, "trails_advanced": 4, "trails_expert": 0, "trails_freeride": 0, "trails_extreme": 0, "gladed_terrain": "No", "snow_park": "No", "sledding_tubing": "No", "lift_types": "chair lift: 8, gondola: 1, magic carpet: 2, platter: 1, rope tow: 3", "resort_type": "downhill ski resort", "region": "south-america" }, "geometry": { "type": "Point", "coordinates": [ -71.302669, -40.209578 ] } },
{ "type": "Feature", "properties": { "winter_sports_id": 934099771, "winter_sports_type": "way", "name": "Centro Ski Pucón", "country": "Chile", "state": "La Araucanía", "total_area_ha": 136.71, "total_area_acres": 338.0, "skiable_terrain_ha": 28.87, "skiable_terrain_acres": 71.0, "total_lifts": 7, "longest_lift_mi": 0.87, "downhill_trails": 15, "longest_trail_mi": 0.02, "avg_trail_mi": 0.02, "trails_novice": 2, "trails_easy": 4, "trails_intermediate": 7, "trails_advanced": 2, "trails_expert": 0, "trails_freeride": 0, "trails_extreme": 0, "gladed_terrain": "No", "snow_park": "No", "sledding_tubing": "No", "lift_types": "chair lift: 4, platter: 1, t-bar: 2", "resort_type": "downhill ski resort", "region": "south-america" }, "geometry": { "type": "Point", "coordinates": [ -71.958762, -39.392266 ] } },
{ "type": "Feature", "properties": { "winter_sports_id": 934101794, "winter_sports_type": "way", "name": "Volcán Osorno", "country": "Chile", "state": "Los Lagos", "total_area_ha": 100.05, "total_area_acres": 247.0, "skiable_terrain_ha": 53.05, "skiable_terrain_acres": 131.0, "total_lifts": 2, "longest_lift_mi": 0.69, "downhill_trails": 8, "longest_trail_mi": 0.0, "avg_trail_mi": 0.0, "trails_novice": 2, "trails_easy": 1, "trails_intermediate": 4, "trails_advanced": 1, "trails_expert": 0, "trails_freeride": 0, "trails_extreme": 0, "gladed_terrain": "No", "snow_park": "No", "sledding_tubing": "No", "lift_types": "chair lift: 2", "resort_type": "downhill ski resort", "region": "south-america" }, "geometry": { "type": "Point", "coordinates": [ -72.5232, -41.121653 ] } },
{ "type": "Feature", "properties": { "winter_sports_id": 934102842, "winter_sports_type": "way", "name": "Valdelén", "country": "Argentina", "state": "Santa Cruz", "total_area_ha": 64.99, "total_area_acres": 161.0, "skiable_terrain_ha": 19.67, "skiable_terrain_acres": 49.0, "total_lifts": 4, "longest_lift_mi": 0.53, "downhill_trails": 11, "longest_trail_mi": 0.0, "avg_trail_mi": 0.0, "trails_novice": 1, "trails_easy": 3, "trails_intermediate": 7, "trails_advanced": 0, "trails_expert": 0, "trails_freeride": 0, "trails_extreme": 0, "gladed_terrain": "No", "snow_park": "No", "sledding_tubing": "No", "lift_types": "chair lift: 1, platter: 2, t-bar: 1", "resort_type": "downhill ski resort", "region": "south-america" }, "geometry": { "type": "Point", "coordinates": [ -72.356441, -51.575421 ] } },
{ "type": "Feature", "properties": { "winter_sports_id": 934103782, "winter_sports_type": "way", "name": "Las Leñas", "country": "Argentina", "state": "Mendoza", "total_area_ha": 774.32, "total_area_acres": 1913.0, "skiable_terrain_ha": 48.54, "skiable_terrain_acres": 120.0, "total_lifts": 9, "longest_lift_mi": 1.06, "downhill_trails": 13, "longest_trail_mi": 0.0, "avg_trail_mi": 0.0, "trails_novice": 2, "trails_easy": 6, "trails_intermediate": 5, "trails_advanced": 0, "trails_expert": 0, "trails_freeride": 0, "trails_extreme": 0, "gladed_terrain": "No", "snow_park": "No", "sledding_tubing": "No", "lift_types": "chair lift: 5, drag lift: 3, magic carpet: 1", "resort_type": "downhill ski resort", "region": "south-america" }, "geometry": { "type": "Point", "coordinates": [ -70.103045, -35.13661 ] } },
{ "type": "Feature", "properties": { "winter_sports_id": 934285904, "winter_sports_type": "way", "name": "Portillo", "country": "Chile", "state": "Valparaíso", "total_area_ha": 374.63, "total_area_acres": 926.0, "skiable_terrain_ha": 91.08, "skiable_terrain_acres": 225.0, "total_lifts": 15, "longest_lift_mi": 0.79, "downhill_trails": 28, "longest_trail_mi": 0.0, "avg_trail_mi": 0.0, "trails_novice": 4, "trails_easy": 11, "trails_intermediate": 2, "trails_advanced": 10, "trails_expert": 0, "trails_freeride": 0, "trails_extreme": 0, "gladed_terrain": "No", "snow_park": "No", "sledding_tubing": "No", "lift_types": "chair lift: 5, magic carpet: 1, platter: 5, rope tow: 4", "resort_type": "downhill ski resort", "region": "south-america" }, "geometry": { "type": "Point", "coordinates": [ -70.131802, -32.838404 ] } },
{ "type": "Feature", "properties": { "winter_sports_id": 934287875, "winter_sports_type": "way", "name": "Centro de Ski Chapa Verde", "country": "Chile", "state": "Libertador General Bernardo O'Higgins", "total_area_ha": 545.96, "total_area_acres": 1349.0, "skiable_terrain_ha": 226.64, "skiable_terrain_acres": 560.0, "total_lifts": 5, "longest_lift_mi": 0.78, "downhill_trails": 25, "longest_trail_mi": 0.0, "avg_trail_mi": 0.0, "trails_novice": 3, "trails_easy": 6, "trails_intermediate": 6, "trails_advanced": 5, "trails_expert": 1, "trails_freeride": 2, "trails_extreme": 0, "gladed_terrain": "No", "snow_park": "No", "sledding_tubing": "No", "lift_types": "chair lift: 1, j-bar: 2, t-bar: 2", "resort_type": "downhill ski resort", "region": "south-america" }, "geometry": { "type": "Point", "coordinates": [ -70.410172, -34.047232 ] } },
{ "type": "Feature", "properties": { "winter_sports_id": 934289257, "winter_sports_type": "way", "name": "Los Puquios", "country": "Argentina", "state": "Mendoza", "total_area_ha": 22.65, "total_area_acres": 56.0, "skiable_terrain_ha": 17.98, "skiable_terrain_acres": 44.0, "total_lifts": 6, "longest_lift_mi": 0.29, "downhill_trails": 16, "longest_trail_mi": 0.0, "avg_trail_mi": 0.0, "trails_novice": 4, "trails_easy": 3, "trails_intermediate": 4, "trails_advanced": 5, "trails_expert": 0, "trails_freeride": 0, "trails_extreme": 0, "gladed_terrain": "No", "snow_park": "No", "sledding_tubing": "No", "lift_types": "drag lift: 6", "resort_type": "downhill ski resort", "region": "south-america" }, "geometry": { "type": "Point", "coordinates": [ -69.890601, -32.823015 ] } },
{ "type": "Feature", "properties": { "winter_sports_id": 934291345, "winter_sports_type": "way", "name": "Los Penitentes", "country": "Argentina", "state": "Mendoza", "total_area_ha": 222.27, "total_area_acres": 549.0, "skiable_terrain_ha": 59.66, "skiable_terrain_acres": 147.0, "total_lifts": 5, "longest_lift_mi": 0.66, "downhill_trails": 14, "longest_trail_mi": 0.0, "avg_trail_mi": 0.0, "trails_novice": 1, "trails_easy": 6, "trails_intermediate": 6, "trails_advanced": 1, "trails_expert": 0, "trails_freeride": 0, "trails_extreme": 0, "gladed_terrain": "No", "snow_park": "No", "sledding_tubing": "No", "lift_types": "chair lift: 2, drag lift: 1, rope tow: 1, t-bar: 1", "resort_type": "downhill ski resort", "region": "south-america" }, "geometry": { "type": "Point", "coordinates": [ -69.834365, -32.831155 ] } },
{ "type": "Feature", "properties": { "winter_sports_id": 1148720305, "winter_sports_type": "way", "name": "Centro Cultural e Esportivo de Ibiúna - Kaikan de Ibiúna", "country": "Brazil", "state": "São Paulo", "total_area_ha": 11.56, "total_area_acres": 29.0, "skiable_terrain_ha": 0.0, "skiable_terrain_acres": 0.0, "total_lifts": 0, "longest_lift_mi": 0.0, "downhill_trails": 0, "longest_trail_mi": 0.0, "avg_trail_mi": 0.0, "trails_novice": 0, "trails_easy": 0, "trails_intermediate": 0, "trails_advanced": 0, "trails_expert": 0, "trails_freeride": 0, "trails_extreme": 0, "gladed_terrain": "No", "snow_park": "No", "sledding_tubing": "No", "lift_types": null, "resort_type": "not a downhill ski resort", "region": "south-america" }, "geometry": { "type": "Point", "coordinates": [ -47.221113, -23.662297 ] } },
{ "type": "Feature", "properties": { "winter_sports_id": 1314737125, "winter_sports_type": "way", "name": "Ski Mountain Park", "country": "Brazil", "state": "São Paulo", "total_area_ha": 12.89, "total_area_acres": 32.0, "skiable_terrain_ha": 0.26, "skiable_terrain_acres": 1.0, "total_lifts": 1, "longest_lift_mi": 0.22, "downhill_trails": 1, "longest_trail_mi": 0.0, "avg_trail_mi": 0.0, "trails_novice": 1, "trails_easy": 0, "trails_intermediate": 0, "trails_advanced": 0, "trails_expert": 0, "trails_freeride": 0, "trails_extreme": 0, "gladed_terrain": "No", "snow_park": "No", "sledding_tubing": "No", "lift_types": "chair lift: 1", "resort_type": "downhill ski resort", "region": "south-america" }, "geometry": { "type": "Point", "coordinates": [ -47.117425, -23.505403 ] } },
{ "type": "Feature", "properties": { "winter_sports_id": 1362374789, "winter_sports_type": "way", "name": "Caviahue", "country": "Argentina", "state": "Neuquén", "total_area_ha": 280.41, "total_area_acres": 693.0, "skiable_terrain_ha": 79.07, "skiable_terrain_acres": 195.0, "total_lifts": 11, "longest_lift_mi": 1.05, "downhill_trails": 15, "longest_trail_mi": 0.0, "avg_trail_mi": 0.0, "trails_novice": 0, "trails_easy": 0, "trails_intermediate": 6, "trails_advanced": 1, "trails_expert": 0, "trails_freeride": 0, "trails_extreme": 0, "gladed_terrain": "No", "snow_park": "No", "sledding_tubing": "No", "lift_types": "chair lift: 4, drag lift: 5, magic carpet: 1, t-bar: 1", "resort_type": "downhill ski resort", "region": "south-america" }, "geometry": { "type": "Point", "coordinates": [ -71.094563, -37.854783 ] } },
{ "type": "Feature", "properties": { "winter_sports_id": 1388302700, "winter_sports_type": "way", "name": "Estación Esquí Antillanca", "country": "Chile", "state": "Los Lagos", "total_area_ha": 334.5, "total_area_acres": 827.0, "skiable_terrain_ha": 180.7, "skiable_terrain_acres": 447.0, "total_lifts": 5, "longest_lift_mi": 0.89, "downhill_trails": 21, "longest_trail_mi": 0.09, "avg_trail_mi": 0.09, "trails_novice": 3, "trails_easy": 5, "trails_intermediate": 7, "trails_advanced": 3, "trails_expert": 1, "trails_freeride": 0, "trails_extreme": 0, "gladed_terrain": "No", "snow_park": "No", "sledding_tubing": "No", "lift_types": "chair lift: 1, t-bar: 4", "resort_type": "downhill ski resort", "region": "south-america" }, "geometry": { "type": "Point", "coordinates": [ -72.198763, -40.767254 ] } },
{ "type": "Feature", "properties": { "winter_sports_id": 1412281678, "winter_sports_type": "way", "name": "Corralco", "country": "Chile", "state": "La Araucanía", "total_area_ha": 874.74, "total_area_acres": 2162.0, "skiable_terrain_ha": 141.83, "skiable_terrain_acres": 350.0, "total_lifts": 8, "longest_lift_mi": 0.92, "downhill_trails": 28, "longest_trail_mi": 0.59, "avg_trail_mi": 0.26, "trails_novice": 6, "trails_easy": 9, "trails_intermediate": 5, "trails_advanced": 6, "trails_expert": 0, "trails_freeride": 0, "trails_extreme": 0, "gladed_terrain": "No", "snow_park": "No", "sledding_tubing": "No", "lift_types": "chair lift: 3, platter: 3, rope tow: 1, t-bar: 1", "resort_type": "downhill ski resort", "region": "south-america" }, "geometry": { "type": "Point", "coordinates": [ -71.564174, -38.397722 ] } }
]
}
